datetime,frequency_khz,frequency_mhz,observer,location,receiver,antenna,estimated_height_km,height_range,electron_density,wavelength_m
2025-01-01 00:00:00,44.25,0.04425,Observer,Receiving Location,Receiver,Receiving antenna,,Frequência muito baixa para meteor scatter,2.4281408574362226e-05,6774.970802259887
2025-01-01 00:00:00,3.0,0.003,Observer,Receiving Location,Receiver,Receiving antenna,,Frequência muito baixa para meteor scatter,1.116065892530295e-07,99930.81933333333
2025-01-01 00:00:00,5.0,0.005,Observer,Receiving Location,Receiver,Receiving antenna,,Frequência muito baixa para meteor scatter,3.1001830348063747e-07,59958.4916
2025-01-01 00:00:00,9.0,0.009,Observer,Receiving Location,Receiver,Receiving antenna,,Frequência muito baixa para meteor scatter,1.0044593032772654e-06,33310.27311111111
2025-01-01 00:20:00,44.25,0.04425,Observer,Receiving Location,Receiver,Receiving antenna,,Frequência muito baixa para meteor scatter,2.4281408574362226e-05,6774.970802259887
2025-01-01 00:20:00,23.0,0.023,Observer,Receiving Location,Receiver,Receiving antenna,,Frequência muito baixa para meteor scatter,6.5599873016502895e-06,13034.454695652174
2025-01-01 00:20:00,27.0,0.027,Observer,Receiving Location,Receiver,Receiving antenna,,Frequência muito baixa para meteor scatter,9.04013372949539e-06,11103.42437037037
2025-01-01 00:20:00,29.0,0.029,Observer,Receiving Location,Receiver,Receiving antenna,,Frequência muito baixa para meteor scatter,1.0429015729088646e-05,10337.670965517242
2025-01-01 00:30:00,33.0,0.033,Observer,Receiving Location,Receiver,Receiving antenna,,Frequência muito baixa para meteor scatter,1.350439729961657e-05,9084.619939393939
2025-01-01 00:30:00,39.0,0.039,Observer,Receiving Location,Receiver,Receiving antenna,,Frequência muito baixa para meteor scatter,1.886151358376198e-05,7686.986102564102
2025-01-01 00:40:00,44.25,0.04425,Observer,Receiving Location,Receiver,Receiving antenna,,Frequência muito baixa para meteor scatter,2.4281408574362226e-05,6774.970802259887
2025-01-01 00:40:00,43.0,0.043,Observer,Receiving Location,Receiver,Receiving antenna,,Frequência muito baixa para meteor scatter,2.2928953725427942e-05,6971.917627906977
2025-01-01 00:40:00,49.0,0.049,Observer,Receiving Location,Receiver,Receiving antenna,,Frequência muito baixa para meteor scatter,2.977415786628042e-05,6118.213428571428
2025-01-01 00:50:00,44.25,0.04425,Observer,Receiving Location,Receiver,Receiving antenna,,Frequência muito baixa para meteor scatter,2.4281408574362226e-05,6774.970802259887
2025-01-01 00:50:00,53.0,0.053,Observer,Receiving Location,Receiver,Receiving antenna,,Frequência muito baixa para meteor scatter,3.4833656579084426e-05,5656.461471698113
2025-01-01 00:50:00,57.0,0.057,Observer,Receiving Location,Receiver,Receiving antenna,,Frequência muito baixa para meteor scatter,4.028997872034365e-05,5259.516807017544
2025-01-01 00:50:00,59.0,0.059,Observer,Receiving Location,Receiver,Receiving antenna,,Frequência muito baixa para meteor scatter,4.3166948576643964e-05,5081.2281016949155
2025-01-01 00:10:00,44.25,0.04425,Observer,Receiving Location,Receiver,Receiving antenna,,Frequência muito baixa para meteor scatter,2.4281408574362226e-05,6774.970802259887
2025-01-01 01:00:00,44.25,0.04425,Observer,Receiving Location,Receiver,Receiving antenna,,Frequência muito baixa para meteor scatter,2.4281408574362226e-05,6774.970802259887
2025-01-01 01:00:00,103.0,0.103,Observer,Receiving Location,Receiver,Receiving antenna,,Frequência muito baixa para meteor scatter,0.0001315593672650433,2910.6063883495144
2025-01-01 01:00:00,109.0,0.109,Observer,Receiving Location,Receiver,Receiving antenna,,Frequência muito baixa para meteor scatter,0.00014733309854613814,2750.38952293578
2025-01-01 01:20:00,44.25,0.04425,Observer,Receiving Location,Receiver,Receiving antenna,,Frequência muito baixa para meteor scatter,2.4281408574362226e-05,6774.970802259887
2025-01-01 01:20:00,123.0,0.123,Observer,Receiving Location,Receiver,Receiving antenna,,Frequência muito baixa para meteor scatter,0.00018761067653434257,2437.337056910569
2025-01-01 01:20:00,129.0,0.129,Observer,Receiving Location,Receiver,Receiving antenna,,Frequência muito baixa para meteor scatter,0.0002063605835288515,2323.972542635659
2025-01-01 01:20:00,0.6,0.0006,Observer,Receiving Location,Receiver,Receiving antenna,,Frequência muito baixa para meteor scatter,4.464263570121179e-09,499654.0966666667
2025-01-01 01:30:00,44.25,0.04425,Observer,Receiving Location,Receiver,Receiving antenna,,Frequência muito baixa para meteor scatter,2.4281408574362226e-05,6774.970802259887
2025-01-01 01:30:00,131.0,0.131,Observer,Receiving Location,Receiver,Receiving antenna,,Frequência muito baixa para meteor scatter,0.00021280896424124882,2288.4920458015267
2025-01-01 01:30:00,133.0,0.133,Observer,Receiving Location,Receiver,Receiving antenna,,Frequência muito baixa para meteor scatter,0.00021935655081075988,2254.0786315789474
2025-01-01 01:30:00,139.0,0.139,Observer,Receiving Location,Receiver,Receiving antenna,,Frequência muito baixa para meteor scatter,0.0002395945456619759,2156.780273381295
2025-01-01 01:40:00,143.0,0.143,Observer,Receiving Location,Receiver,Receiving antenna,,Frequência muito baixa para meteor scatter,0.00025358257151502213,2096.4507552447553
2025-01-01 01:40:00,149.0,0.149,Observer,Receiving Location,Receiver,Receiving antenna,,Frequência muito baixa para meteor scatter,0.0002753086542229453,2012.0299194630873
2025-01-01 01:50:00,153.0,0.153,Observer,Receiving Location,Receiver,Receiving antenna,,Frequência muito baixa para meteor scatter,0.00029028873864712966,1959.4278300653596
2025-01-01 01:50:00,159.0,0.159,Observer,Receiving Location,Receiver,Receiving antenna,,Frequência muito baixa para meteor scatter,0.00031350290921175987,1885.4871572327045
2025-01-01 02:00:00,44.25,0.04425,Observer,Receiving Location,Receiver,Receiving antenna,,Frequência muito baixa para meteor scatter,2.4281408574362226e-05,6774.970802259887
2025-01-01 02:00:00,203.0,0.203,Observer,Receiving Location,Receiver,Receiving antenna,,Frequência muito baixa para meteor scatter,0.0005110217707253436,1476.8101379310344
2025-01-01 02:00:00,209.0,0.209,Observer,Receiving Location,Receiver,Receiving antenna,,Frequência muito baixa para meteor scatter,0.000541676380573509,1434.4136746411484
2025-01-01 02:10:00,44.25,0.04425,Observer,Receiving Location,Receiver,Receiving antenna,,Frequência muito baixa para meteor scatter,2.4281408574362226e-05,6774.970802259887
2025-01-01 02:20:00,222.0,0.222,Observer,Receiving Location,Receiver,Receiving antenna,,Frequência muito baixa para meteor scatter,0.0006111576827495895,1350.4164774774774
2025-01-01 02:20:00,223.0,0.223,Observer,Receiving Location,Receiver,Receiving antenna,,Frequência muito baixa para meteor scatter,0.0006166760085515448,1344.360798206278
2025-01-01 02:20:00,229.0,0.229,Observer,Receiving Location,Receiver,Receiving antenna,,Frequência muito baixa para meteor scatter,0.0006503067941131245,1309.1373711790393
2025-01-01 02:30:00,233.0,0.233,Observer,Receiving Location,Receiver,Receiving antenna,,Frequência muito baixa para meteor scatter,0.0006732233471064131,1286.6629098712447
2025-01-01 02:30:00,235.0,0.235,Observer,Receiving Location,Receiver,Receiving antenna,,Frequência muito baixa para meteor scatter,0.000684830432388728,1275.7125872340425
2025-01-01 02:30:00,239.0,0.239,Observer,Receiving Location,Receiver,Receiving antenna,,Frequência muito baixa para meteor scatter,0.0007083422205246997,1254.361748953975
2025-01-01 02:40:00,44.25,0.04425,Observer,Receiving Location,Receiver,Receiving antenna,,Frequência muito baixa para meteor scatter,2.4281408574362226e-05,6774.970802259887
2025-01-01 02:40:00,242.0,0.242,Observer,Receiving Location,Receiver,Receiving antenna,,Frequência muito baixa para meteor scatter,0.0007262364770016021,1238.8118099173553
2025-01-01 02:40:00,243.0,0.243,Observer,Receiving Location,Receiver,Receiving antenna,,Frequência muito baixa para meteor scatter,0.0007322508320891264,1233.713818930041
2025-01-01 02:40:00,245.0,0.245,Observer,Receiving Location,Receiver,Receiving antenna,,Frequência muito baixa para meteor scatter,0.0007443539466570105,1223.6426857142858
2025-01-01 02:40:00,246.0,0.246,Observer,Receiving Location,Receiver,Receiving antenna,,Frequência muito baixa para meteor scatter,0.0007504427061373703,1218.6685284552846
2025-01-01 02:40:00,249.0,0.249,Observer,Receiving Location,Receiver,Receiving antenna,,Frequência muito baixa para meteor scatter,0.0007688577933641202,1203.9857751004015
2025-01-01 02:50:00,251.0,0.251,Observer,Receiving Location,Receiver,Receiving antenna,,Frequência muito baixa para meteor scatter,0.0007812585255033458,1194.3922629482072
2025-01-01 02:50:00,253.0,0.253,Observer,Receiving Location,Receiver,Receiving antenna,,Frequência muito baixa para meteor scatter,0.0007937584634996849,1184.9504268774704
2025-01-01 02:50:00,255.0,0.255,Observer,Receiving Location,Receiver,Receiving antenna,,Frequência muito baixa para meteor scatter,0.000806357607353138,1175.6566980392156
2025-01-01 02:50:00,257.0,0.257,Observer,Receiving Location,Receiver,Receiving antenna,,Frequência muito baixa para meteor scatter,0.000819055957063705,1166.5076186770427
2025-01-01 02:50:00,259.0,0.259,Observer,Receiving Location,Receiver,Receiving antenna,,Frequência muito baixa para meteor scatter,0.0008318535126313858,1157.4998378378377
2025-01-01 03:00:00,44.25,0.04425,Observer,Receiving Location,Receiver,Receiving antenna,,Frequência muito baixa para meteor scatter,2.4281408574362226e-05,6774.970802259887
2025-01-01 03:00:00,303.0,0.303,Observer,Receiving Location,Receiver,Receiving antenna,,Frequência muito baixa para meteor scatter,0.0011384988169701536,989.4140528052806
2025-01-01 03:00:00,308.0,0.308,Observer,Receiving Location,Receiver,Receiving antenna,,Frequência muito baixa para meteor scatter,0.0011763830536554879,973.3521363636364
2025-01-01 03:00:00,309.0,0.309,Observer,Receiving Location,Receiver,Receiving antenna,,Frequência muito baixa para meteor scatter,0.0011840343053853895,970.2021294498381
2025-01-01 03:10:00,44.25,0.04425,Observer,Receiving Location,Receiver,Receiving antenna,,Frequência muito baixa para meteor scatter,2.4281408574362226e-05,6774.970802259887
2025-01-01 03:20:00,44.25,0.04425,Observer,Receiving Location,Receiver,Receiving antenna,,Frequência muito baixa para meteor scatter,2.4281408574362226e-05,6774.970802259887
2025-01-01 03:20:00,322.0,0.322,Observer,Receiving Location,Receiver,Receiving antenna,,Frequência muito baixa para meteor scatter,0.0012857575111234565,931.0324782608695
2025-01-01 03:20:00,323.0,0.323,Observer,Receiving Location,Receiver,Receiving antenna,,Frequência muito baixa para meteor scatter,0.001293755983353257,928.1500247678018
2025-01-01 03:20:00,329.0,0.329,Observer,Receiving Location,Receiver,Receiving antenna,,Frequência muito baixa para meteor scatter,0.0013422676474819071,911.2232765957447
2025-01-01 03:30:00,335.0,0.335,Observer,Receiving Location,Receiver,Receiving antenna,,Frequência muito baixa para meteor scatter,0.001391672164324582,894.9028597014925
2025-01-01 03:30:00,339.0,0.339,Observer,Receiving Location,Receiver,Receiving antenna,,Frequência muito baixa para meteor scatter,0.0014251045381719336,884.3435339233039
2025-01-01 03:40:00,44.25,0.04425,Observer,Receiving Location,Receiver,Receiving antenna,,Frequência muito baixa para meteor scatter,2.4281408574362226e-05,6774.970802259887
2025-01-01 03:50:00,44.25,0.04425,Observer,Receiving Location,Receiver,Receiving antenna,,Frequência muito baixa para meteor scatter,2.4281408574362226e-05,6774.970802259887
2025-01-01 03:50:00,353.0,0.353,Observer,Receiving Location,Receiver,Receiving antenna,,Frequência muito baixa para meteor scatter,0.0015452428311367498,849.2704192634561
2025-01-01 03:50:00,359.0,0.359,Observer,Receiving Location,Receiver,Receiving antenna,,Frequência muito baixa para meteor scatter,0.001598218758835521,835.0764846796658
2025-01-01 04:00:00,44.25,0.04425,Observer,Receiving Location,Receiver,Receiving antenna,,Frequência muito baixa para meteor scatter,2.4281408574362226e-05,6774.970802259887
2025-01-01 04:00:00,403.0,0.403,Observer,Receiving Location,Receiver,Receiving antenna,,Frequência muito baixa para meteor scatter,0.0020139905059994743,743.9018808933002
2025-01-01 04:00:00,409.0,0.409,Observer,Receiving Location,Receiver,Receiving antenna,,Frequência muito baixa para meteor scatter,0.00207440687298178,732.9888948655257
2025-01-01 04:20:00,44.25,0.04425,Observer,Receiving Location,Receiver,Receiving antenna,,Frequência muito baixa para meteor scatter,2.4281408574362226e-05,6774.970802259887
2025-01-01 04:20:00,422.0,0.422,Observer,Receiving Location,Receiver,Receiving antenna,,Frequência muito baixa para meteor scatter,0.0022083719822818338,710.4086682464455
2025-01-01 04:20:00,423.0,0.423,Observer,Receiving Location,Receiver,Receiving antenna,,Frequência muito baixa para meteor scatter,0.002218850600939479,708.7292151300236
2025-01-01 04:20:00,429.0,0.429,Observer,Receiving Location,Receiver,Receiving antenna,,Frequência muito baixa para meteor scatter,0.0022822431436351994,698.8169184149184
2025-01-01 04:30:00,44.25,0.04425,Observer,Receiving Location,Receiver,Receiving antenna,,Frequência muito baixa para meteor scatter,2.4281408574362226e-05,6774.970802259887
2025-01-01 04:30:00,439.0,0.439,Observer,Receiving Location,Receiver,Receiving antenna,,Frequência muito baixa para meteor scatter,0.002389881498603677,682.8985375854214
2025-01-01 04:40:00,44.25,0.04425,Observer,Receiving Location,Receiver,Receiving antenna,,Frequência muito baixa para meteor scatter,2.4281408574362226e-05,6774.970802259887
2025-01-01 04:40:00,443.0,0.443,Observer,Receiving Location,Receiver,Receiving antenna,,Frequência muito baixa para meteor scatter,0.0024336312815908647,676.7324108352144
2025-01-01 04:40:00,446.0,0.446,Observer,Receiving Location,Receiver,Receiving antenna,,Frequência muito baixa para meteor scatter,0.0024667040342061792,672.180399103139
2025-01-01 04:50:00,44.25,0.04425,Observer,Receiving Location,Receiver,Receiving antenna,,Frequência muito baixa para meteor scatter,2.4281408574362226e-05,6774.970802259887
2025-01-01 04:50:00,459.0,0.459,Observer,Receiving Location,Receiver,Receiving antenna,,Frequência muito baixa para meteor scatter,0.0026125986478241674,653.1426100217865
2025-01-01 05:00:00,44.25,0.04425,Observer,Receiving Location,Receiver,Receiving antenna,,Frequência muito baixa para meteor scatter,2.4281408574362226e-05,6774.970802259887
2025-01-01 05:00:00,503.0,0.503,Observer,Receiving Location,Receiver,Receiving antenna,,Frequência muito baixa para meteor scatter,0.003137496837813304,596.0088628230616
2025-01-01 05:00:00,509.0,0.509,Observer,Receiving Location,Receiver,Receiving antenna,,Frequência muito baixa para meteor scatter,0.003212794083362681,588.9832180746562
2025-01-01 05:10:00,44.25,0.04425,Observer,Receiving Location,Receiver,Receiving antenna,,Frequência muito baixa para meteor scatter,2.4281408574362226e-05,6774.970802259887
2025-01-01 05:20:00,44.25,0.04425,Observer,Receiving Location,Receiver,Receiving antenna,,Frequência muito baixa para meteor scatter,2.4281408574362226e-05,6774.970802259887
2025-01-01 05:20:00,523.0,0.523,Observer,Receiving Location,Receiver,Receiving antenna,,Frequência muito baixa para meteor scatter,0.0033919598613102115,573.2169369024857
2025-01-01 05:20:00,529.0,0.529,Observer,Receiving Location,Receiver,Receiving antenna,,Frequência muito baixa para meteor scatter,0.003470233282573003,566.7154215500946
2025-01-01 05:30:00,44.25,0.04425,Observer,Receiving Location,Receiver,Receiving antenna,,Frequência muito baixa para meteor scatter,2.4281408574362226e-05,6774.970802259887
2025-01-01 05:30:00,539.0,0.539,Observer,Receiving Location,Receiver,Receiving antenna,,Frequência muito baixa para meteor scatter,0.003602673101819931,556.2012207792208
2025-01-01 05:40:00,543.0,0.543,Observer,Receiving Location,Receiver,Receiving antenna,,Frequência muito baixa para meteor scatter,0.0036563434705184994,552.1039742173112
2025-01-01 05:50:00,44.25,0.04425,Observer,Receiving Location,Receiver,Receiving antenna,,Frequência muito baixa para meteor scatter,2.4281408574362226e-05,6774.970802259887
2025-01-01 05:50:00,553.0,0.553,Observer,Receiving Location,Receiver,Receiving antenna,,Frequência muito baixa para meteor scatter,0.003792255494764411,542.1201772151899
2025-01-01 05:50:00,555.0,0.555,Observer,Receiving Location,Receiver,Receiving antenna,,Frequência muito baixa para meteor scatter,0.0038197355171849354,540.166590990991
2025-01-01 05:50:00,557.0,0.557,Observer,Receiving Location,Receiver,Receiving antenna,,Frequência muito baixa para meteor scatter,0.0038473147454625724,538.2270341113106
2025-01-01 05:50:00,559.0,0.559,Observer,Receiving Location,Receiver,Receiving antenna,,Frequência muito baixa para meteor scatter,0.0038749931795973233,536.3013559928444
2025-01-01 06:00:00,44.25,0.04425,Observer,Receiving Location,Receiver,Receiving antenna,,Frequência muito baixa para meteor scatter,2.4281408574362226e-05,6774.970802259887
2025-01-01 06:00:00,603.0,0.603,Observer,Receiving Location,Receiver,Receiving antenna,,Frequência muito baixa para meteor scatter,0.004509017812411644,497.16825538971807
2025-01-01 06:00:00,609.0,0.609,Observer,Receiving Location,Receiver,Receiving antenna,,Frequência muito baixa para meteor scatter,0.0045991959365280916,492.2700459770115
2025-01-01 06:10:00,44.25,0.04425,Observer,Receiving Location,Receiver,Receiving antenna,,Frequência muito baixa para meteor scatter,2.4281408574362226e-05,6774.970802259887
2025-01-01 06:20:00,623.0,0.623,Observer,Receiving Location,Receiver,Receiving antenna,,Frequência muito baixa para meteor scatter,0.004813083764465453,481.207797752809
2025-01-01 06:20:00,627.0,0.627,Observer,Receiving Location,Receiver,Receiving antenna,,Frequência muito baixa para meteor scatter,0.004875087425161582,478.13789154704943
2025-01-01 06:20:00,629.0,0.629,Observer,Receiving Location,Receiver,Receiving antenna,,Frequência muito baixa para meteor scatter,0.004906238064295315,476.6175802861685
2025-01-01 06:30:00,44.25,0.04425,Observer,Receiving Location,Receiver,Receiving antenna,,Frequência muito baixa para meteor scatter,2.4281408574362226e-05,6774.970802259887
2025-01-01 06:30:00,633.0,0.633,Observer,Receiving Location,Receiver,Receiving antenna,,Frequência muito baixa para meteor scatter,0.004968836960134127,473.6057788309637
2025-01-01 06:30:00,635.0,0.635,Observer,Receiving Location,Receiver,Receiving antenna,,Frequência muito baixa para meteor scatter,0.005000285216839201,472.1141070866142
2025-01-01 06:30:00,639.0,0.639,Observer,Receiving Location,Receiver,Receiving antenna,,Frequência muito baixa para meteor scatter,0.005063479347820696,469.15877621283255
2025-01-01 06:40:00,44.25,0.04425,Observer,Receiving Location,Receiver,Receiving antenna,,Frequência muito baixa para meteor scatter,2.4281408574362226e-05,6774.970802259887
2025-01-01 06:40:00,643.0,0.643,Observer,Receiving Location,Receiver,Receiving antenna,,Frequência muito baixa para meteor scatter,0.005127070302230643,466.24021461897354
2025-01-01 06:40:00,649.0,0.649,Observer,Receiving Location,Receiver,Receiving antenna,,Frequência muito baixa para meteor scatter,0.005223200777773919,461.9298274268105
2025-01-01 06:50:00,44.25,0.04425,Observer,Receiving Location,Receiver,Receiving antenna,,Frequência muito baixa para meteor scatter,2.4281408574362226e-05,6774.970802259887
2025-01-01 06:50:00,653.0,0.653,Observer,Receiving Location,Receiver,Receiving antenna,,Frequência muito baixa para meteor scatter,0.0052877837907550065,459.1002419601838
2025-01-01 06:50:00,657.0,0.657,Observer,Receiving Location,Receiver,Receiving antenna,,Frequência muito baixa para meteor scatter,0.005352763627164548,456.3051111111111
2025-01-01 06:50:00,659.0,0.659,Observer,Receiving Location,Receiver,Receiving antenna,,Frequência muito baixa para meteor scatter,0.00538540235415499,454.92027010622155
2025-01-01 07:00:00,703.0,0.703,Observer,Receiving Location,Receiver,Receiving antenna,,Frequência muito baixa para meteor scatter,0.0061285534297944935,426.44730867709814
2025-01-01 07:00:00,709.0,0.709,Observer,Receiving Location,Receiver,Receiving antenna,,Frequência muito baixa para meteor scatter,0.006233612432478011,422.8384456981664
2025-01-01 07:20:00,723.0,0.723,Observer,Receiving Location,Receiver,Receiving antenna,,Frequência muito baixa para meteor scatter,0.006482222310405205,414.65070262793915
2025-01-01 07:20:00,729.0,0.729,Observer,Receiving Location,Receiver,Receiving antenna,,Frequência muito baixa para meteor scatter,0.006590257488802137,411.23793964334703
2025-01-01 07:30:00,733.0,0.733,Observer,Receiving Location,Receiver,Receiving antenna,,Frequência muito baixa para meteor scatter,0.006662776970352329,408.9938035470669
2025-01-01 07:30:00,736.0,0.736,Observer,Receiving Location,Receiver,Receiving antenna,,Frequência muito baixa para meteor scatter,0.0067174269968898965,407.3267092391304
2025-01-01 07:30:00,738.0,0.738,Observer,Receiving Location,Receiver,Receiving antenna,,Frequência muito baixa para meteor scatter,0.006753984355236331,406.2228428184282
2025-01-01 07:30:00,739.0,0.739,Observer,Receiving Location,Receiver,Receiving antenna,,Frequência muito baixa para meteor scatter,0.0067723002366059685,405.673150202977
2025-01-01 07:40:00,742.0,0.742,Observer,Receiving Location,Receiver,Receiving antenna,,Frequência muito baixa para meteor scatter,0.006827396689500548,404.03296226415097
2025-01-01 07:40:00,743.0,0.743,Observer,Receiving Location,Receiver,Receiving antenna,,Frequência muito baixa para meteor scatter,0.0068458117767272965,403.48917631224765
2025-01-01 07:40:00,744.0,0.744,Observer,Receiving Location,Receiver,Receiving antenna,,Frequência muito baixa para meteor scatter,0.006864251665418326,402.9468521505376
2025-01-01 07:40:00,745.0,0.745,Observer,Receiving Location,Receiver,Receiving antenna,,Frequência muito baixa para meteor scatter,0.006882716355573633,402.4059838926174
2025-01-01 07:40:00,746.0,0.746,Observer,Receiving Location,Receiver,Receiving antenna,,Frequência muito baixa para meteor scatter,0.006901205847193217,401.8665656836461
2025-01-01 07:40:00,748.0,0.748,Observer,Receiving Location,Receiver,Receiving antenna,,Frequência muito baixa para meteor scatter,0.006938259234825224,400.7920561497326
2025-01-01 07:40:00,749.0,0.749,Observer,Receiving Location,Receiver,Receiving antenna,,Frequência muito baixa para meteor scatter,0.006956823130837644,400.256953271028
2025-01-01 07:50:00,44.25,0.04425,Observer,Receiving Location,Receiver,Receiving antenna,,Frequência muito baixa para meteor scatter,2.4281408574362226e-05,6774.970802259887
2025-01-01 07:50:00,752.0,0.752,Observer,Receiving Location,Receiver,Receiving antenna,,Frequência muito baixa para meteor scatter,0.007012663627660576,398.6601835106383
2025-01-01 07:50:00,753.0,0.753,Observer,Receiving Location,Receiver,Receiving antenna,,Frequência muito baixa para meteor scatter,0.007031326729530112,398.13075431606904
2025-01-01 07:50:00,754.0,0.754,Observer,Receiving Location,Receiver,Receiving antenna,,Frequência muito baixa para meteor scatter,0.007050014632863924,397.6027294429708
2025-01-01 07:50:00,755.0,0.755,Observer,Receiving Location,Receiver,Receiving antenna,,Frequência muito baixa para meteor scatter,0.007068727337662014,397.0761033112583
2025-01-01 07:50:00,756.0,0.756,Observer,Receiving Location,Receiver,Receiving antenna,,Frequência muito baixa para meteor scatter,0.007087464843924385,396.5508703703704
2025-01-01 07:50:00,758.0,0.758,Observer,Receiving Location,Receiver,Receiving antenna,,Frequência muito baixa para meteor scatter,0.007125014260841959,395.504562005277
2025-01-01 08:00:00,44.25,0.04425,Observer,Receiving Location,Receiver,Receiving antenna,,Frequência muito baixa para meteor scatter,2.4281408574362226e-05,6774.970802259887
2025-01-01 08:00:00,802.0,0.802,Observer,Receiving Location,Receiver,Receiving antenna,,Frequência muito baixa para meteor scatter,0.0079762005148784,373.8060573566085
2025-01-01 08:00:00,805.0,0.805,Observer,Receiving Location,Receiver,Receiving antenna,,Frequência muito baixa para meteor scatter,0.008035984444521605,372.4129913043478
2025-01-01 08:00:00,806.0,0.806,Observer,Receiving Location,Receiver,Receiving antenna,,Frequência muito baixa para meteor scatter,0.008055962023997897,371.9509404466501
2025-01-01 08:00:00,808.0,0.808,Observer,Receiving Location,Receiver,Receiving antenna,,Frequência muito baixa para meteor scatter,0.008095991587343317,371.0302698019802
2025-01-01 08:00:00,809.0,0.809,Observer,Receiving Location,Receiver,Receiving antenna,,Frequência muito baixa para meteor scatter,0.008116043571212444,370.5716415327565
2025-01-01 08:10:00,44.25,0.04425,Observer,Receiving Location,Receiver,Receiving antenna,,Frequência muito baixa para meteor scatter,2.4281408574362226e-05,6774.970802259887
2025-01-01 08:10:00,813.0,0.813,Observer,Receiving Location,Receiver,Receiving antenna,,Frequência muito baixa para meteor scatter,0.008196499521331738,368.74841082410825
2025-01-01 08:10:00,819.0,0.819,Observer,Receiving Location,Receiver,Receiving antenna,,Frequência muito baixa para meteor scatter,0.008317927490439034,366.04695726495726
2025-01-01 08:20:00,44.25,0.04425,Observer,Receiving Location,Receiver,Receiving antenna,,Frequência muito baixa para meteor scatter,2.4281408574362226e-05,6774.970802259887
2025-01-01 08:20:00,822.0,0.822,Observer,Receiving Location,Receiver,Receiving antenna,,Frequência muito baixa para meteor scatter,0.008378976294760442,364.7110194647202
2025-01-01 08:20:00,823.0,0.823,Observer,Receiving Location,Receiver,Receiving antenna,,Frequência muito baixa para meteor scatter,0.008399375499129466,364.2678712029162
2025-01-01 08:20:00,825.0,0.825,Observer,Receiving Location,Receiver,Receiving antenna,,Frequência muito baixa para meteor scatter,0.008440248312260354,363.3847975757576
2025-01-01 08:20:00,826.0,0.826,Observer,Receiving Location,Receiver,Receiving antenna,,Frequência muito baixa para meteor scatter,0.008460721921022214,362.9448644067797
2025-01-01 08:20:00,827.0,0.827,Observer,Receiving Location,Receiver,Receiving antenna,,Frequência muito baixa para meteor scatter,0.008481220331248356,362.50599516324064
2025-01-01 08:20:00,829.0,0.829,Observer,Receiving Location,Receiver,Receiving antenna,,Frequência muito baixa para meteor scatter,0.00852229155609347,361.63143305186975
2025-01-01 08:30:00,44.25,0.04425,Observer,Receiving Location,Receiver,Receiving antenna,,Frequência muito baixa para meteor scatter,2.4281408574362226e-05,6774.970802259887
2025-01-01 08:30:00,831.0,0.831,Observer,Receiving Location,Receiver,Receiving antenna,,Frequência muito baixa para meteor scatter,0.008563461986795699,360.76108062575213
2025-01-01 08:30:00,833.0,0.833,Observer,Receiving Location,Receiver,Receiving antenna,,Frequência muito baixa para meteor scatter,0.008604731623355042,359.8949075630252
2025-01-01 08:30:00,835.0,0.835,Observer,Receiving Location,Receiver,Receiving antenna,,Frequência muito baixa para meteor scatter,0.008646100465771496,359.0328838323353
2025-01-01 08:30:00,837.0,0.837,Observer,Receiving Location,Receiver,Receiving antenna,,Frequência muito baixa para meteor scatter,0.008687568514045067,358.1749796893668
2025-01-01 08:30:00,839.0,0.839,Observer,Receiving Location,Receiver,Receiving antenna,,Frequência muito baixa para meteor scatter,0.008729135768175753,357.32116567342075
2025-01-01 08:40:00,44.25,0.04425,Observer,Receiving Location,Receiver,Receiving antenna,,Frequência muito baixa para meteor scatter,2.4281408574362226e-05,6774.970802259887
2025-01-01 08:40:00,842.0,0.842,Observer,Receiving Location,Receiver,Receiving antenna,,Frequência muito baixa para meteor scatter,0.008791672660353866,356.04804988123516
2025-01-01 08:40:00,843.0,0.843,Observer,Receiving Location,Receiver,Receiving antenna,,Frequência muito baixa para meteor scatter,0.00881256789400846,355.6256915776987
2025-01-01 08:40:00,845.0,0.845,Observer,Receiving Location,Receiver,Receiving antenna,,Frequência muito baixa para meteor scatter,0.008854432765710487,354.783973964497
2025-01-01 08:40:00,847.0,0.847,Observer,Receiving Location,Receiver,Receiving antenna,,Frequência muito baixa para meteor scatter,0.008896396843269627,353.94623140495867
2025-01-01 08:40:00,849.0,0.849,Observer,Receiving Location,Receiver,Receiving antenna,,Frequência muito baixa para meteor scatter,0.008938460126685878,353.11243580683157
2025-01-01 08:50:00,44.25,0.04425,Observer,Receiving Location,Receiver,Receiving antenna,,Frequência muito baixa para meteor scatter,2.4281408574362226e-05,6774.970802259887
2025-01-01 08:50:00,853.0,0.853,Observer,Receiving Location,Receiver,Receiving antenna,,Frequência muito baixa para meteor scatter,0.009022884311089727,351.45657444314185
2025-01-01 08:50:00,855.0,0.855,Observer,Receiving Location,Receiver,Receiving antenna,,Frequência muito baixa para meteor scatter,0.009065245212077319,350.63445380116957
2025-01-01 08:50:00,857.0,0.857,Observer,Receiving Location,Receiver,Receiving antenna,,Frequência muito baixa para meteor scatter,0.009107705318922028,349.81617036172696
2025-01-01 08:50:00,858.0,0.858,Observer,Receiving Location,Receiver,Receiving antenna,,Frequência muito baixa para meteor scatter,0.009128972574540798,349.4084592074592
2025-01-01 08:50:00,859.0,0.859,Observer,Receiving Location,Receiver,Receiving antenna,,Frequência muito baixa para meteor scatter,0.00915026463162385,349.001697322468
2025-01-01 09:00:00,44.25,0.04425,Observer,Receiving Location,Receiver,Receiving antenna,,Frequência muito baixa para meteor scatter,2.4281408574362226e-05,6774.970802259887
2025-01-01 09:00:00,902.0,0.902,Observer,Receiving Location,Receiver,Receiving antenna,,Frequência muito baixa para meteor scatter,0.010089285271402423,332.3641441241685
2025-01-01 09:00:00,903.0,0.903,Observer,Receiving Location,Receiver,Receiving antenna,,Frequência muito baixa para meteor scatter,0.010111668592913724,331.99607751937987
2025-01-01 09:00:00,905.0,0.905,Observer,Receiving Location,Receiver,Receiving antenna,,Frequência muito baixa para meteor scatter,0.010156509640329166,331.2623845303867
2025-01-01 09:00:00,907.0,0.907,Observer,Receiving Location,Receiver,Receiving antenna,,Frequência muito baixa para meteor scatter,0.01020144989360172,330.53192723263504
2025-01-01 09:00:00,908.0,0.908,Observer,Receiving Location,Receiver,Receiving antenna,,Frequência muito baixa para meteor scatter,0.010223957222434412,330.1679052863436
2025-01-01 09:00:00,909.0,0.909,Observer,Receiving Location,Receiver,Receiving antenna,,Frequência muito baixa para meteor scatter,0.010246489352731385,329.80468426842685
2025-01-01 13:43:00,44.25,0.04425,Observer,Receiving Location,Receiver,Receiving antenna,,Frequência muito baixa para meteor scatter,2.4281408574362226e-05,6774.970802259887
2025-01-01 13:43:00,1347.0,1.347,Observer,Receiving Location,Receiver,Receiving antenna,,Frequência muito baixa para meteor scatter,0.0225,222.56307201187826
2025-01-01 13:43:00,1349.0,1.349,Observer,Receiving Location,Receiver,Receiving antenna,,Frequência muito baixa para meteor scatter,0.0225668647476947,222.23310452186806
2025-01-01 13:43:00,0.9,0.0009,Observer,Receiving Location,Receiver,Receiving antenna,,Frequência muito baixa para meteor scatter,1.0044593032772652e-08,333102.7311111111
2025-01-01 13:50:00,44.25,0.04425,Observer,Receiving Location,Receiver,Receiving antenna,,Frequência muito baixa para meteor scatter,2.4281408574362226e-05,6774.970802259887
2025-01-01 13:50:00,1352.0,1.352,Observer,Receiving Location,Receiver,Receiving antenna,,Frequência muito baixa para meteor scatter,0.022667347880218854,221.73998372781065
2025-01-01 13:50:00,1353.0,1.353,Observer,Receiving Location,Receiver,Receiving antenna,,Frequência muito baixa para meteor scatter,0.02270089186065545,221.576096082779
2025-01-01 13:50:00,1354.0,1.354,Observer,Receiving Location,Receiver,Receiving antenna,,Frequência muito baixa para meteor scatter,0.022734460642556336,221.4124505169867
2025-01-01 13:50:00,1359.0,1.359,Observer,Receiving Location,Receiver,Receiving antenna,,Frequência muito baixa para meteor scatter,0.02290267657402493,220.59783517292126
2025-01-01 14:06:00,44.25,0.04425,Observer,Receiving Location,Receiver,Receiving antenna,,Frequência muito baixa para meteor scatter,2.4281408574362226e-05,6774.970802259887
2025-01-01 14:06:00,1408.0,1.408,Observer,Receiving Location,Receiver,Receiving antenna,,Frequência muito baixa para meteor scatter,0.02458400503965754,212.92077982954547
2025-01-01 14:06:00,409.0,0.409,Observer,Receiving Location,Receiver,Receiving antenna,,Frequência muito baixa para meteor scatter,0.00207440687298178,732.9888948655257
2025-01-01 14:10:00,44.25,0.04425,Observer,Receiving Location,Receiver,Receiving antenna,,Frequência muito baixa para meteor scatter,2.4281408574362226e-05,6774.970802259887
2025-01-01 14:10:00,1412.0,1.412,Observer,Receiving Location,Receiver,Receiving antenna,,Frequência muito baixa para meteor scatter,0.024723885298187996,212.31760481586403
2025-01-01 14:10:00,1413.0,1.413,Observer,Receiving Location,Receiver,Receiving antenna,,Frequência muito baixa para meteor scatter,0.024758917366481312,212.16734465675867
2025-01-01 14:20:00,44.25,0.04425,Observer,Receiving Location,Receiver,Receiving antenna,,Frequência muito baixa para meteor scatter,2.4281408574362226e-05,6774.970802259887
2025-01-01 14:20:00,1422.0,1.422,Observer,Receiving Location,Receiver,Receiving antenna,,Frequência muito baixa para meteor scatter,0.02507532204701365,210.82451336146272
2025-01-01 14:20:00,1423.0,1.423,Observer,Receiving Location,Receiver,Receiving antenna,,Frequência muito baixa para meteor scatter,0.02511060212994975,210.67635839775124
2025-01-01 14:20:00,1474.0,1.474,Observer,Receiving Location,Receiver,Receiving antenna,,Frequência muito baixa para meteor scatter,0.026942773101323897,203.38701356852104
2025-01-01 14:20:00,1425.0,1.425,Observer,Receiving Location,Receiver,Receiving antenna,,Frequência muito baixa para meteor scatter,0.025181236700214774,210.38067228070176
2025-01-01 14:20:00,1427.0,1.427,Observer,Receiving Location,Receiver,Receiving antenna,,Frequência muito baixa para meteor scatter,0.025251970476336923,210.08581499649614
2025-01-01 14:20:00,1428.0,1.428,Observer,Receiving Location,Receiver,Receiving antenna,,Frequência muito baixa para meteor scatter,0.025287374566594408,209.93869607843138
2025-01-01 14:20:00,1429.0,1.429,Observer,Receiving Location,Receiver,Receiving antenna,,Frequência muito baixa para meteor scatter,0.025322803458316178,209.79178306508047
2025-01-01 14:20:00,1430.0,1.43,Observer,Receiving Location,Receiver,Receiving antenna,,Frequência muito baixa para meteor scatter,0.025358257151502216,209.64507552447552
2025-01-01 14:30:00,44.25,0.04425,Observer,Receiving Location,Receiver,Receiving antenna,,Frequência muito baixa para meteor scatter,2.4281408574362226e-05,6774.970802259887
2025-01-01 14:30:00,1432.0,1.432,Observer,Receiving Location,Receiver,Receiving antenna,,Frequência muito baixa para meteor scatter,0.02542923894226715,209.3522751396648
2025-01-01 14:30:00,1433.0,1.433,Observer,Receiving Location,Receiver,Receiving antenna,,Frequência muito baixa para meteor scatter,0.025464767039846032,209.20618143754362
2025-01-01 14:30:00,1435.0,1.435,Observer,Receiving Location,Receiver,Receiving antenna,,Frequência muito baixa para meteor scatter,0.025535897639396628,208.91460487804878
2025-01-01 14:30:00,1437.0,1.437,Observer,Receiving Location,Receiver,Receiving antenna,,Frequência muito baixa para meteor scatter,0.025607127444804343,208.62383994432847
2025-01-01 14:30:00,4382.0,4.382,Observer,Receiving Location,Receiver,Receiving antenna,,Frequência muito baixa para meteor scatter,0.23811791608176544,68.41452715654952
2025-01-01 14:40:00,1442.0,1.442,Observer,Receiving Location,Receiver,Receiving antenna,,Frequência muito baixa para meteor scatter,0.025785635983948483,207.9004563106796
2025-01-01 14:40:00,14447.0,14.447,Observer,Receiving Location,Receiver,Receiving antenna,,Frequência muito baixa para meteor scatter,2.58822884063075,20.75119111234166
2025-01-01 14:40:00,1444.0,1.444,Observer,Receiving Location,Receiver,Receiving antenna,,Frequência muito baixa para meteor scatter,0.0258572130098561,207.6125055401662
2025-01-01 14:40:00,1445.0,1.445,Observer,Receiving Location,Receiver,Receiving antenna,,Frequência muito baixa para meteor scatter,0.025893038725006326,207.46882906574393
2025-01-01 14:40:00,448.0,0.448,Observer,Receiving Location,Receiver,Receiving antenna,,Frequência muito baixa para meteor scatter,0.002488876543271115,669.17959375
2025-01-01 14:40:00,1449.0,1.449,Observer,Receiving Location,Receiver,Receiving antenna,,Frequência muito baixa para meteor scatter,0.02603658960025,206.89610628019324
2025-01-01 14:50:00,44.25,0.04425,Observer,Receiving Location,Receiver,Receiving antenna,,Frequência muito baixa para meteor scatter,2.4281408574362226e-05,6774.970802259887
2025-01-01 14:50:00,1452.0,1.452,Observer,Receiving Location,Receiver,Receiving antenna,,Frequência muito baixa para meteor scatter,0.02614451317205767,206.4686349862259
2025-01-01 14:50:00,1453.0,1.453,Observer,Receiving Location,Receiver,Receiving antenna,,Frequência muito baixa para meteor scatter,0.026180537298922127,206.32653682037164
2025-01-01 14:50:00,1404.0,1.404,Observer,Receiving Location,Receiver,Receiving antenna,,Frequência muito baixa para meteor scatter,0.024444521604555527,213.52739173789175
2025-01-01 14:50:00,1455.0,1.455,Observer,Receiving Location,Receiver,Receiving antenna,,Frequência muito baixa para meteor scatter,0.026252659957043865,206.0429264604811
2025-01-01 14:50:00,1456.0,1.456,Observer,Receiving Location,Receiver,Receiving antenna,,Frequência muito baixa para meteor scatter,0.026288758488301145,205.90141346153845
2025-01-01 14:50:00,1457.0,1.457,Observer,Receiving Location,Receiver,Receiving antenna,,Frequência muito baixa para meteor scatter,0.026324881821022713,205.76009471516815
2025-01-01 14:50:00,1458.0,1.458,Observer,Receiving Location,Receiver,Receiving antenna,,Frequência muito baixa para meteor scatter,0.02636102995520855,205.61896982167352
2025-01-01 14:50:00,1459.0,1.459,Observer,Receiving Location,Receiver,Receiving antenna,,Frequência muito baixa para meteor scatter,0.026397202890858673,205.47803838245375
2025-01-01 15:00:00,44.25,0.04425,Observer,Receiving Location,Receiver,Receiving antenna,,Frequência muito baixa para meteor scatter,2.4281408574362226e-05,6774.970802259887
2025-01-01 15:00:00,1502.0,1.502,Observer,Receiving Location,Receiver,Receiving antenna,,Frequência muito baixa para meteor scatter,0.027976101309021284,199.59551131824233
2025-01-01 15:00:00,503.0,0.503,Observer,Receiving Location,Receiver,Receiving antenna,,Frequência muito baixa para meteor scatter,0.003137496837813304,596.0088628230616
2025-01-01 15:00:00,15042.0,15.042,Observer,Receiving Location,Receiver,Receiving antenna,,Frequência muito baixa para meteor scatter,2.805811528712655,19.930358861853477
2025-01-01 15:00:00,1507.0,1.507,Observer,Receiving Location,Receiver,Receiving antenna,,Frequência muito baixa para meteor scatter,0.028162670324055925,198.93328334439283
2025-01-01 15:00:00,508.0,0.508,Observer,Receiving Location,Receiver,Receiving antenna,,Frequência muito baixa para meteor scatter,0.0032001825387770895,590.1426338582677
2025-01-01 15:00:00,1509.0,1.509,Observer,Receiving Location,Receiver,Receiving antenna,,Frequência muito baixa para meteor scatter,0.02823747154031973,198.66962094102055
2025-01-01 15:00:00,15102.0,15.102,Observer,Receiving Location,Receiver,Receiving antenna,,Frequência muito baixa para meteor scatter,2.828239988888944,19.851175870745596
2025-01-01 15:10:00,44.25,0.04425,Observer,Receiving Location,Receiver,Receiving antenna,,Frequência muito baixa para meteor scatter,2.4281408574362226e-05,6774.970802259887
2025-01-01 15:10:00,1512.0,1.512,Observer,Receiving Location,Receiver,Receiving antenna,,Frequência muito baixa para meteor scatter,0.02834985937569754,198.2754351851852
2025-01-01 15:10:00,1513.0,1.513,Observer,Receiving Location,Receiver,Receiving antenna,,Frequência muito baixa para meteor scatter,0.02838737159041869,198.14438730998017
2025-01-01 15:10:00,1514.0,1.514,Observer,Receiving Location,Receiver,Receiving antenna,,Frequência muito baixa para meteor scatter,0.02842490860660413,198.01351254953764
2025-01-01 15:10:00,1515.0,1.515,Observer,Receiving Location,Receiver,Receiving antenna,,Frequência muito baixa para meteor scatter,0.02846247042425384,197.88281056105612
2025-01-01 15:10:00,1517.0,1.517,Observer,Receiving Location,Receiver,Receiving antenna,,Frequência muito baixa para meteor scatter,0.02853766846394611,197.6219235332894
2025-01-01 15:10:00,1519.0,1.519,Observer,Receiving Location,Receiver,Receiving antenna,,Frequência muito baixa para meteor scatter,0.028612965709495484,197.36172350230416
2025-01-01 15:10:00,520.0,0.52,Observer,Receiving Location,Receiver,Receiving antenna,,Frequência muito baixa para meteor scatter,0.003353157970446575,576.5239576923077
2025-01-01 15:20:00,1522.0,1.522,Observer,Receiving Location,Receiver,Receiving antenna,,Frequência muito baixa para meteor scatter,0.028726097588801635,196.97270565045991
2025-01-01 15:20:00,1523.0,1.523,Observer,Receiving Location,Receiver,Receiving antenna,,Frequência muito baixa para meteor scatter,0.02876385781816558,196.8433736047275
2025-01-01 15:20:00,1525.0,1.525,Observer,Receiving Location,Receiver,Receiving antenna,,Frequência muito baixa para meteor scatter,0.028839452681286296,196.58521836065574
2025-01-01 15:20:00,1526.0,1.526,Observer,Receiving Location,Receiver,Receiving antenna,,Frequência muito baixa para meteor scatter,0.028877287315043076,196.45639449541284
2025-01-01 15:20:00,1527.0,1.527,Observer,Receiving Location,Receiver,Receiving antenna,,Frequência muito baixa para meteor scatter,0.028915146750264124,196.32773935821874
2025-01-01 15:20:00,1528.0,1.528,Observer,Receiving Location,Receiver,Receiving antenna,,Frequência muito baixa para meteor scatter,0.02895303098694947,196.19925261780105
2025-01-01 15:20:00,1529.0,1.529,Observer,Receiving Location,Receiver,Receiving antenna,,Frequência muito baixa para meteor scatter,0.02899094002509908,196.07093394375408
2025-01-01 15:20:00,15302.0,15.302,Observer,Receiving Location,Receiver,Receiving antenna,,Frequência muito baixa para meteor scatter,2.903646360881146,19.591717291857275
2025-01-01 15:30:00,44.25,0.04425,Observer,Receiving Location,Receiver,Receiving antenna,,Frequência muito baixa para meteor scatter,2.4281408574362226e-05,6774.970802259887
2025-01-01 15:30:00,1532.0,1.532,Observer,Receiving Location,Receiver,Receiving antenna,,Frequência muito baixa para meteor scatter,0.029104815948333584,195.68698302872062
2025-01-01 15:30:00,1533.0,1.533,Observer,Receiving Location,Receiver,Receiving antenna,,Frequência muito baixa para meteor scatter,0.029142824192340305,195.55933333333334
2025-01-01 15:30:00,1534.0,1.534,Observer,Receiving Location,Receiver,Receiving antenna,,Frequência muito baixa para meteor scatter,0.029180857237811324,195.43185006518905
2025-01-01 15:30:00,1535.0,1.535,Observer,Receiving Location,Receiver,Receiving antenna,,Frequência muito baixa para meteor scatter,0.0292189150847466,195.3045328990228
2025-01-01 15:30:00,1537.0,1.537,Observer,Receiving Location,Receiver,Receiving antenna,,Frequência muito baixa para meteor scatter,0.029295105183009998,195.050395575797
2025-01-01 15:30:00,1538.0,1.538,Observer,Receiving Location,Receiver,Receiving antenna,,Frequência muito baixa para meteor scatter,0.02933323743433812,194.92357477243172
2025-01-01 15:30:00,1539.0,1.539,Observer,Receiving Location,Receiver,Receiving antenna,,Frequência muito baixa para meteor scatter,0.02937139448713051,194.79691877842754
2025-01-01 15:30:00,15402.0,15.402,Observer,Receiving Location,Receiver,Receiving antenna,,Frequência muito baixa para meteor scatter,2.941721568841424,19.464514868198936
2025-01-01 15:40:00,44.25,0.04425,Observer,Receiving Location,Receiver,Receiving antenna,,Frequência muito baixa para meteor scatter,2.4281408574362226e-05,6774.970802259887
2025-01-01 15:40:00,1541.0,1.541,Observer,Receiving Location,Receiver,Receiving antenna,,Frequência muito baixa para meteor scatter,0.029447782997108145,194.54409993510708
2025-01-01 15:40:00,1542.0,1.542,Observer,Receiving Location,Receiver,Receiving antenna,,Frequência muito baixa para meteor scatter,0.029486014454293382,194.4179364461738
2025-01-01 15:40:00,1543.0,1.543,Observer,Receiving Location,Receiver,Receiving antenna,,Frequência muito baixa para meteor scatter,0.029524270712942884,194.29193648736228
2025-01-01 15:40:00,1544.0,1.544,Observer,Receiving Location,Receiver,Receiving antenna,,Frequência muito baixa para meteor scatter,0.029562551773056677,194.16609974093265
2025-01-01 15:40:00,1545.0,1.545,Observer,Receiving Location,Receiver,Receiving antenna,,Frequência muito baixa para meteor scatter,0.02960085763463475,194.04042588996765
2025-01-01 15:40:00,1546.0,1.546,Observer,Receiving Location,Receiver,Receiving antenna,,Frequência muito baixa para meteor scatter,0.0296391882976771,193.91491461836998
2025-01-01 15:40:00,1547.0,1.547,Observer,Receiving Location,Receiver,Receiving antenna,,Frequência muito baixa para meteor scatter,0.029677543762183716,193.78956561085974
2025-01-01 15:40:00,1548.0,1.548,Observer,Receiving Location,Receiver,Receiving antenna,,Frequência muito baixa para meteor scatter,0.029715924028154622,193.66437855297158
2025-01-01 15:40:00,1549.0,1.549,Observer,Receiving Location,Receiver,Receiving antenna,,Frequência muito baixa para meteor scatter,0.029754329095589796,193.53935313105228
2025-01-01 15:50:00,44.25,0.04425,Observer,Receiving Location,Receiver,Receiving antenna,,Frequência muito baixa para meteor scatter,2.4281408574362226e-05,6774.970802259887
2025-01-01 15:50:00,1552.0,1.552,Observer,Receiving Location,Receiver,Receiving antenna,,Frequência muito baixa para meteor scatter,0.02986969310668102,193.16524355670103
2025-01-01 15:50:00,1553.0,1.553,Observer,Receiving Location,Receiver,Receiving antenna,,Frequência muito baixa para meteor scatter,0.02990819737997331,193.04086155827432
2025-01-01 15:50:00,15592.0,15.592,Observer,Receiving Location,Receiver,Receiving antenna,,Frequência muito baixa para meteor scatter,3.0147477443068236,19.227325423293998
2025-01-01 16:00:00,44.25,0.04425,Observer,Receiving Location,Receiver,Receiving antenna,,Frequência muito baixa para meteor scatter,2.4281408574362226e-05,6774.970802259887
2025-01-01 16:00:00,1602.0,1.602,Observer,Receiving Location,Receiver,Receiving antenna,,Frequência muito baixa para meteor scatter,0.03182528856503688,187.13636579275905
2025-01-01 16:00:00,1603.0,1.603,Observer,Receiving Location,Receiver,Receiving antenna,,Frequência muito baixa para meteor scatter,0.0318650329115431,187.01962445414847
2025-01-01 16:00:00,1604.0,1.604,Observer,Receiving Location,Receiver,Receiving antenna,,Frequência muito baixa para meteor scatter,0.0319048020595136,186.90302867830425
2025-01-01 16:00:00,1609.0,1.609,Observer,Receiving Location,Receiver,Receiving antenna,,Frequência muito baixa para meteor scatter,0.03210401982133025,186.3222237414543
2025-01-01 16:00:00,0.9,0.0009,Observer,Receiving Location,Receiver,Receiving antenna,,Frequência muito baixa para meteor scatter,1.0044593032772652e-08,333102.7311111111
2025-01-01 16:10:00,44.25,0.04425,Observer,Receiving Location,Receiver,Receiving antenna,,Frequência muito baixa para meteor scatter,2.4281408574362226e-05,6774.970802259887
2025-01-01 16:10:00,126.0,0.126,Observer,Receiving Location,Receiver,Receiving antenna,,Frequência muito baixa para meteor scatter,0.00019687402344234403,2379.3052222222223
2025-01-01 16:10:00,1612.0,1.612,Observer,Receiving Location,Receiver,Receiving antenna,,Frequência muito baixa para meteor scatter,0.03222384809599159,185.97547022332506
2025-01-01 16:10:00,1615.0,1.615,Observer,Receiving Location,Receiver,Receiving antenna,,Frequência muito baixa para meteor scatter,0.03234389958383143,185.63000495356036
2025-01-01 16:10:00,1616.0,1.616,Observer,Receiving Location,Receiver,Receiving antenna,,Frequência muito baixa para meteor scatter,0.03238396634937327,185.5151349009901
2025-01-01 16:10:00,1619.0,1.619,Observer,Receiving Location,Receiver,Receiving antenna,,Frequência muito baixa para meteor scatter,0.032504315454784445,185.17137615812229
2025-01-01 16:10:00,0.9,0.0009,Observer,Receiving Location,Receiver,Receiving antenna,,Frequência muito baixa para meteor scatter,1.0044593032772652e-08,333102.7311111111
2025-01-01 16:20:00,44.25,0.04425,Observer,Receiving Location,Receiver,Receiving antenna,,Frequência muito baixa para meteor scatter,2.4281408574362226e-05,6774.970802259887
2025-01-01 16:20:00,119.0,0.119,Observer,Receiving Location,Receiver,Receiving antenna,,Frequência muito baixa para meteor scatter,0.00017560676782357225,2519.2643529411766
2025-01-01 16:20:00,1673.0,1.673,Observer,Receiving Location,Receiver,Receiving antenna,,Frequência muito baixa para meteor scatter,0.03470876880571029,179.19453556485357
2025-01-01 16:20:00,1625.0,1.625,Observer,Receiving Location,Receiver,Receiving antenna,,Frequência muito baixa para meteor scatter,0.03274568330514234,184.48766646153845
2025-01-01 16:20:00,628.0,0.628,Observer,Receiving Location,Receiver,Receiving antenna,,Frequência muito baixa para meteor scatter,0.00489065034399631,477.376525477707
2025-01-01 16:20:00,160.0,0.16,Observer,Receiving Location,Receiver,Receiving antenna,,Frequência muito baixa para meteor scatter,0.00031745874276417277,1873.7028625
2025-01-01 16:20:00,1630.0,1.63,Observer,Receiving Location,Receiver,Receiving antenna,,Frequência muito baixa para meteor scatter,0.03294750522070822,183.92175337423313
2025-01-01 16:30:00,44.25,0.04425,Observer,Receiving Location,Receiver,Receiving antenna,,Frequência muito baixa para meteor scatter,2.4281408574362226e-05,6774.970802259887
2025-01-01 16:30:00,123.0,0.123,Observer,Receiving Location,Receiver,Receiving antenna,,Frequência muito baixa para meteor scatter,0.00018761067653434257,2437.337056910569
2025-01-01 16:30:00,631.0,0.631,Observer,Receiving Location,Receiver,Receiving antenna,,Frequência muito baixa para meteor scatter,0.004937487909286164,475.10690649762284
2025-01-01 16:30:00,633.0,0.633,Observer,Receiving Location,Receiver,Receiving antenna,,Frequência muito baixa para meteor scatter,0.004968836960134127,473.6057788309637
2025-01-01 16:30:00,638.0,0.638,Observer,Receiving Location,Receiver,Receiving antenna,,Frequência muito baixa para meteor scatter,0.005047643612878903,469.89413479623823
2025-01-01 16:30:00,1640.0,1.64,Observer,Receiving Location,Receiver,Receiving antenna,,Frequência muito baixa para meteor scatter,0.033353009161660896,182.80027926829268
2025-01-01 16:40:00,44.25,0.04425,Observer,Receiving Location,Receiver,Receiving antenna,,Frequência muito baixa para meteor scatter,2.4281408574362226e-05,6774.970802259887
2025-01-01 16:40:00,118.0,0.118,Observer,Receiving Location,Receiver,Receiving antenna,,Frequência muito baixa para meteor scatter,0.00017266779430657585,2540.6140508474577
2025-01-01 16:40:00,1642.0,1.642,Observer,Receiving Location,Receiver,Receiving antenna,,Frequência muito baixa para meteor scatter,0.03343440756742278,182.57762362971985
2025-01-01 16:40:00,1643.0,1.643,Observer,Receiving Location,Receiver,Receiving antenna,,Frequência muito baixa para meteor scatter,0.033475143972500135,182.4664990870359
2025-01-01 16:40:00,645.0,0.645,Observer,Receiving Location,Receiver,Receiving antenna,,Frequência muito baixa para meteor scatter,0.0051590145882212885,464.79450852713177
2025-01-01 16:40:00,1646.0,1.646,Observer,Receiving Location,Receiver,Receiving antenna,,Frequência muito baixa para meteor scatter,0.03359750199651786,182.1339356014581
2025-01-01 16:40:00,1647.0,1.647,Observer,Receiving Location,Receiver,Receiving antenna,,Frequência muito baixa para meteor scatter,0.033638337607452336,182.0233503339405
2025-01-01 16:40:00,1648.0,1.648,Observer,Receiving Location,Receiver,Receiving antenna,,Frequência muito baixa para meteor scatter,0.033679198019851087,181.91289927184465
2025-01-01 16:40:00,1649.0,1.649,Observer,Receiving Location,Receiver,Receiving antenna,,Frequência muito baixa para meteor scatter,0.03372008323371412,181.80258217101274
2025-01-01 17:46:00,44.25,0.04425,Observer,Receiving Location,Receiver,Receiving antenna,,Frequência muito baixa para meteor scatter,2.4281408574362226e-05,6774.970802259887
2025-01-01 17:46:00,1747.0,1.747,Observer,Receiving Location,Receiver,Receiving antenna,,Frequência muito baixa para meteor scatter,0.037847146095505484,171.60415455065828
2025-01-01 17:46:00,1748.0,1.748,Observer,Receiving Location,Receiver,Receiving antenna,,Frequência muito baixa para meteor scatter,0.03789048665433207,171.5059828375286
2025-01-01 17:46:00,1749.0,1.749,Observer,Receiving Location,Receiver,Receiving antenna,,Frequência muito baixa para meteor scatter,0.037933852014622946,171.4079233847913
2025-01-01 17:50:00,44.25,0.04425,Observer,Receiving Location,Receiver,Receiving antenna,,Frequência muito baixa para meteor scatter,2.4281408574362226e-05,6774.970802259887
2025-01-01 17:50:00,1752.0,1.752,Observer,Receiving Location,Receiver,Receiving antenna,,Frequência muito baixa para meteor scatter,0.038064096904281225,171.11441666666667
2025-01-01 17:50:00,1753.0,1.753,Observer,Receiving Location,Receiver,Receiving antenna,,Frequência muito baixa para meteor scatter,0.03810756147042921,171.01680433542498
2025-01-01 17:50:00,17542.0,17.542,Observer,Receiving Location,Receiver,Receiving antenna,,Frequência muito baixa para meteor scatter,3.8159751687739645,17.08998164405427
2025-01-01 17:50:00,17552.0,17.552,Observer,Receiving Location,Receiver,Receiving antenna,,Frequência muito baixa para meteor scatter,3.8203270817109036,17.080244872379215
2025-01-01 17:50:00,1757.0,1.757,Observer,Receiving Location,Receiver,Receiving antenna,,Frequência muito baixa para meteor scatter,0.038281667749663933,170.62746613545818
2025-01-01 17:50:00,1758.0,1.758,Observer,Receiving Location,Receiver,Receiving antenna,,Frequência muito baixa para meteor scatter,0.038325256323133314,170.53040841865757
2025-01-01 17:50:00,1759.0,1.759,Observer,Receiving Location,Receiver,Receiving antenna,,Frequência muito baixa para meteor scatter,0.038368869698066965,170.43346105741898
2025-01-01 18:00:00,44.25,0.04425,Observer,Receiving Location,Receiver,Receiving antenna,,Frequência muito baixa para meteor scatter,2.4281408574362226e-05,6774.970802259887
2025-01-01 18:00:00,801.0,0.801,Observer,Receiving Location,Receiver,Receiving antenna,,Frequência muito baixa para meteor scatter,0.00795632214125922,374.2727315855181
2025-01-01 18:00:00,1802.0,1.802,Observer,Receiving Location,Receiver,Receiving antenna,,Frequência muito baixa para meteor scatter,0.040267707005421594,166.3665138734739
2025-01-01 18:00:00,1803.0,1.803,Observer,Receiving Location,Receiver,Receiving antenna,,Frequência muito baixa para meteor scatter,0.040312411644783504,166.27424181919025
2025-01-01 18:00:00,18052.0,18.052,Observer,Receiving Location,Receiver,Receiving antenna,,Frequência muito baixa para meteor scatter,4.041084915253395,16.607160314646578
2025-01-01 18:00:00,1807.0,1.807,Observer,Receiving Location,Receiver,Receiving antenna,,Frequência muito baixa para meteor scatter,0.04049147821687391,165.90617487548423
2025-01-01 18:00:00,1809.0,1.809,Observer,Receiving Location,Receiver,Receiving antenna,,Frequência muito baixa para meteor scatter,0.0405811603117048,165.72275179657268
2025-01-01 18:10:00,44.25,0.04425,Observer,Receiving Location,Receiver,Receiving antenna,,Frequência muito baixa para meteor scatter,2.4281408574362226e-05,6774.970802259887
2025-01-01 18:10:00,1812.0,1.812,Observer,Receiving Location,Receiver,Receiving antenna,,Frequência muito baixa para meteor scatter,0.040715869464933205,165.44837637969096
2025-01-01 18:10:00,1813.0,1.813,Observer,Receiving Location,Receiver,Receiving antenna,,Frequência muito baixa para meteor scatter,0.04076082211893789,165.3571196911197
2025-01-01 18:10:00,1814.0,1.814,Observer,Receiving Location,Receiver,Receiving antenna,,Frequência muito baixa para meteor scatter,0.04080579957440688,165.26596361631752
2025-01-01 18:10:00,1815.0,1.815,Observer,Receiving Location,Receiver,Receiving antenna,,Frequência muito baixa para meteor scatter,0.04085080183134012,165.17490798898072
2025-01-01 18:10:00,1816.0,1.816,Observer,Receiving Location,Receiver,Receiving antenna,,Frequência muito baixa para meteor scatter,0.04089582888973765,165.0839526431718
2025-01-01 18:10:00,1817.0,1.817,Observer,Receiving Location,Receiver,Receiving antenna,,Frequência muito baixa para meteor scatter,0.04094088074959945,164.99309741331865
2025-01-01 18:10:00,1819.0,1.819,Observer,Receiving Location,Receiver,Receiving antenna,,Frequência muito baixa para meteor scatter,0.041031058873715893,164.81168664101153
2025-01-01 18:20:00,44.25,0.04425,Observer,Receiving Location,Receiver,Receiving antenna,,Frequência muito baixa para meteor scatter,2.4281408574362226e-05,6774.970802259887
2025-01-01 18:20:00,1821.0,1.821,Observer,Receiving Location,Receiver,Receiving antenna,,Frequência muito baixa para meteor scatter,0.04112133620368946,164.63067435475014
2025-01-01 18:20:00,1822.0,1.822,Observer,Receiving Location,Receiver,Receiving antenna,,Frequência muito baixa para meteor scatter,0.041166512070872664,164.540317233809
2025-01-01 18:20:00,18235.0,18.235,Observer,Receiving Location,Receiver,Receiving antenna,,Frequência muito baixa para meteor scatter,4.123432237439298,16.440496737044146
2025-01-01 18:20:00,1824.0,1.824,Observer,Receiving Location,Receiver,Receiving antenna,,Frequência muito baixa para meteor scatter,0.041256938209631895,164.35990021929825
2025-01-01 18:20:00,1825.0,1.825,Observer,Receiving Location,Receiver,Receiving antenna,,Frequência muito baixa para meteor scatter,0.04130218848120793,164.26984
2025-01-01 18:20:00,1826.0,1.826,Observer,Receiving Location,Receiver,Receiving antenna,,Frequência muito baixa para meteor scatter,0.041347463554248245,164.17987842278202
2025-01-01 18:20:00,1827.0,1.827,Observer,Receiving Location,Receiver,Receiving antenna,,Frequência muito baixa para meteor scatter,0.04139276342875283,164.0900153256705
2025-01-01 18:20:00,1828.0,1.828,Observer,Receiving Location,Receiver,Receiving antenna,,Frequência muito baixa para meteor scatter,0.0414380881047217,164.00025054704597
2025-01-01 18:20:00,18297.0,18.297,Observer,Receiving Location,Receiver,Receiving antenna,,Frequência muito baixa para meteor scatter,4.1515196973229305,16.384787560802316
2025-01-01 18:30:00,44.25,0.04425,Observer,Receiving Location,Receiver,Receiving antenna,,Frequência muito baixa para meteor scatter,2.4281408574362226e-05,6774.970802259887
2025-01-01 18:30:00,1832.0,1.832,Observer,Receiving Location,Receiver,Receiving antenna,,Frequência muito baixa para meteor scatter,0.041619634823239965,163.6421713973799
2025-01-01 18:30:00,1833.0,1.833,Observer,Receiving Location,Receiver,Receiving antenna,,Frequência muito baixa para meteor scatter,0.04166508350653022,163.5528957992362
2025-01-01 18:30:00,1834.0,1.834,Observer,Receiving Location,Receiver,Receiving antenna,,Frequência muito baixa para meteor scatter,0.041710556991284765,163.4637175572519
2025-01-01 18:30:00,1835.0,1.835,Observer,Receiving Location,Receiver,Receiving antenna,,Frequência muito baixa para meteor scatter,0.041756055277503576,163.3746365122616
2025-01-01 18:30:00,18373.0,18.373,Observer,Receiving Location,Receiver,Receiving antenna,,Frequência muito baixa para meteor scatter,4.186079545736381,16.31701181080934
2025-01-01 18:30:00,1838.0,1.838,Observer,Receiving Location,Receiver,Receiving antenna,,Frequência muito baixa para meteor scatter,0.04189269894494571,163.1079749727965
2025-01-01 18:30:00,1839.0,1.839,Observer,Receiving Location,Receiver,Receiving antenna,,Frequência muito baixa para meteor scatter,0.041938296437021634,163.0192811310495
2025-01-01 18:40:00,44.25,0.04425,Observer,Receiving Location,Receiver,Receiving antenna,,Frequência muito baixa para meteor scatter,2.4281408574362226e-05,6774.970802259887
2025-01-01 18:40:00,1842.0,1.842,Observer,Receiving Location,Receiver,Receiving antenna,,Frequência muito baixa para meteor scatter,0.04207523772203511,162.75377741585234
2025-01-01 18:40:00,1843.0,1.843,Observer,Receiving Location,Receiver,Receiving antenna,,Frequência muito baixa para meteor scatter,0.042120934419968156,162.66546825827456
2025-01-01 18:40:00,1844.0,1.844,Observer,Receiving Location,Receiver,Receiving antenna,,Frequência muito baixa para meteor scatter,0.042166655919365484,162.57725488069414
2025-01-01 18:40:00,1846.0,1.846,Observer,Receiving Location,Receiver,Receiving antenna,,Frequência muito baixa para meteor scatter,0.04225817332255296,162.40111484290358
2025-01-01 18:40:00,1847.0,1.847,Observer,Receiving Location,Receiver,Receiving antenna,,Frequência muito baixa para meteor scatter,0.042303969226343115,162.31318787222523
2025-01-01 18:40:00,1848.0,1.848,Observer,Receiving Location,Receiver,Receiving antenna,,Frequência muito baixa para meteor scatter,0.04234978993159757,162.22535606060606
2025-01-01 18:40:00,1849.0,1.849,Observer,Receiving Location,Receiver,Receiving antenna,,Frequência muito baixa para meteor scatter,0.04239563543831627,162.13761925365063
2025-01-01 18:50:00,44.25,0.04425,Observer,Receiving Location,Receiver,Receiving antenna,,Frequência muito baixa para meteor scatter,2.4281408574362226e-05,6774.970802259887
2025-01-01 18:50:00,1852.0,1.852,Observer,Receiving Location,Receiver,Receiving antenna,,Frequência muito baixa para meteor scatter,0.0425333207672581,161.87497732181424
2025-01-01 18:50:00,1853.0,1.853,Observer,Receiving Location,Receiver,Receiving antenna,,Frequência muito baixa para meteor scatter,0.04257926547983392,161.78761899622233
2025-01-01 18:50:00,1854.0,1.854,Observer,Receiving Location,Receiver,Receiving antenna,,Frequência muito baixa para meteor scatter,0.042625234993874044,161.70035490830637
2025-01-01 18:50:00,1855.0,1.855,Observer,Receiving Location,Receiver,Receiving antenna,,Frequência muito baixa para meteor scatter,0.042671229309378424,161.61318490566038
2025-01-01 18:50:00,1856.0,1.856,Observer,Receiving Location,Receiver,Receiving antenna,,Frequência muito baixa para meteor scatter,0.042717248426347096,161.5261088362069
2025-01-01 18:50:00,1858.0,1.858,Observer,Receiving Location,Receiver,Receiving antenna,,Frequência muito baixa para meteor scatter,0.042809361064677254,161.35223789020452
2025-01-01 18:50:00,1859.0,1.859,Observer,Receiving Location,Receiver,Receiving antenna,,Frequência muito baixa para meteor scatter,0.042855454586038746,161.26544271113502
2025-01-01 19:00:00,44.25,0.04425,Observer,Receiving Location,Receiver,Receiving antenna,,Frequência muito baixa para meteor scatter,2.4281408574362226e-05,6774.970802259887
2025-01-01 19:00:00,1902.0,1.902,Observer,Receiving Location,Receiver,Receiving antenna,,Frequência muito baixa para meteor scatter,0.044860938189790714,157.61958885383805
2025-01-01 19:00:00,1903.0,1.903,Observer,Receiving Location,Receiver,Receiving antenna,,Frequência muito baixa para meteor scatter,0.04490812297558047,157.53676195480818
2025-01-01 19:00:00,1905.0,1.905,Observer,Receiving Location,Receiver,Receiving antenna,,Frequência muito baixa para meteor scatter,0.04500256695155282,157.37136902887138
2025-01-01 19:00:00,1907.0,1.907,Observer,Receiving Location,Receiver,Receiving antenna,,Frequência muito baixa para meteor scatter,0.04509711013338227,157.20632302045098
2025-01-01 19:00:00,1908.0,1.908,Observer,Receiving Location,Receiver,Receiving antenna,,Frequência muito baixa para meteor scatter,0.04514441892649341,157.12392976939202
2025-01-01 19:00:00,1909.0,1.909,Observer,Receiving Location,Receiver,Receiving antenna,,Frequência muito baixa para meteor scatter,0.045191752521068836,157.04162283918282
2025-01-01 19:10:00,44.25,0.04425,Observer,Receiving Location,Receiver,Receiving antenna,,Frequência muito baixa para meteor scatter,2.4281408574362226e-05,6774.970802259887
2025-01-01 19:10:00,1912.0,1.912,Observer,Receiving Location,Receiver,Receiving antenna,,Frequência muito baixa para meteor scatter,0.04533390211358078,156.79521861924687
2025-01-01 19:10:00,1913.0,1.913,Observer,Receiving Location,Receiver,Receiving antenna,,Frequência muito baixa para meteor scatter,0.04538133491401332,156.7132556194459
2025-01-01 19:10:00,19145.0,19.145,Observer,Receiving Location,Receiver,Receiving antenna,,Frequência muito baixa para meteor scatter,4.545253061740764,15.659047166361974
2025-01-01 19:10:00,1915.0,1.915,Observer,Receiving Location,Receiver,Receiving antenna,,Frequência muito baixa para meteor scatter,0.045476274919271226,156.5495864229765
2025-01-01 19:10:00,1917.0,1.917,Observer,Receiving Location,Receiver,Receiving antenna,,Frequência muito baixa para meteor scatter,0.04557131413038626,156.38625873761086
2025-01-01 19:10:00,1919.0,1.919,Observer,Receiving Location,Receiver,Receiving antenna,,Frequência muito baixa para meteor scatter,0.04566645254735839,156.2232714955706
2025-01-01 19:10:00,19202.0,19.202,Observer,Receiving Location,Receiver,Receiving antenna,,Frequência muito baixa para meteor scatter,4.57235832163531,15.612564212061244
2025-01-01 19:20:00,44.25,0.04425,Observer,Receiving Location,Receiver,Receiving antenna,,Frequência muito baixa para meteor scatter,2.4281408574362226e-05,6774.970802259887
2025-01-01 19:20:00,1922.0,1.922,Observer,Receiving Location,Receiver,Receiving antenna,,Frequência muito baixa para meteor scatter,0.04580934618379869,155.9794266389178
2025-01-01 19:20:00,1923.0,1.923,Observer,Receiving Location,Receiver,Receiving antenna,,Frequência muito baixa para meteor scatter,0.04585702699887401,155.8983140925637
2025-01-01 19:20:00,19242.0,19.242,Observer,Receiving Location,Receiver,Receiving antenna,,Frequência muito baixa para meteor scatter,4.591427671489725,15.580109032325122
2025-01-01 19:20:00,1925.0,1.925,Observer,Receiving Location,Receiver,Receiving antenna,,Frequência muito baixa para meteor scatter,0.04595246303341749,155.7363418181818
2025-01-01 19:20:00,1926.0,1.926,Observer,Receiving Location,Receiver,Receiving antenna,,Frequência muito baixa para meteor scatter,0.04600021825288564,155.65548182762203
2025-01-01 19:20:00,1928.0,1.928,Observer,Receiving Location,Receiver,Receiving antenna,,Frequência muito baixa para meteor scatter,0.0460958030962148,155.49401348547718
2025-01-01 19:20:00,1929.0,1.929,Observer,Receiving Location,Receiver,Receiving antenna,,Frequência muito baixa para meteor scatter,0.046143632720075795,155.41340487299118
2025-01-01 19:20:00,19302.0,19.302,Observer,Receiving Location,Receiver,Receiving antenna,,Frequência muito baixa para meteor scatter,4.620106100664183,15.531678478914102
2025-01-01 19:30:00,1932.0,1.932,Observer,Receiving Location,Receiver,Receiving antenna,,Frequência muito baixa para meteor scatter,0.04628727040044443,155.1720797101449
2025-01-01 19:30:00,1933.0,1.933,Observer,Receiving Location,Receiver,Receiving antenna,,Frequência muito baixa para meteor scatter,0.04633519923016254,155.09180444904294
2025-01-01 19:30:00,1939.0,1.939,Observer,Receiving Location,Receiver,Receiving antenna,,Frequência muito baixa para meteor scatter,0.046623293039221025,154.61189169675092
2025-01-01 19:40:00,1942.0,1.942,Observer,Receiving Location,Receiver,Receiving antenna,,Frequência muito baixa para meteor scatter,0.04676767476351803,154.3730473738414
2025-01-01 19:40:00,1943.0,1.943,Observer,Receiving Location,Receiver,Receiving antenna,,Frequência muito baixa para meteor scatter,0.046815851607878926,154.29359650025734
2025-01-01 19:40:00,1949.0,1.949,Observer,Receiving Location,Receiver,Receiving antenna,,Frequência muito baixa para meteor scatter,0.04710543350479412,153.81860338635198
2025-01-01 19:50:00,1952.0,1.952,Observer,Receiving Location,Receiver,Receiving antenna,,Frequência muito baixa para meteor scatter,0.04725055927301947,153.5822018442623
2025-01-01 19:50:00,1955.0,1.955,Observer,Receiving Location,Receiver,Receiving antenna,,Frequência muito baixa para meteor scatter,0.04739590825442334,153.34652583120206
2025-01-01 19:50:00,1959.0,1.959,Observer,Receiving Location,Receiver,Receiving antenna,,Frequência muito baixa para meteor scatter,0.04759005411679505,153.03341398672794
2025-01-01 20:00:00,44.25,0.04425,Observer,Receiving Location,Receiver,Receiving antenna,,Frequência muito baixa para meteor scatter,2.4281408574362226e-05,6774.970802259887
2025-01-01 20:00:00,2003.0,2.003,Observer,Receiving Location,Receiver,Receiving antenna,,Frequência muito baixa para meteor scatter,0.049751848949161966,149.6717214178732
2025-01-01 20:00:00,2009.0,2.009,Observer,Receiving Location,Receiver,Receiving antenna,,Frequência muito baixa para meteor scatter,0.05005035937321739,149.22471777003486
2025-01-01 20:20:00,44.25,0.04425,Observer,Receiving Location,Receiver,Receiving antenna,,Frequência muito baixa para meteor scatter,2.4281408574362226e-05,6774.970802259887
2025-01-01 20:20:00,2023.0,2.023,Observer,Receiving Location,Receiver,Receiving antenna,,Frequência muito baixa para meteor scatter,0.050750355901012394,148.1920207612457
2025-01-01 20:20:00,2029.0,2.029,Observer,Receiving Location,Receiver,Receiving antenna,,Frequência muito baixa para meteor scatter,0.051051842500781236,147.75379891572203
2025-01-01 20:30:00,2031.0,2.031,Observer,Receiving Location,Receiver,Receiving antenna,,Frequência muito baixa para meteor scatter,0.05115253644575177,147.6083003446578
2025-01-01 20:30:00,2033.0,2.033,Observer,Receiving Location,Receiver,Receiving antenna,,Frequência muito baixa para meteor scatter,0.051253329596579376,147.46308804722085
2025-01-01 20:30:00,2039.0,2.039,Observer,Receiving Location,Receiver,Receiving antenna,,Frequência muito baixa para meteor scatter,0.05155630428420494,147.02916037273172
2025-01-01 20:40:00,44.25,0.04425,Observer,Receiving Location,Receiver,Receiving antenna,,Frequência muito baixa para meteor scatter,2.4281408574362226e-05,6774.970802259887
2025-01-01 20:40:00,2043.0,2.043,Observer,Receiving Location,Receiver,Receiving antenna,,Frequência muito baixa para meteor scatter,0.05175878343857422,146.74129123837494
2025-01-01 20:40:00,2047.0,2.047,Observer,Receiving Location,Receiver,Receiving antenna,,Frequência muito baixa para meteor scatter,0.051961659416371944,146.45454714215927
2025-01-01 20:40:00,2049.0,2.049,Observer,Receiving Location,Receiver,Receiving antenna,,Frequência muito baixa para meteor scatter,0.052063246214056474,146.31159492435333
2025-01-01 20:45:00,2047.0,2.047,Observer,Receiving Location,Receiver,Receiving antenna,,Frequência muito baixa para meteor scatter,0.051961659416371944,146.45454714215927
2025-01-01 20:45:00,2048.0,2.048,Observer,Receiving Location,Receiver,Receiving antenna,,Frequência muito baixa para meteor scatter,0.052012440414482074,146.3830361328125
2025-01-01 20:45:00,2049.0,2.049,Observer,Receiving Location,Receiver,Receiving antenna,,Frequência muito baixa para meteor scatter,0.052063246214056474,146.31159492435333
2025-01-01 20:45:00,2050.0,2.05,Observer,Receiving Location,Receiver,Receiving antenna,,Frequência muito baixa para meteor scatter,0.052114076815095146,146.24022341463416
2025-01-01 20:50:00,44.25,0.04425,Observer,Receiving Location,Receiver,Receiving antenna,,Frequência muito baixa para meteor scatter,2.4281408574362226e-05,6774.970802259887
2025-01-01 20:50:00,2057.0,2.057,Observer,Receiving Location,Receiver,Receiving antenna,,Frequência muito baixa para meteor scatter,0.05247058546336575,145.74256587263005
2025-01-01 20:50:00,2059.0,2.059,Observer,Receiving Location,Receiver,Receiving antenna,,Frequência muito baixa para meteor scatter,0.05257266829033586,145.60099951432736
2025-01-01 21:00:00,44.25,0.04425,Observer,Receiving Location,Receiver,Receiving antenna,,Frequência muito baixa para meteor scatter,2.4281408574362226e-05,6774.970802259887
2025-01-01 21:00:00,2109.0,2.109,Observer,Receiving Location,Receiver,Receiving antenna,,Frequência muito baixa para meteor scatter,0.05515698086815045,142.14910289236605
2025-01-01 21:10:00,44.25,0.04425,Observer,Receiving Location,Receiver,Receiving antenna,,Frequência muito baixa para meteor scatter,2.4281408574362226e-05,6774.970802259887
2025-01-01 21:30:00,44.25,0.04425,Observer,Receiving Location,Receiver,Receiving antenna,,Frequência muito baixa para meteor scatter,2.4281408574362226e-05,6774.970802259887
2025-01-01 21:30:00,2135.0,2.135,Observer,Receiving Location,Receiver,Receiving antenna,,Frequência muito baixa para meteor scatter,0.05652532725532114,140.4180131147541
2025-01-01 21:30:00,2139.0,2.139,Observer,Receiving Location,Receiver,Receiving antenna,,Frequência muito baixa para meteor scatter,0.05673733017197334,140.1554268349696
2025-01-01 21:40:00,2149.0,2.149,Observer,Receiving Location,Receiver,Receiving antenna,,Frequência muito baixa para meteor scatter,0.057269073566103335,139.5032377850163
2025-01-01 21:50:00,2157.0,2.157,Observer,Receiving Location,Receiver,Receiving antenna,,Frequência muito baixa para meteor scatter,0.05769625398683539,138.98584051923967
2025-01-01 22:00:00,2203.0,2.203,Observer,Receiving Location,Receiver,Receiving antenna,,Frequência muito baixa para meteor scatter,0.060183344824678436,136.08373036768043
2025-01-01 22:00:00,2209.0,2.209,Observer,Receiving Location,Receiver,Receiving antenna,,Frequência muito baixa para meteor scatter,0.06051161700586803,135.71410502489815
2025-01-01 22:10:00,2212.0,2.212,Observer,Receiving Location,Receiver,Receiving antenna,,Frequência muito baixa para meteor scatter,0.060676087916230574,135.53004430379747
2025-01-01 22:20:00,2222.0,2.222,Observer,Receiving Location,Receiver,Receiving antenna,,Frequência muito baixa para meteor scatter,0.06122593637928383,134.920098109811
2025-01-01 22:20:00,2226.0,2.226,Observer,Receiving Location,Receiver,Receiving antenna,,Frequência muito baixa para meteor scatter,0.06144657020550493,134.6776540880503
2025-01-01 22:20:00,2229.0,2.229,Observer,Receiving Location,Receiver,Receiving antenna,,Frequência muito baixa para meteor scatter,0.06161230599054568,134.49639210408256
2025-01-01 22:30:00,2235.0,2.235,Observer,Receiving Location,Receiver,Receiving antenna,,Frequência muito baixa para meteor scatter,0.06194444720016268,134.13532796420583
2025-01-01 22:30:00,2239.0,2.239,Observer,Receiving Location,Receiver,Receiving antenna,,Frequência muito baixa para meteor scatter,0.062166370702526265,133.89569361322017
2025-01-01 22:50:00,44.25,0.04425,Observer,Receiving Location,Receiver,Receiving antenna,,Frequência muito baixa para meteor scatter,2.4281408574362226e-05,6774.970802259887
2025-01-01 22:50:00,2251.0,2.251,Observer,Receiving Location,Receiver,Receiving antenna,,Frequência muito baixa para meteor scatter,0.06283452215018774,133.18190048867172
2025-01-01 22:50:00,2257.0,2.257,Observer,Receiving Location,Receiver,Receiving antenna,,Frequência muito baixa para meteor scatter,0.06316993715308952,132.8278502436863
2025-01-01 22:50:00,2259.0,2.259,Observer,Receiving Location,Receiver,Receiving antenna,,Frequência muito baixa para meteor scatter,0.06328194056577098,132.71025143868968
2025-01-01 23:00:00,44.25,0.04425,Observer,Receiving Location,Receiver,Receiving antenna,,Frequência muito baixa para meteor scatter,2.4281408574362226e-05,6774.970802259887
2025-01-01 23:00:00,2303.0,2.303,Observer,Receiving Location,Receiver,Receiving antenna,,Frequência muito baixa para meteor scatter,0.06577111472661344,130.1747537993921
2025-01-01 23:00:00,2309.0,2.309,Observer,Receiving Location,Receiver,Receiving antenna,,Frequência muito baixa para meteor scatter,0.06611426778637013,129.8364911216977
2025-01-01 23:20:00,44.25,0.04425,Observer,Receiving Location,Receiver,Receiving antenna,,Frequência muito baixa para meteor scatter,2.4281408574362226e-05,6774.970802259887
2025-01-01 23:20:00,2323.0,2.323,Observer,Receiving Location,Receiver,Receiving antenna,,Frequência muito baixa para meteor scatter,0.06691843046413459,129.05400688764527
2025-01-01 23:20:00,2325.0,2.325,Observer,Receiving Location,Receiver,Receiving antenna,,Frequência muito baixa para meteor scatter,0.06703370767010085,128.94299268817204
2025-01-01 23:20:00,2329.0,2.329,Observer,Receiving Location,Receiver,Receiving antenna,,Frequência muito baixa para meteor scatter,0.06726455969960465,128.72153628166595
2025-01-01 23:30:00,2333.0,2.333,Observer,Receiving Location,Receiver,Receiving antenna,,Frequência muito baixa para meteor scatter,0.06749580855253695,128.5008392627518
2025-01-01 23:30:00,2335.0,2.335,Observer,Receiving Location,Receiver,Receiving antenna,,Frequência muito baixa para meteor scatter,0.06761158178778874,128.39077430406851
2025-01-01 23:30:00,2339.0,2.339,Observer,Receiving Location,Receiver,Receiving antenna,,Frequência muito baixa para meteor scatter,0.0678434258758637,128.17120906370243
2025-01-01 23:40:00,44.25,0.04425,Observer,Receiving Location,Receiver,Receiving antenna,,Frequência muito baixa para meteor scatter,2.4281408574362226e-05,6774.970802259887
2025-01-01 23:50:00,44.25,0.04425,Observer,Receiving Location,Receiver,Receiving antenna,,Frequência muito baixa para meteor scatter,2.4281408574362226e-05,6774.970802259887
2025-01-01 23:50:00,2352.0,2.352,Observer,Receiving Location,Receiver,Receiving antenna,,Frequência muito baixa para meteor scatter,0.06859965972391009,127.46277976190476
2025-01-01 23:50:00,2353.0,2.353,Observer,Receiving Location,Receiver,Receiving antenna,,Frequência muito baixa para meteor scatter,0.06865800516862515,127.40860943476413
2025-01-01 23:50:00,2354.0,2.354,Observer,Receiving Location,Receiver,Receiving antenna,,Frequência muito baixa para meteor scatter,0.06871637541480449,127.35448513169074
2025-01-01 23:50:00,2355.0,2.355,Observer,Receiving Location,Receiver,Receiving antenna,,Frequência muito baixa para meteor scatter,0.0687747704624481,127.3004067940552
2025-01-01 23:50:00,2358.0,2.358,Observer,Receiving Location,Receiver,Receiving antenna,,Frequência muito baixa para meteor scatter,0.0689501044141646,127.13844698897371
2025-01-01 23:50:00,2359.0,2.359,Observer,Receiving Location,Receiver,Receiving antenna,,Frequência muito baixa para meteor scatter,0.06900859866766533,127.08455192878338
2025-01-02 00:00:00,44.25,0.04425,Observer,Receiving Location,Receiver,Receiving antenna,,Frequência muito baixa para meteor scatter,2.4281408574362226e-05,6774.970802259887
2025-01-02 00:00:00,2.0,0.002,Observer,Receiving Location,Receiver,Receiving antenna,,Frequência muito baixa para meteor scatter,4.9602928556902e-08,149896.229
2025-01-02 00:00:00,3.0,0.003,Observer,Receiving Location,Receiver,Receiving antenna,,Frequência muito baixa para meteor scatter,1.116065892530295e-07,99930.81933333333
2025-01-02 00:00:00,4.0,0.004,Observer,Receiving Location,Receiver,Receiving antenna,,Frequência muito baixa para meteor scatter,1.98411714227608e-07,74948.1145
2025-01-02 00:00:00,5.0,0.005,Observer,Receiving Location,Receiver,Receiving antenna,,Frequência muito baixa para meteor scatter,3.1001830348063747e-07,59958.4916
2025-01-02 00:00:00,6.0,0.006,Observer,Receiving Location,Receiver,Receiving antenna,,Frequência muito baixa para meteor scatter,4.46426357012118e-07,49965.40966666667
2025-01-02 00:00:00,8.0,0.008,Observer,Receiving Location,Receiver,Receiving antenna,,Frequência muito baixa para meteor scatter,7.93646856910432e-07,37474.05725
2025-01-02 00:00:00,9.0,0.009,Observer,Receiving Location,Receiver,Receiving antenna,,Frequência muito baixa para meteor scatter,1.0044593032772654e-06,33310.27311111111
2025-01-02 00:20:00,44.25,0.04425,Observer,Receiving Location,Receiver,Receiving antenna,,Frequência muito baixa para meteor scatter,2.4281408574362226e-05,6774.970802259887
2025-01-02 00:20:00,22.0,0.022,Observer,Receiving Location,Receiver,Receiving antenna,,Frequência muito baixa para meteor scatter,6.001954355385142e-06,13626.92990909091
2025-01-02 00:20:00,23.0,0.023,Observer,Receiving Location,Receiver,Receiving antenna,,Frequência muito baixa para meteor scatter,6.5599873016502895e-06,13034.454695652174
2025-01-02 00:20:00,26.0,0.026,Observer,Receiving Location,Receiver,Receiving antenna,,Frequência muito baixa para meteor scatter,8.382894926116435e-06,11530.479153846154
2025-01-02 00:20:00,28.0,0.028,Observer,Receiving Location,Receiver,Receiving antenna,,Frequência muito baixa para meteor scatter,9.722173997152792e-06,10706.8735
2025-01-02 00:20:00,29.0,0.029,Observer,Receiving Location,Receiver,Receiving antenna,,Frequência muito baixa para meteor scatter,1.0429015729088646e-05,10337.670965517242
2025-01-02 00:30:00,44.25,0.04425,Observer,Receiving Location,Receiver,Receiving antenna,,Frequência muito baixa para meteor scatter,2.4281408574362226e-05,6774.970802259887
2025-01-02 00:30:00,32.0,0.032,Observer,Receiving Location,Receiver,Receiving antenna,,Frequência muito baixa para meteor scatter,1.2698349710566913e-05,9368.5143125
2025-01-02 00:30:00,33.0,0.033,Observer,Receiving Location,Receiver,Receiving antenna,,Frequência muito baixa para meteor scatter,1.350439729961657e-05,9084.619939393939
2025-01-02 00:30:00,35.0,0.035,Observer,Receiving Location,Receiver,Receiving antenna,,Frequência muito baixa para meteor scatter,1.5190896870551238e-05,8565.4988
2025-01-02 00:30:00,36.0,0.036,Observer,Receiving Location,Receiver,Receiving antenna,,Frequência muito baixa para meteor scatter,1.6071348852436246e-05,8327.568277777778
2025-01-02 00:30:00,38.0,0.038,Observer,Receiving Location,Receiver,Receiving antenna,,Frequência muito baixa para meteor scatter,1.790665720904162e-05,7889.275210526316
2025-01-02 00:30:00,39.0,0.039,Observer,Receiving Location,Receiver,Receiving antenna,,Frequência muito baixa para meteor scatter,1.886151358376198e-05,7686.986102564102
2025-01-02 00:40:00,44.25,0.04425,Observer,Receiving Location,Receiver,Receiving antenna,,Frequência muito baixa para meteor scatter,2.4281408574362226e-05,6774.970802259887
2025-01-02 00:40:00,42.0,0.042,Observer,Receiving Location,Receiver,Receiving antenna,,Frequência muito baixa para meteor scatter,2.187489149359378e-05,7137.915666666667
2025-01-02 00:40:00,43.0,0.043,Observer,Receiving Location,Receiver,Receiving antenna,,Frequência muito baixa para meteor scatter,2.2928953725427942e-05,6971.917627906977
2025-01-02 00:40:00,44.0,0.044,Observer,Receiving Location,Receiver,Receiving antenna,,Frequência muito baixa para meteor scatter,2.4007817421540567e-05,6813.464954545455
2025-01-02 00:40:00,48.0,0.048,Observer,Receiving Location,Receiver,Receiving antenna,,Frequência muito baixa para meteor scatter,2.8571286848775552e-05,6245.676208333333
2025-01-02 00:40:00,49.0,0.049,Observer,Receiving Location,Receiver,Receiving antenna,,Frequência muito baixa para meteor scatter,2.977415786628042e-05,6118.213428571428
2025-01-02 00:50:00,44.25,0.04425,Observer,Receiving Location,Receiver,Receiving antenna,,Frequência muito baixa para meteor scatter,2.4281408574362226e-05,6774.970802259887
2025-01-02 00:50:00,52.0,0.052,Observer,Receiving Location,Receiver,Receiving antenna,,Frequência muito baixa para meteor scatter,3.353157970446574e-05,5765.239576923077
2025-01-02 00:50:00,56.0,0.056,Observer,Receiving Location,Receiver,Receiving antenna,,Frequência muito baixa para meteor scatter,3.888869598861117e-05,5353.43675
2025-01-02 00:50:00,58.0,0.058,Observer,Receiving Location,Receiver,Receiving antenna,,Frequência muito baixa para meteor scatter,4.1716062916354586e-05,5168.835482758621
2025-01-02 00:50:00,59.0,0.059,Observer,Receiving Location,Receiver,Receiving antenna,,Frequência muito baixa para meteor scatter,4.3166948576643964e-05,5081.2281016949155
2025-01-02 00:50:00,0.6,0.0006,Observer,Receiving Location,Receiver,Receiving antenna,,Frequência muito baixa para meteor scatter,4.464263570121179e-09,499654.0966666667
2025-01-02 00:10:00,44.25,0.04425,Observer,Receiving Location,Receiver,Receiving antenna,,Frequência muito baixa para meteor scatter,2.4281408574362226e-05,6774.970802259887
2025-01-02 00:10:00,12.0,0.012,Observer,Receiving Location,Receiver,Receiving antenna,,Frequência muito baixa para meteor scatter,1.785705428048472e-06,24982.704833333333
2025-01-02 00:10:00,13.0,0.013,Observer,Receiving Location,Receiver,Receiving antenna,,Frequência muito baixa para meteor scatter,2.0957237315291088e-06,23060.958307692308
2025-01-02 00:10:00,14.0,0.014,Observer,Receiving Location,Receiver,Receiving antenna,,Frequência muito baixa para meteor scatter,2.430543499288198e-06,21413.747
2025-01-02 00:10:00,15.0,0.015,Observer,Receiving Location,Receiver,Receiving antenna,,Frequência muito baixa para meteor scatter,2.7901647313257367e-06,19986.163866666666
2025-01-02 00:10:00,16.0,0.016,Observer,Receiving Location,Receiver,Receiving antenna,,Frequência muito baixa para meteor scatter,3.174587427641728e-06,18737.028625
2025-01-02 00:10:00,18.0,0.018,Observer,Receiving Location,Receiver,Receiving antenna,,Frequência muito baixa para meteor scatter,4.0178372131090615e-06,16655.136555555557
2025-01-02 00:10:00,19.0,0.019,Observer,Receiving Location,Receiver,Receiving antenna,,Frequência muito baixa para meteor scatter,4.476664302260405e-06,15778.550421052632
2025-01-02 01:00:00,44.25,0.04425,Observer,Receiving Location,Receiver,Receiving antenna,,Frequência muito baixa para meteor scatter,2.4281408574362226e-05,6774.970802259887
2025-01-02 01:00:00,102.0,0.102,Observer,Receiving Location,Receiver,Receiving antenna,,Frequência muito baixa para meteor scatter,0.00012901721717650208,2939.1417450980393
2025-01-02 01:00:00,103.0,0.103,Observer,Receiving Location,Receiver,Receiving antenna,,Frequência muito baixa para meteor scatter,0.0001315593672650433,2910.6063883495144
2025-01-02 01:00:00,105.0,0.105,Observer,Receiving Location,Receiver,Receiving antenna,,Frequência muito baixa para meteor scatter,0.0001367180718349611,2855.1662666666666
2025-01-02 01:00:00,106.0,0.106,Observer,Receiving Location,Receiver,Receiving antenna,,Frequência muito baixa para meteor scatter,0.0001393346263163377,2828.2307358490566
2025-01-02 01:00:00,108.0,0.108,Observer,Receiving Location,Receiver,Receiving antenna,,Frequência muito baixa para meteor scatter,0.00014464213967192623,2775.8560925925926
2025-01-02 01:00:00,109.0,0.109,Observer,Receiving Location,Receiver,Receiving antenna,,Frequência muito baixa para meteor scatter,0.00014733309854613814,2750.38952293578
2025-01-02 01:10:00,44.25,0.04425,Observer,Receiving Location,Receiver,Receiving antenna,,Frequência muito baixa para meteor scatter,2.4281408574362226e-05,6774.970802259887
2025-01-02 01:10:00,115.0,0.115,Observer,Receiving Location,Receiver,Receiving antenna,,Frequência muito baixa para meteor scatter,0.00016399968254125722,2606.8909391304346
2025-01-02 01:10:00,116.0,0.116,Observer,Receiving Location,Receiver,Receiving antenna,,Frequência muito baixa para meteor scatter,0.00016686425166541834,2584.4177413793104
2025-01-02 01:10:00,118.0,0.118,Observer,Receiving Location,Receiver,Receiving antenna,,Frequência muito baixa para meteor scatter,0.00017266779430657585,2540.6140508474577
2025-01-02 01:10:00,119.0,0.119,Observer,Receiving Location,Receiver,Receiving antenna,,Frequência muito baixa para meteor scatter,0.00017560676782357225,2519.2643529411766
2025-01-02 01:20:00,122.0,0.122,Observer,Receiving Location,Receiver,Receiving antenna,,Frequência muito baixa para meteor scatter,0.00018457249716023231,2457.315229508197
2025-01-02 01:20:00,123.0,0.123,Observer,Receiving Location,Receiver,Receiving antenna,,Frequência muito baixa para meteor scatter,0.00018761067653434257,2437.337056910569
2025-01-02 01:20:00,126.0,0.126,Observer,Receiving Location,Receiver,Receiving antenna,,Frequência muito baixa para meteor scatter,0.00019687402344234403,2379.3052222222223
2025-01-02 01:20:00,127.0,0.127,Observer,Receiving Location,Receiver,Receiving antenna,,Frequência muito baixa para meteor scatter,0.0002000114086735681,2360.5705354330707
2025-01-02 01:20:00,128.0,0.128,Observer,Receiving Location,Receiver,Receiving antenna,,Frequência muito baixa para meteor scatter,0.0002031735953690706,2342.128578125
2025-01-02 01:20:00,129.0,0.129,Observer,Receiving Location,Receiver,Receiving antenna,,Frequência muito baixa para meteor scatter,0.0002063605835288515,2323.972542635659
2025-01-02 01:30:00,44.25,0.04425,Observer,Receiving Location,Receiver,Receiving antenna,,Frequência muito baixa para meteor scatter,2.4281408574362226e-05,6774.970802259887
2025-01-02 01:30:00,132.0,0.132,Observer,Receiving Location,Receiver,Receiving antenna,,Frequência muito baixa para meteor scatter,0.00021607035679386513,2271.1549848484847
2025-01-02 01:30:00,133.0,0.133,Observer,Receiving Location,Receiver,Receiving antenna,,Frequência muito baixa para meteor scatter,0.00021935655081075988,2254.0786315789474
2025-01-02 01:30:00,135.0,0.135,Observer,Receiving Location,Receiver,Receiving antenna,,Frequência muito baixa para meteor scatter,0.00022600334323738473,2220.6848740740743
2025-01-02 01:30:00,136.0,0.136,Observer,Receiving Location,Receiver,Receiving antenna,,Frequência muito baixa para meteor scatter,0.00022936394164711486,2204.3563088235296
2025-01-02 01:30:00,137.0,0.137,Observer,Receiving Location,Receiver,Receiving antenna,,Frequência muito baixa para meteor scatter,0.00023274934152112342,2188.266116788321
2025-01-02 01:30:00,138.0,0.138,Observer,Receiving Location,Receiver,Receiving antenna,,Frequência muito baixa para meteor scatter,0.00023615954285941042,2172.409115942029
2025-01-02 01:30:00,139.0,0.139,Observer,Receiving Location,Receiver,Receiving antenna,,Frequência muito baixa para meteor scatter,0.0002395945456619759,2156.780273381295
2025-01-02 01:40:00,44.25,0.04425,Observer,Receiving Location,Receiver,Receiving antenna,,Frequência muito baixa para meteor scatter,2.4281408574362226e-05,6774.970802259887
2025-01-02 01:40:00,142.0,0.142,Observer,Receiving Location,Receiver,Receiving antenna,,Frequência muito baixa para meteor scatter,0.00025004836285534294,2111.2144929577466
2025-01-02 01:40:00,143.0,0.143,Observer,Receiving Location,Receiver,Receiving antenna,,Frequência muito baixa para meteor scatter,0.00025358257151502213,2096.4507552447553
2025-01-02 01:40:00,144.0,0.144,Observer,Receiving Location,Receiver,Receiving antenna,,Frequência muito baixa para meteor scatter,0.00025714158163897994,2081.8920694444446
2025-01-02 01:40:00,146.0,0.146,Observer,Receiving Location,Receiver,Receiving antenna,,Frequência muito baixa para meteor scatter,0.00026433400627973077,2053.373
2025-01-02 01:40:00,148.0,0.148,Observer,Receiving Location,Receiver,Receiving antenna,,Frequência muito baixa para meteor scatter,0.0002716256367775953,2025.6247162162163
2025-01-02 01:40:00,149.0,0.149,Observer,Receiving Location,Receiver,Receiving antenna,,Frequência muito baixa para meteor scatter,0.0002753086542229453,2012.0299194630873
2025-01-02 01:50:00,44.25,0.04425,Observer,Receiving Location,Receiver,Receiving antenna,,Frequência muito baixa para meteor scatter,2.4281408574362226e-05,6774.970802259887
2025-01-02 01:50:00,152.0,0.152,Observer,Receiving Location,Receiver,Receiving antenna,,Frequência muito baixa para meteor scatter,0.00028650651534466593,1972.318802631579
2025-01-02 01:50:00,153.0,0.153,Observer,Receiving Location,Receiver,Receiving antenna,,Frequência muito baixa para meteor scatter,0.00029028873864712966,1959.4278300653596
2025-01-02 01:50:00,155.0,0.155,Observer,Receiving Location,Receiver,Receiving antenna,,Frequência muito baixa para meteor scatter,0.0002979275896448926,1934.1448903225807
2025-01-02 01:50:00,156.0,0.156,Observer,Receiving Location,Receiver,Receiving antenna,,Frequência muito baixa para meteor scatter,0.00030178421734019167,1921.7465256410255
2025-01-02 01:50:00,158.0,0.158,Observer,Receiving Location,Receiver,Receiving antenna,,Frequência muito baixa para meteor scatter,0.0003095718771236253,1897.4206202531645
2025-01-02 01:50:00,159.0,0.159,Observer,Receiving Location,Receiver,Receiving antenna,,Frequência muito baixa para meteor scatter,0.00031350290921175987,1885.4871572327045
2025-01-02 02:00:00,44.25,0.04425,Observer,Receiving Location,Receiver,Receiving antenna,,Frequência muito baixa para meteor scatter,2.4281408574362226e-05,6774.970802259887
2025-01-02 02:00:00,202.0,0.202,Observer,Receiving Location,Receiver,Receiving antenna,,Frequência muito baixa para meteor scatter,0.0005059994742089573,1484.1210792079207
2025-01-02 02:00:00,203.0,0.203,Observer,Receiving Location,Receiver,Receiving antenna,,Frequência muito baixa para meteor scatter,0.0005110217707253436,1476.8101379310344
2025-01-02 02:00:00,204.0,0.204,Observer,Receiving Location,Receiver,Receiving antenna,,Frequência muito baixa para meteor scatter,0.0005160688687060083,1469.5708725490197
2025-01-02 02:00:00,206.0,0.206,Observer,Receiving Location,Receiver,Receiving antenna,,Frequência muito baixa para meteor scatter,0.0005262374690601732,1455.3031941747572
2025-01-02 02:00:00,208.0,0.208,Observer,Receiving Location,Receiver,Receiving antenna,,Frequência muito baixa para meteor scatter,0.0005365052752714518,1441.3098942307693
2025-01-02 02:00:00,209.0,0.209,Observer,Receiving Location,Receiver,Receiving antenna,,Frequência muito baixa para meteor scatter,0.000541676380573509,1434.4136746411484
2025-01-02 02:10:00,44.25,0.04425,Observer,Receiving Location,Receiver,Receiving antenna,,Frequência muito baixa para meteor scatter,2.4281408574362226e-05,6774.970802259887
2025-01-02 02:10:00,212.0,0.212,Observer,Receiving Location,Receiver,Receiving antenna,,Frequência muito baixa para meteor scatter,0.0005573385052653508,1414.1153679245283
2025-01-02 02:10:00,213.0,0.213,Observer,Receiving Location,Receiver,Receiving antenna,,Frequência muito baixa para meteor scatter,0.0005626088164245216,1407.4763286384978
2025-01-02 02:10:00,215.0,0.215,Observer,Receiving Location,Receiver,Receiving antenna,,Frequência muito baixa para meteor scatter,0.0005732238431356986,1394.3835255813954
2025-01-02 02:10:00,216.0,0.216,Observer,Receiving Location,Receiver,Receiving antenna,,Frequência muito baixa para meteor scatter,0.0005785685586877049,1387.9280462962963
2025-01-02 02:10:00,218.0,0.218,Observer,Receiving Location,Receiver,Receiving antenna,,Frequência muito baixa para meteor scatter,0.0005893323941845525,1375.19476146789
2025-01-02 02:10:00,219.0,0.219,Observer,Receiving Location,Receiver,Receiving antenna,,Frequência muito baixa para meteor scatter,0.0005947515141293941,1368.9153333333334
2025-01-02 02:20:00,222.0,0.222,Observer,Receiving Location,Receiver,Receiving antenna,,Frequência muito baixa para meteor scatter,0.0006111576827495895,1350.4164774774774
2025-01-02 02:20:00,223.0,0.223,Observer,Receiving Location,Receiver,Receiving antenna,,Frequência muito baixa para meteor scatter,0.0006166760085515448,1344.360798206278
2025-01-02 02:20:00,224.0,0.224,Observer,Receiving Location,Receiver,Receiving antenna,,Frequência muito baixa para meteor scatter,0.0006222191358177787,1338.3591875
2025-01-02 02:20:00,225.0,0.225,Observer,Receiving Location,Receiver,Receiving antenna,,Frequência muito baixa para meteor scatter,0.0006277870645482909,1332.4109244444444
2025-01-02 02:20:00,226.0,0.226,Observer,Receiving Location,Receiver,Receiving antenna,,Frequência muito baixa para meteor scatter,0.0006333797947430817,1326.5153008849556
2025-01-02 02:20:00,227.0,0.227,Observer,Receiving Location,Receiver,Receiving antenna,,Frequência muito baixa para meteor scatter,0.0006389973264021507,1320.6716211453745
2025-01-02 02:20:00,228.0,0.228,Observer,Receiving Location,Receiver,Receiving antenna,,Frequência muito baixa para meteor scatter,0.0006446396595254984,1314.879201754386
2025-01-02 02:20:00,229.0,0.229,Observer,Receiving Location,Receiver,Receiving antenna,,Frequência muito baixa para meteor scatter,0.0006503067941131245,1309.1373711790393
2025-01-02 02:30:00,232.0,0.232,Observer,Receiving Location,Receiver,Receiving antenna,,Frequência muito baixa para meteor scatter,0.0006674570066616734,1292.2088706896552
2025-01-02 02:30:00,233.0,0.233,Observer,Receiving Location,Receiver,Receiving antenna,,Frequência muito baixa para meteor scatter,0.0006732233471064131,1286.6629098712447
2025-01-02 02:30:00,235.0,0.235,Observer,Receiving Location,Receiver,Receiving antenna,,Frequência muito baixa para meteor scatter,0.000684830432388728,1275.7125872340425
2025-01-02 02:30:00,236.0,0.236,Observer,Receiving Location,Receiver,Receiving antenna,,Frequência muito baixa para meteor scatter,0.0006906711772263034,1270.3070254237289
2025-01-02 02:30:00,237.0,0.237,Observer,Receiving Location,Receiver,Receiving antenna,,Frequência muito baixa para meteor scatter,0.000696536723528157,1264.9470801687764
2025-01-02 02:30:00,238.0,0.238,Observer,Receiving Location,Receiver,Receiving antenna,,Frequência muito baixa para meteor scatter,0.000702427071294289,1259.6321764705883
2025-01-02 02:30:00,239.0,0.239,Observer,Receiving Location,Receiver,Receiving antenna,,Frequência muito baixa para meteor scatter,0.0007083422205246997,1254.361748953975
2025-01-02 02:40:00,242.0,0.242,Observer,Receiving Location,Receiver,Receiving antenna,,Frequência muito baixa para meteor scatter,0.0007262364770016021,1238.8118099173553
2025-01-02 02:40:00,243.0,0.243,Observer,Receiving Location,Receiver,Receiving antenna,,Frequência muito baixa para meteor scatter,0.0007322508320891264,1233.713818930041
2025-01-02 02:40:00,244.0,0.244,Observer,Receiving Location,Receiver,Receiving antenna,,Frequência muito baixa para meteor scatter,0.0007382899886409293,1228.6576147540984
2025-01-02 02:40:00,248.0,0.248,Observer,Receiving Location,Receiver,Receiving antenna,,Frequência muito baixa para meteor scatter,0.000762694629490925,1208.8405564516129
2025-01-02 02:40:00,249.0,0.249,Observer,Receiving Location,Receiver,Receiving antenna,,Frequência muito baixa para meteor scatter,0.0007688577933641202,1203.9857751004015
2025-01-02 02:50:00,44.25,0.04425,Observer,Receiving Location,Receiver,Receiving antenna,,Frequência muito baixa para meteor scatter,2.4281408574362226e-05,6774.970802259887
2025-01-02 02:50:00,252.0,0.252,Observer,Receiving Location,Receiver,Receiving antenna,,Frequência muito baixa para meteor scatter,0.0007874960937693761,1189.6526111111111
2025-01-02 02:50:00,253.0,0.253,Observer,Receiving Location,Receiver,Receiving antenna,,Frequência muito baixa para meteor scatter,0.0007937584634996849,1184.9504268774704
2025-01-02 02:50:00,255.0,0.255,Observer,Receiving Location,Receiver,Receiving antenna,,Frequência muito baixa para meteor scatter,0.000806357607353138,1175.6566980392156
2025-01-02 02:50:00,256.0,0.256,Observer,Receiving Location,Receiver,Receiving antenna,,Frequência muito baixa para meteor scatter,0.0008126943814762824,1171.0642890625
2025-01-02 02:50:00,258.0,0.258,Observer,Receiving Location,Receiver,Receiving antenna,,Frequência muito baixa para meteor scatter,0.000825442334115406,1161.9862713178295
2025-01-02 02:50:00,259.0,0.259,Observer,Receiving Location,Receiver,Receiving antenna,,Frequência muito baixa para meteor scatter,0.0008318535126313858,1157.4998378378377
2025-01-02 03:00:00,44.25,0.04425,Observer,Receiving Location,Receiver,Receiving antenna,,Frequência muito baixa para meteor scatter,2.4281408574362226e-05,6774.970802259887
2025-01-02 03:00:00,302.0,0.302,Observer,Receiving Location,Receiver,Receiving antenna,,Frequência muito baixa para meteor scatter,0.0011309963740259226,992.6902582781457
2025-01-02 03:00:00,303.0,0.303,Observer,Receiving Location,Receiver,Receiving antenna,,Frequência muito baixa para meteor scatter,0.0011384988169701536,989.4140528052806
2025-01-02 03:00:00,304.0,0.304,Observer,Receiving Location,Receiver,Receiving antenna,,Frequência muito baixa para meteor scatter,0.0011460260613786637,986.1594013157895
2025-01-02 03:00:00,305.0,0.305,Observer,Receiving Location,Receiver,Receiving antenna,,Frequência muito baixa para meteor scatter,0.0011535781072514522,982.9260918032787
2025-01-02 03:00:00,306.0,0.306,Observer,Receiving Location,Receiver,Receiving antenna,,Frequência muito baixa para meteor scatter,0.0011611549545885187,979.7139150326798
2025-01-02 03:00:00,308.0,0.308,Observer,Receiving Location,Receiver,Receiving antenna,,Frequência muito baixa para meteor scatter,0.0011763830536554879,973.3521363636364
2025-01-02 03:00:00,309.0,0.309,Observer,Receiving Location,Receiver,Receiving antenna,,Frequência muito baixa para meteor scatter,0.0011840343053853895,970.2021294498381
2025-01-02 03:10:00,312.0,0.312,Observer,Receiving Location,Receiver,Receiving antenna,,Frequência muito baixa para meteor scatter,0.0012071368693607667,960.8732628205128
2025-01-02 03:10:00,313.0,0.313,Observer,Receiving Location,Receiver,Receiving antenna,,Frequência muito baixa para meteor scatter,0.0012148873269477829,957.8033801916932
2025-01-02 03:10:00,315.0,0.315,Observer,Receiving Location,Receiver,Receiving antenna,,Frequência muito baixa para meteor scatter,0.0012304626465146503,951.7220888888888
2025-01-02 03:10:00,316.0,0.316,Observer,Receiving Location,Receiver,Receiving antenna,,Frequência muito baixa para meteor scatter,0.0012382875084945013,948.7103101265823
2025-01-02 03:10:00,318.0,0.318,Observer,Receiving Location,Receiver,Receiving antenna,,Frequência muito baixa para meteor scatter,0.0012540116368470395,942.7435786163522
2025-01-02 03:10:00,319.0,0.319,Observer,Receiving Location,Receiver,Receiving antenna,,Frequência muito baixa para meteor scatter,0.0012619109032197258,939.7882695924765
2025-01-02 03:20:00,44.25,0.04425,Observer,Receiving Location,Receiver,Receiving antenna,,Frequência muito baixa para meteor scatter,2.4281408574362226e-05,6774.970802259887
2025-01-02 03:20:00,322.0,0.322,Observer,Receiving Location,Receiver,Receiving antenna,,Frequência muito baixa para meteor scatter,0.0012857575111234565,931.0324782608695
2025-01-02 03:20:00,323.0,0.323,Observer,Receiving Location,Receiver,Receiving antenna,,Frequência muito baixa para meteor scatter,0.001293755983353257,928.1500247678018
2025-01-02 03:20:00,325.0,0.325,Observer,Receiving Location,Receiver,Receiving antenna,,Frequência muito baixa para meteor scatter,0.0013098273322056937,922.4383323076923
2025-01-02 03:20:00,326.0,0.326,Observer,Receiving Location,Receiver,Receiving antenna,,Frequência muito baixa para meteor scatter,0.001317900208828329,919.6087668711657
2025-01-02 03:20:00,327.0,0.327,Observer,Receiving Location,Receiver,Receiving antenna,,Frequência muito baixa para meteor scatter,0.0013259978869152435,916.7965076452599
2025-01-02 03:20:00,328.0,0.328,Observer,Receiving Location,Receiver,Receiving antenna,,Frequência muito baixa para meteor scatter,0.0013341203664664362,914.0013963414634
2025-01-02 03:20:00,329.0,0.329,Observer,Receiving Location,Receiver,Receiving antenna,,Frequência muito baixa para meteor scatter,0.0013422676474819071,911.2232765957447
2025-01-02 03:30:00,44.25,0.04425,Observer,Receiving Location,Receiver,Receiving antenna,,Frequência muito baixa para meteor scatter,2.4281408574362226e-05,6774.970802259887
2025-01-02 03:30:00,332.0,0.332,Observer,Receiving Location,Receiver,Receiving antenna,,Frequência muito baixa para meteor scatter,0.0013668582993139912,902.9893313253012
2025-01-02 03:30:00,333.0,0.333,Observer,Receiving Location,Receiver,Receiving antenna,,Frequência muito baixa para meteor scatter,0.0013751047861865764,900.2776516516517
2025-01-02 03:30:00,335.0,0.335,Observer,Receiving Location,Receiver,Receiving antenna,,Frequência muito baixa para meteor scatter,0.001391672164324582,894.9028597014925
2025-01-02 03:30:00,336.0,0.336,Observer,Receiving Location,Receiver,Receiving antenna,,Frequência muito baixa para meteor scatter,0.001399993055590002,892.2394583333333
2025-01-02 03:30:00,337.0,0.337,Observer,Receiving Location,Receiver,Receiving antenna,,Frequência muito baixa para meteor scatter,0.0014083387483197008,889.5918635014837
2025-01-02 03:30:00,338.0,0.338,Observer,Receiving Location,Receiver,Receiving antenna,,Frequência muito baixa para meteor scatter,0.0014167092425136783,886.9599349112426
2025-01-02 03:30:00,339.0,0.339,Observer,Receiving Location,Receiver,Receiving antenna,,Frequência muito baixa para meteor scatter,0.0014251045381719336,884.3435339233039
2025-01-02 03:40:00,342.0,0.342,Observer,Receiving Location,Receiver,Receiving antenna,,Frequência muito baixa para meteor scatter,0.0014504392339323713,876.586134502924
2025-01-02 03:40:00,343.0,0.343,Observer,Receiving Location,Receiver,Receiving antenna,,Frequência muito baixa para meteor scatter,0.0014589337354477408,874.0304897959184
2025-01-02 03:40:00,344.0,0.344,Observer,Receiving Location,Receiver,Receiving antenna,,Frequência muito baixa para meteor scatter,0.0014674530384273883,871.4897034883721
2025-01-02 03:40:00,345.0,0.345,Observer,Receiving Location,Receiver,Receiving antenna,,Frequência muito baixa para meteor scatter,0.001475997142871315,868.9636463768115
2025-01-02 03:40:00,346.0,0.346,Observer,Receiving Location,Receiver,Receiving antenna,,Frequência muito baixa para meteor scatter,0.0014845660487795194,866.4521907514451
2025-01-02 03:40:00,348.0,0.348,Observer,Receiving Location,Receiver,Receiving antenna,,Frequência muito baixa para meteor scatter,0.0015017782649887647,861.4725804597701
2025-01-02 03:40:00,349.0,0.349,Observer,Receiving Location,Receiver,Receiving antenna,,Frequência muito baixa para meteor scatter,0.0015104215752898046,859.0041776504298
2025-01-02 03:40:00,0.6,0.0006,Observer,Receiving Location,Receiver,Receiving antenna,,Frequência muito baixa para meteor scatter,4.464263570121179e-09,499654.0966666667
2025-01-02 03:50:00,44.25,0.04425,Observer,Receiving Location,Receiver,Receiving antenna,,Frequência muito baixa para meteor scatter,2.4281408574362226e-05,6774.970802259887
2025-01-02 03:50:00,352.0,0.352,Observer,Receiving Location,Receiver,Receiving antenna,,Frequência muito baixa para meteor scatter,0.0015365003149785963,851.6831193181819
2025-01-02 03:50:00,353.0,0.353,Observer,Receiving Location,Receiver,Receiving antenna,,Frequência muito baixa para meteor scatter,0.0015452428311367498,849.2704192634561
2025-01-02 03:50:00,355.0,0.355,Observer,Receiving Location,Receiver,Receiving antenna,,Frequência muito baixa para meteor scatter,0.0015628022678458935,844.4857971830986
2025-01-02 03:50:00,356.0,0.356,Observer,Receiving Location,Receiver,Receiving antenna,,Frequência muito baixa para meteor scatter,0.0015716191883968825,842.1136460674157
2025-01-02 03:50:00,358.0,0.358,Observer,Receiving Location,Receiver,Receiving antenna,,Frequência muito baixa para meteor scatter,0.0015893274338916968,837.4091005586592
2025-01-02 03:50:00,359.0,0.359,Observer,Receiving Location,Receiver,Receiving antenna,,Frequência muito baixa para meteor scatter,0.001598218758835521,835.0764846796658
2025-01-02 04:00:00,44.25,0.04425,Observer,Receiving Location,Receiver,Receiving antenna,,Frequência muito baixa para meteor scatter,2.4281408574362226e-05,6774.970802259887
2025-01-02 04:00:00,402.0,0.402,Observer,Receiving Location,Receiver,Receiving antenna,,Frequência muito baixa para meteor scatter,0.0020040079166273976,745.7523830845771
2025-01-02 04:00:00,403.0,0.403,Observer,Receiving Location,Receiver,Receiving antenna,,Frequência muito baixa para meteor scatter,0.0020139905059994743,743.9018808933002
2025-01-02 04:00:00,406.0,0.406,Observer,Receiving Location,Receiver,Receiving antenna,,Frequência muito baixa para meteor scatter,0.0020440870829013746,738.4050689655172
2025-01-02 04:00:00,408.0,0.408,Observer,Receiving Location,Receiver,Receiving antenna,,Frequência muito baixa para meteor scatter,0.0020642754748240334,734.7854362745098
2025-01-02 04:00:00,409.0,0.409,Observer,Receiving Location,Receiver,Receiving antenna,,Frequência muito baixa para meteor scatter,0.00207440687298178,732.9888948655257
2025-01-02 04:10:00,412.0,0.412,Observer,Receiving Location,Receiver,Receiving antenna,,Frequência muito baixa para meteor scatter,0.002104949876240693,727.6515970873786
2025-01-02 04:10:00,413.0,0.413,Observer,Receiving Location,Receiver,Receiving antenna,,Frequência muito baixa para meteor scatter,0.0021151804802555536,725.8897288135594
2025-01-02 04:10:00,415.0,0.415,Observer,Receiving Location,Receiver,Receiving antenna,,Frequência muito baixa para meteor scatter,0.0021357160926781115,722.391465060241
2025-01-02 04:10:00,416.0,0.416,Observer,Receiving Location,Receiver,Receiving antenna,,Frequência muito baixa para meteor scatter,0.0021460211010858074,720.6549471153846
2025-01-02 04:10:00,418.0,0.418,Observer,Receiving Location,Receiver,Receiving antenna,,Frequência muito baixa para meteor scatter,0.002166705522294036,717.2068373205742
2025-01-02 04:10:00,419.0,0.419,Observer,Receiving Location,Receiver,Receiving antenna,,Frequência muito baixa para meteor scatter,0.0021770849350945675,715.4951264916468
2025-01-02 04:20:00,44.25,0.04425,Observer,Receiving Location,Receiver,Receiving antenna,,Frequência muito baixa para meteor scatter,2.4281408574362226e-05,6774.970802259887
2025-01-02 04:20:00,422.0,0.422,Observer,Receiving Location,Receiver,Receiving antenna,,Frequência muito baixa para meteor scatter,0.0022083719822818338,710.4086682464455
2025-01-02 04:20:00,423.0,0.423,Observer,Receiving Location,Receiver,Receiving antenna,,Frequência muito baixa para meteor scatter,0.002218850600939479,708.7292151300236
2025-01-02 04:20:00,425.0,0.425,Observer,Receiving Location,Receiver,Receiving antenna,,Frequência muito baixa para meteor scatter,0.002239882242647606,705.3940188235294
2025-01-02 04:20:00,426.0,0.426,Observer,Receiving Location,Receiver,Receiving antenna,,Frequência muito baixa para meteor scatter,0.002250435265698086,703.7381643192489
2025-01-02 04:20:00,428.0,0.428,Observer,Receiving Location,Receiver,Receiving antenna,,Frequência muito baixa para meteor scatter,0.002271615716191884,700.4496682242991
2025-01-02 04:20:00,429.0,0.429,Observer,Receiving Location,Receiver,Receiving antenna,,Frequência muito baixa para meteor scatter,0.0022822431436351994,698.8169184149184
2025-01-02 04:30:00,44.25,0.04425,Observer,Receiving Location,Receiver,Receiving antenna,,Frequência muito baixa para meteor scatter,2.4281408574362226e-05,6774.970802259887
2025-01-02 04:30:00,432.0,0.432,Observer,Receiving Location,Receiver,Receiving antenna,,Frequência muito baixa para meteor scatter,0.0023142742347508198,693.9640231481482
2025-01-02 04:30:00,433.0,0.433,Observer,Receiving Location,Receiver,Receiving antenna,,Frequência muito baixa para meteor scatter,0.002325000868051249,692.3613348729792
2025-01-02 04:30:00,435.0,0.435,Observer,Receiving Location,Receiver,Receiving antenna,,Frequência muito baixa para meteor scatter,0.002346528539044945,689.1780643678161
2025-01-02 04:30:00,436.0,0.436,Observer,Receiving Location,Receiver,Receiving antenna,,Frequência muito baixa para meteor scatter,0.00235732957673821,687.597380733945
2025-01-02 04:30:00,438.0,0.438,Observer,Receiving Location,Receiver,Receiving antenna,,Frequência muito baixa para meteor scatter,0.0023790060565175766,684.4576666666667
2025-01-02 04:30:00,439.0,0.439,Observer,Receiving Location,Receiver,Receiving antenna,,Frequência muito baixa para meteor scatter,0.002389881498603677,682.8985375854214
2025-01-02 04:40:00,44.25,0.04425,Observer,Receiving Location,Receiver,Receiving antenna,,Frequência muito baixa para meteor scatter,2.4281408574362226e-05,6774.970802259887
2025-01-02 04:40:00,442.0,0.442,Observer,Receiving Location,Receiver,Receiving antenna,,Frequência muito baixa para meteor scatter,0.002422656633647651,678.263479638009
2025-01-02 04:40:00,443.0,0.443,Observer,Receiving Location,Receiver,Receiving antenna,,Frequência muito baixa para meteor scatter,0.0024336312815908647,676.7324108352144
2025-01-02 04:40:00,446.0,0.446,Observer,Receiving Location,Receiver,Receiving antenna,,Frequência muito baixa para meteor scatter,0.0024667040342061792,672.180399103139
2025-01-02 04:40:00,448.0,0.448,Observer,Receiving Location,Receiver,Receiving antenna,,Frequência muito baixa para meteor scatter,0.002488876543271115,669.17959375
2025-01-02 04:40:00,449.0,0.449,Observer,Receiving Location,Receiver,Receiving antenna,,Frequência muito baixa para meteor scatter,0.0024999999999999996,667.6892160356348
2025-01-02 04:50:00,44.25,0.04425,Observer,Receiving Location,Receiver,Receiving antenna,,Frequência muito baixa para meteor scatter,2.4281408574362226e-05,6774.970802259887
2025-01-02 04:50:00,452.0,0.452,Observer,Receiving Location,Receiver,Receiving antenna,,Frequência muito baixa para meteor scatter,0.0025335191789723267,663.2576504424778
2025-01-02 04:50:00,453.0,0.453,Observer,Receiving Location,Receiver,Receiving antenna,,Frequência muito baixa para meteor scatter,0.0025447418415583253,661.7935055187638
2025-01-02 04:50:00,455.0,0.455,Observer,Receiving Location,Receiver,Receiving antenna,,Frequência muito baixa para meteor scatter,0.002567261571123159,658.8845230769231
2025-01-02 04:50:00,456.0,0.456,Observer,Receiving Location,Receiver,Receiving antenna,,Frequência muito baixa para meteor scatter,0.0025785586381019934,657.439600877193
2025-01-02 04:50:00,457.0,0.457,Observer,Receiving Location,Receiver,Receiving antenna,,Frequência muito baixa para meteor scatter,0.0025898805065451063,656.0010021881839
2025-01-02 04:50:00,458.0,0.458,Observer,Receiving Location,Receiver,Receiving antenna,,Frequência muito baixa para meteor scatter,0.002601227176452498,654.5686855895196
2025-01-02 04:50:00,459.0,0.459,Observer,Receiving Location,Receiver,Receiving antenna,,Frequência muito baixa para meteor scatter,0.0026125986478241674,653.1426100217865
2025-01-02 05:00:00,44.25,0.04425,Observer,Receiving Location,Receiver,Receiving antenna,,Frequência muito baixa para meteor scatter,2.4281408574362226e-05,6774.970802259887
2025-01-02 05:00:00,502.0,0.502,Observer,Receiving Location,Receiver,Receiving antenna,,Frequência muito baixa para meteor scatter,0.003125034102013383,597.1961314741036
2025-01-02 05:00:00,503.0,0.503,Observer,Receiving Location,Receiver,Receiving antenna,,Frequência muito baixa para meteor scatter,0.003137496837813304,596.0088628230616
2025-01-02 05:00:00,506.0,0.506,Observer,Receiving Location,Receiver,Receiving antenna,,Frequência muito baixa para meteor scatter,0.0031750338539987396,592.4752134387352
2025-01-02 05:00:00,508.0,0.508,Observer,Receiving Location,Receiver,Receiving antenna,,Frequência muito baixa para meteor scatter,0.0032001825387770895,590.1426338582677
2025-01-02 05:00:00,509.0,0.509,Observer,Receiving Location,Receiver,Receiving antenna,,Frequência muito baixa para meteor scatter,0.003212794083362681,588.9832180746562
2025-01-02 05:10:00,44.25,0.04425,Observer,Receiving Location,Receiver,Receiving antenna,,Frequência muito baixa para meteor scatter,2.4281408574362226e-05,6774.970802259887
2025-01-02 05:10:00,512.0,0.512,Observer,Receiving Location,Receiver,Receiving antenna,,Frequência muito baixa para meteor scatter,0.0032507775259051296,585.53214453125
2025-01-02 05:10:00,515.0,0.515,Observer,Receiving Location,Receiver,Receiving antenna,,Frequência muito baixa para meteor scatter,0.0032889841816260835,582.121277669903
2025-01-02 05:10:00,518.0,0.518,Observer,Receiving Location,Receiver,Receiving antenna,,Frequência muito baixa para meteor scatter,0.0033274140505255433,578.7499189189189
2025-01-02 05:10:00,519.0,0.519,Observer,Receiving Location,Receiver,Receiving antenna,,Frequência muito baixa para meteor scatter,0.0033402736097539196,577.6347938342967
2025-01-02 05:20:00,522.0,0.522,Observer,Receiving Location,Receiver,Receiving antenna,,Frequência muito baixa para meteor scatter,0.0033790010962247213,574.3150536398467
2025-01-02 05:20:00,523.0,0.523,Observer,Receiving Location,Receiver,Receiving antenna,,Frequência muito baixa para meteor scatter,0.0033919598613102115,573.2169369024857
2025-01-02 05:20:00,525.0,0.525,Observer,Receiving Location,Receiver,Receiving antenna,,Frequência muito baixa para meteor scatter,0.003417951795874029,571.0332533333333
2025-01-02 05:20:00,526.0,0.526,Observer,Receiving Location,Receiver,Receiving antenna,,Frequência muito baixa para meteor scatter,0.0034309849653523542,569.94763878327
2025-01-02 05:20:00,527.0,0.527,Observer,Receiving Location,Receiver,Receiving antenna,,Frequência muito baixa para meteor scatter,0.0034440429362949587,568.8661442125237
2025-01-02 05:20:00,528.0,0.528,Observer,Receiving Location,Receiver,Receiving antenna,,Frequência muito baixa para meteor scatter,0.003457125708701842,567.7887462121212
2025-01-02 05:20:00,529.0,0.529,Observer,Receiving Location,Receiver,Receiving antenna,,Frequência muito baixa para meteor scatter,0.003470233282573003,566.7154215500946
2025-01-02 05:30:00,44.25,0.04425,Observer,Receiving Location,Receiver,Receiving antenna,,Frequência muito baixa para meteor scatter,2.4281408574362226e-05,6774.970802259887
2025-01-02 05:30:00,532.0,0.532,Observer,Receiving Location,Receiver,Receiving antenna,,Frequência muito baixa para meteor scatter,0.003509704812972158,563.5196578947368
2025-01-02 05:30:00,533.0,0.533,Observer,Receiving Location,Receiver,Receiving antenna,,Frequência muito baixa para meteor scatter,0.003522911592700433,562.4623977485928
2025-01-02 05:30:00,535.0,0.535,Observer,Receiving Location,Receiver,Receiving antenna,,Frequência muito baixa para meteor scatter,0.003549399556549819,560.3597345794393
2025-01-02 05:30:00,536.0,0.536,Observer,Receiving Location,Receiver,Receiving antenna,,Frequência muito baixa para meteor scatter,0.003562680740670929,559.3142873134328
2025-01-02 05:30:00,537.0,0.537,Observer,Receiving Location,Receiver,Receiving antenna,,Frequência muito baixa para meteor scatter,0.0035759867262563183,558.2727337057728
2025-01-02 05:30:00,538.0,0.538,Observer,Receiving Location,Receiver,Receiving antenna,,Frequência muito baixa para meteor scatter,0.003589317513305986,557.2350520446097
2025-01-02 05:30:00,539.0,0.539,Observer,Receiving Location,Receiver,Receiving antenna,,Frequência muito baixa para meteor scatter,0.003602673101819931,556.2012207792208
2025-01-02 05:40:00,44.25,0.04425,Observer,Receiving Location,Receiver,Receiving antenna,,Frequência muito baixa para meteor scatter,2.4281408574362226e-05,6774.970802259887
2025-01-02 05:40:00,542.0,0.542,Observer,Receiving Location,Receiver,Receiving antenna,,Frequência muito baixa para meteor scatter,0.0036428886761474396,553.1226162361623
2025-01-02 05:40:00,543.0,0.543,Observer,Receiving Location,Receiver,Receiving antenna,,Frequência muito baixa para meteor scatter,0.0036563434705184994,552.1039742173112
2025-01-02 05:40:00,544.0,0.544,Observer,Receiving Location,Receiver,Receiving antenna,,Frequência muito baixa para meteor scatter,0.003669823066353838,551.0890772058824
2025-01-02 05:40:00,546.0,0.546,Observer,Receiving Location,Receiver,Receiving antenna,,Frequência muito baixa para meteor scatter,0.003696856662417349,549.0704358974359
2025-01-02 05:40:00,548.0,0.548,Observer,Receiving Location,Receiver,Receiving antenna,,Frequência muito baixa para meteor scatter,0.003723989464337975,547.0665291970803
2025-01-02 05:40:00,549.0,0.549,Observer,Receiving Location,Receiver,Receiving antenna,,Frequência muito baixa para meteor scatter,0.0037375930674947047,546.0700510018215
2025-01-02 05:50:00,44.25,0.04425,Observer,Receiving Location,Receiver,Receiving antenna,,Frequência muito baixa para meteor scatter,2.4281408574362226e-05,6774.970802259887
2025-01-02 05:50:00,552.0,0.552,Observer,Receiving Location,Receiver,Receiving antenna,,Frequência muito baixa para meteor scatter,0.0037785526857505667,543.1022789855073
2025-01-02 05:50:00,553.0,0.553,Observer,Receiving Location,Receiver,Receiving antenna,,Frequência muito baixa para meteor scatter,0.003792255494764411,542.1201772151899
2025-01-02 05:50:00,554.0,0.554,Observer,Receiving Location,Receiver,Receiving antenna,,Frequência muito baixa para meteor scatter,0.003805983105242534,541.1416209386282
2025-01-02 05:50:00,558.0,0.558,Observer,Receiving Location,Receiver,Receiving antenna,,Frequência muito baixa para meteor scatter,0.003861141561797809,537.2624695340502
2025-01-02 05:50:00,559.0,0.559,Observer,Receiving Location,Receiver,Receiving antenna,,Frequência muito baixa para meteor scatter,0.0038749931795973233,536.3013559928444
2025-01-02 05:50:00,0.6,0.0006,Observer,Receiving Location,Receiver,Receiving antenna,,Frequência muito baixa para meteor scatter,4.464263570121179e-09,499654.0966666667
2025-01-02 06:00:00,44.25,0.04425,Observer,Receiving Location,Receiver,Receiving antenna,,Frequência muito baixa para meteor scatter,2.4281408574362226e-05,6774.970802259887
2025-01-02 06:00:00,602.0,0.602,Observer,Receiving Location,Receiver,Receiving antenna,,Frequência muito baixa para meteor scatter,0.004494074930183878,497.9941162790698
2025-01-02 06:00:00,604.0,0.604,Observer,Receiving Location,Receiver,Receiving antenna,,Frequência muito baixa para meteor scatter,0.004523985496103691,496.34512913907287
2025-01-02 06:00:00,606.0,0.606,Observer,Receiving Location,Receiver,Receiving antenna,,Frequência muito baixa para meteor scatter,0.004553995267880614,494.7070264026403
2025-01-02 06:00:00,608.0,0.608,Observer,Receiving Location,Receiver,Receiving antenna,,Frequência muito baixa para meteor scatter,0.004584104245514655,493.07970065789476
2025-01-02 06:10:00,44.25,0.04425,Observer,Receiving Location,Receiver,Receiving antenna,,Frequência muito baixa para meteor scatter,2.4281408574362226e-05,6774.970802259887
2025-01-02 06:10:00,612.0,0.612,Observer,Receiving Location,Receiver,Receiving antenna,,Frequência muito baixa para meteor scatter,0.004644619818354075,489.8569575163399
2025-01-02 06:10:00,615.0,0.615,Observer,Receiving Location,Receiver,Receiving antenna,,Frequência muito baixa para meteor scatter,0.0046902669133585635,487.4674113821138
2025-01-02 06:10:00,616.0,0.616,Observer,Receiving Location,Receiver,Receiving antenna,,Frequência muito baixa para meteor scatter,0.004705532214621951,486.6760681818182
2025-01-02 06:20:00,44.25,0.04425,Observer,Receiving Location,Receiver,Receiving antenna,,Frequência muito baixa para meteor scatter,2.4281408574362226e-05,6774.970802259887
2025-01-02 06:20:00,625.0,0.625,Observer,Receiving Location,Receiver,Receiving antenna,,Frequência muito baixa para meteor scatter,0.0048440359918849605,479.6679328
2025-01-02 06:20:00,627.0,0.627,Observer,Receiving Location,Receiver,Receiving antenna,,Frequência muito baixa para meteor scatter,0.004875087425161582,478.13789154704943
2025-01-02 06:20:00,629.0,0.629,Observer,Receiving Location,Receiver,Receiving antenna,,Frequência muito baixa para meteor scatter,0.004906238064295315,476.6175802861685
2025-01-02 06:20:00,630.0,0.63,Observer,Receiving Location,Receiver,Receiving antenna,,Frequência muito baixa para meteor scatter,0.004921850586058601,475.8610444444444
2025-01-02 06:30:00,44.25,0.04425,Observer,Receiving Location,Receiver,Receiving antenna,,Frequência muito baixa para meteor scatter,2.4281408574362226e-05,6774.970802259887
2025-01-02 06:30:00,632.0,0.632,Observer,Receiving Location,Receiver,Receiving antenna,,Frequência muito baixa para meteor scatter,0.004953150033978005,474.35515506329114
2025-01-02 06:30:00,633.0,0.633,Observer,Receiving Location,Receiver,Receiving antenna,,Frequência muito baixa para meteor scatter,0.004968836960134127,473.6057788309637
2025-01-02 06:30:00,634.0,0.634,Observer,Receiving Location,Receiver,Receiving antenna,,Frequência muito baixa para meteor scatter,0.0049845486877545244,472.8587665615142
2025-01-02 06:30:00,635.0,0.635,Observer,Receiving Location,Receiver,Receiving antenna,,Frequência muito baixa para meteor scatter,0.005000285216839201,472.1141070866142
2025-01-02 06:30:00,636.0,0.636,Observer,Receiving Location,Receiver,Receiving antenna,,Frequência muito baixa para meteor scatter,0.005016046547388158,471.3717893081761
2025-01-02 06:30:00,637.0,0.637,Observer,Receiving Location,Receiver,Receiving antenna,,Frequência muito baixa para meteor scatter,0.005031832679401392,470.6318021978022
2025-01-02 06:30:00,638.0,0.638,Observer,Receiving Location,Receiver,Receiving antenna,,Frequência muito baixa para meteor scatter,0.005047643612878903,469.89413479623823
2025-01-02 06:30:00,639.0,0.639,Observer,Receiving Location,Receiver,Receiving antenna,,Frequência muito baixa para meteor scatter,0.005063479347820696,469.15877621283255
2025-01-02 06:40:00,44.25,0.04425,Observer,Receiving Location,Receiver,Receiving antenna,,Frequência muito baixa para meteor scatter,2.4281408574362226e-05,6774.970802259887
2025-01-02 06:40:00,642.0,0.642,Observer,Receiving Location,Receiver,Receiving antenna,,Frequência muito baixa para meteor scatter,0.005111135361431739,466.96644548286605
2025-01-02 06:40:00,643.0,0.643,Observer,Receiving Location,Receiver,Receiving antenna,,Frequência muito baixa para meteor scatter,0.005127070302230643,466.24021461897354
2025-01-02 06:40:00,644.0,0.644,Observer,Receiving Location,Receiver,Receiving antenna,,Frequência muito baixa para meteor scatter,0.005143030044493826,465.51623913043477
2025-01-02 06:40:00,646.0,0.646,Observer,Receiving Location,Receiver,Receiving antenna,,Frequência muito baixa para meteor scatter,0.005175023933413028,464.0750123839009
2025-01-02 06:40:00,648.0,0.648,Observer,Receiving Location,Receiver,Receiving antenna,,Frequência muito baixa para meteor scatter,0.005207117028189345,462.6426820987654
2025-01-02 06:40:00,649.0,0.649,Observer,Receiving Location,Receiver,Receiving antenna,,Frequência muito baixa para meteor scatter,0.005223200777773919,461.9298274268105
2025-01-02 06:50:00,44.25,0.04425,Observer,Receiving Location,Receiver,Receiving antenna,,Frequência muito baixa para meteor scatter,2.4281408574362226e-05,6774.970802259887
2025-01-02 06:50:00,652.0,0.652,Observer,Receiving Location,Receiver,Receiving antenna,,Frequência muito baixa para meteor scatter,0.005271600835313316,459.80438343558285
2025-01-02 06:50:00,653.0,0.653,Observer,Receiving Location,Receiver,Receiving antenna,,Frequência muito baixa para meteor scatter,0.0052877837907550065,459.1002419601838
2025-01-02 06:50:00,656.0,0.656,Observer,Receiving Location,Receiver,Receiving antenna,,Frequência muito baixa para meteor scatter,0.005336481465865745,457.0006981707317
2025-01-02 06:50:00,658.0,0.658,Observer,Receiving Location,Receiver,Receiving antenna,,Frequência muito baixa para meteor scatter,0.0053690705899276285,455.61163829787233
2025-01-02 07:00:00,44.25,0.04425,Observer,Receiving Location,Receiver,Receiving antenna,,Frequência muito baixa para meteor scatter,2.4281408574362226e-05,6774.970802259887
2025-01-02 07:00:00,702.0,0.702,Observer,Receiving Location,Receiver,Receiving antenna,,Frequência muito baixa para meteor scatter,0.006111130401138882,427.0547834757835
2025-01-02 07:00:00,704.0,0.704,Observer,Receiving Location,Receiver,Receiving antenna,,Frequência muito baixa para meteor scatter,0.006146001259914385,425.84155965909093
2025-01-02 07:00:00,705.0,0.705,Observer,Receiving Location,Receiver,Receiving antenna,,Frequência muito baixa para meteor scatter,0.006163473891498553,425.2375290780142
2025-01-02 07:00:00,706.0,0.706,Observer,Receiving Location,Receiver,Receiving antenna,,Frequência muito baixa para meteor scatter,0.006180971324546999,424.63520963172806
2025-01-02 07:00:00,708.0,0.708,Observer,Receiving Location,Receiver,Receiving antenna,,Frequência muito baixa para meteor scatter,0.00621604059503673,423.43567514124294
2025-01-02 07:10:00,44.25,0.04425,Observer,Receiving Location,Receiver,Receiving antenna,,Frequência muito baixa para meteor scatter,2.4281408574362226e-05,6774.970802259887
2025-01-02 07:10:00,711.0,0.711,Observer,Receiving Location,Receiver,Receiving antenna,,Frequência muito baixa para meteor scatter,0.006268830511753413,421.64902672292544
2025-01-02 07:10:00,712.0,0.712,Observer,Receiving Location,Receiver,Receiving antenna,,Frequência muito baixa para meteor scatter,0.00628647675358753,421.0568230337079
2025-01-02 07:10:00,715.0,0.715,Observer,Receiving Location,Receiver,Receiving antenna,,Frequência muito baixa para meteor scatter,0.006339564287875554,419.29015104895103
2025-01-02 07:10:00,716.0,0.716,Observer,Receiving Location,Receiver,Receiving antenna,,Frequência muito baixa para meteor scatter,0.006357309735566787,418.7045502793296
2025-01-02 07:20:00,44.25,0.04425,Observer,Receiving Location,Receiver,Receiving antenna,,Frequência muito baixa para meteor scatter,2.4281408574362226e-05,6774.970802259887
2025-01-02 07:20:00,722.0,0.722,Observer,Receiving Location,Receiver,Receiving antenna,,Frequência muito baixa para meteor scatter,0.006464303252464025,415.2250110803324
2025-01-02 07:20:00,723.0,0.723,Observer,Receiving Location,Receiver,Receiving antenna,,Frequência muito baixa para meteor scatter,0.006482222310405205,414.65070262793915
2025-01-02 07:20:00,724.0,0.724,Observer,Receiving Location,Receiver,Receiving antenna,,Frequência muito baixa para meteor scatter,0.0065001661698106655,414.0779806629834
2025-01-02 07:20:00,725.0,0.725,Observer,Receiving Location,Receiver,Receiving antenna,,Frequência muito baixa para meteor scatter,0.006518134830680403,413.5068386206897
2025-01-02 07:20:00,727.0,0.727,Observer,Receiving Location,Receiver,Receiving antenna,,Frequência muito baixa para meteor scatter,0.006554146556812714,412.3692682255846
2025-01-02 07:20:00,728.0,0.728,Observer,Receiving Location,Receiver,Receiving antenna,,Frequência muito baixa para meteor scatter,0.006572189622075286,411.8028269230769
2025-01-02 07:20:00,729.0,0.729,Observer,Receiving Location,Receiver,Receiving antenna,,Frequência muito baixa para meteor scatter,0.006590257488802137,411.23793964334703
2025-01-02 07:30:00,44.25,0.04425,Observer,Receiving Location,Receiver,Receiving antenna,,Frequência muito baixa para meteor scatter,2.4281408574362226e-05,6774.970802259887
2025-01-02 07:30:00,731.0,0.731,Observer,Receiving Location,Receiver,Receiving antenna,,Frequência muito baixa para meteor scatter,0.006626467626648676,410.1128016415869
2025-01-02 07:30:00,732.0,0.732,Observer,Receiving Location,Receiver,Receiving antenna,,Frequência muito baixa para meteor scatter,0.006644609897768362,409.5525382513661
2025-01-02 07:30:00,733.0,0.733,Observer,Receiving Location,Receiver,Receiving antenna,,Frequência muito baixa para meteor scatter,0.006662776970352329,408.9938035470669
2025-01-02 07:30:00,734.0,0.734,Observer,Receiving Location,Receiver,Receiving antenna,,Frequência muito baixa para meteor scatter,0.006680968844400573,408.43659128065394
2025-01-02 07:30:00,735.0,0.735,Observer,Receiving Location,Receiver,Receiving antenna,,Frequência muito baixa para meteor scatter,0.006699185519913094,407.88089523809526
2025-01-02 07:30:00,736.0,0.736,Observer,Receiving Location,Receiver,Receiving antenna,,Frequência muito baixa para meteor scatter,0.0067174269968898965,407.3267092391304
2025-01-02 07:30:00,737.0,0.737,Observer,Receiving Location,Receiver,Receiving antenna,,Frequência muito baixa para meteor scatter,0.006735693275330974,406.7740271370421
2025-01-02 07:30:00,739.0,0.739,Observer,Receiving Location,Receiver,Receiving antenna,,Frequência muito baixa para meteor scatter,0.0067723002366059685,405.673150202977
2025-01-02 07:40:00,44.25,0.04425,Observer,Receiving Location,Receiver,Receiving antenna,,Frequência muito baixa para meteor scatter,2.4281408574362226e-05,6774.970802259887
2025-01-02 07:40:00,741.0,0.741,Observer,Receiving Location,Receiver,Receiving antenna,,Frequência muito baixa para meteor scatter,0.0068090064037380745,404.57821592442644
2025-01-02 07:40:00,742.0,0.742,Observer,Receiving Location,Receiver,Receiving antenna,,Frequência muito baixa para meteor scatter,0.006827396689500548,404.03296226415097
2025-01-02 07:40:00,743.0,0.743,Observer,Receiving Location,Receiver,Receiving antenna,,Frequência muito baixa para meteor scatter,0.0068458117767272965,403.48917631224765
2025-01-02 07:40:00,744.0,0.744,Observer,Receiving Location,Receiver,Receiving antenna,,Frequência muito baixa para meteor scatter,0.006864251665418326,402.9468521505376
2025-01-02 07:40:00,745.0,0.745,Observer,Receiving Location,Receiver,Receiving antenna,,Frequência muito baixa para meteor scatter,0.006882716355573633,402.4059838926174
2025-01-02 07:40:00,747.0,0.747,Observer,Receiving Location,Receiver,Receiving antenna,,Frequência muito baixa para meteor scatter,0.006919720140277082,401.32859170013387
2025-01-02 07:40:00,748.0,0.748,Observer,Receiving Location,Receiver,Receiving antenna,,Frequência muito baixa para meteor scatter,0.006938259234825224,400.7920561497326
2025-01-02 07:40:00,749.0,0.749,Observer,Receiving Location,Receiver,Receiving antenna,,Frequência muito baixa para meteor scatter,0.006956823130837644,400.256953271028
2025-01-02 07:50:00,751.0,0.751,Observer,Receiving Location,Receiver,Receiving antenna,,Frequência muito baixa para meteor scatter,0.006994025327255321,399.19102263648466
2025-01-02 07:50:00,753.0,0.753,Observer,Receiving Location,Receiver,Receiving antenna,,Frequência muito baixa para meteor scatter,0.007031326729530112,398.13075431606904
2025-01-02 07:50:00,757.0,0.757,Observer,Receiving Location,Receiver,Receiving antenna,,Frequência muito baixa para meteor scatter,0.0071062271516510326,396.0270250990753
2025-01-02 07:50:00,759.0,0.759,Observer,Receiving Location,Receiver,Receiving antenna,,Frequência muito baixa para meteor scatter,0.007143826171497165,394.9834756258235
2025-01-02 08:00:00,44.25,0.04425,Observer,Receiving Location,Receiver,Receiving antenna,,Frequência muito baixa para meteor scatter,2.4281408574362226e-05,6774.970802259887
2025-01-02 08:00:00,8033.0,8.033,Observer,Receiving Location,Receiver,Receiving antenna,,Frequência muito baixa para meteor scatter,0.8002079478772424,37.32011178887091
2025-01-02 08:00:00,805.0,0.805,Observer,Receiving Location,Receiver,Receiving antenna,,Frequência muito baixa para meteor scatter,0.008035984444521605,372.4129913043478
2025-01-02 08:00:00,806.0,0.806,Observer,Receiving Location,Receiver,Receiving antenna,,Frequência muito baixa para meteor scatter,0.008055962023997897,371.9509404466501
2025-01-02 08:00:00,807.0,0.807,Observer,Receiving Location,Receiver,Receiving antenna,,Frequência muito baixa para meteor scatter,0.00807596440493847,371.49003469640644
2025-01-02 08:00:00,809.0,0.809,Observer,Receiving Location,Receiver,Receiving antenna,,Frequência muito baixa para meteor scatter,0.008116043571212444,370.5716415327565
2025-01-02 08:10:00,44.25,0.04425,Observer,Receiving Location,Receiver,Receiving antenna,,Frequência muito baixa para meteor scatter,2.4281408574362226e-05,6774.970802259887
2025-01-02 08:10:00,813.0,0.813,Observer,Receiving Location,Receiver,Receiving antenna,,Frequência muito baixa para meteor scatter,0.008196499521331738,368.74841082410825
2025-01-02 08:10:00,815.0,0.815,Observer,Receiving Location,Receiver,Receiving antenna,,Frequência muito baixa para meteor scatter,0.008236876305177054,367.84350674846627
2025-01-02 08:10:00,817.0,0.817,Observer,Receiving Location,Receiver,Receiving antenna,,Frequência muito baixa para meteor scatter,0.008277352294879487,366.94303304773564
2025-01-02 08:10:00,818.0,0.818,Observer,Receiving Location,Receiver,Receiving antenna,,Frequência muito baixa para meteor scatter,0.00829762749192712,366.49444743276285
2025-01-02 08:10:00,819.0,0.819,Observer,Receiving Location,Receiver,Receiving antenna,,Frequência muito baixa para meteor scatter,0.008317927490439034,366.04695726495726
2025-01-02 08:20:00,44.25,0.04425,Observer,Receiving Location,Receiver,Receiving antenna,,Frequência muito baixa para meteor scatter,2.4281408574362226e-05,6774.970802259887
2025-01-02 08:20:00,821.0,0.821,Observer,Receiving Location,Receiver,Receiving antenna,,Frequência muito baixa para meteor scatter,0.008358601891855695,365.1552472594397
2025-01-02 08:20:00,822.0,0.822,Observer,Receiving Location,Receiver,Receiving antenna,,Frequência muito baixa para meteor scatter,0.008378976294760442,364.7110194647202
2025-01-02 08:20:00,8235.0,8.235,Observer,Receiving Location,Receiver,Receiving antenna,,Frequência muito baixa para meteor scatter,0.8409584401863085,36.4046700667881
2025-01-02 08:20:00,825.0,0.825,Observer,Receiving Location,Receiver,Receiving antenna,,Frequência muito baixa para meteor scatter,0.008440248312260354,363.3847975757576
2025-01-02 08:20:00,826.0,0.826,Observer,Receiving Location,Receiver,Receiving antenna,,Frequência muito baixa para meteor scatter,0.008460721921022214,362.9448644067797
2025-01-02 08:20:00,827.0,0.827,Observer,Receiving Location,Receiver,Receiving antenna,,Frequência muito baixa para meteor scatter,0.008481220331248356,362.50599516324064
2025-01-02 08:20:00,829.0,0.829,Observer,Receiving Location,Receiver,Receiving antenna,,Frequência muito baixa para meteor scatter,0.00852229155609347,361.63143305186975
2025-01-02 08:30:00,44.25,0.04425,Observer,Receiving Location,Receiver,Receiving antenna,,Frequência muito baixa para meteor scatter,2.4281408574362226e-05,6774.970802259887
2025-01-02 08:30:00,833.0,0.833,Observer,Receiving Location,Receiver,Receiving antenna,,Frequência muito baixa para meteor scatter,0.008604731623355042,359.8949075630252
2025-01-02 08:30:00,834.0,0.834,Observer,Receiving Location,Receiver,Receiving antenna,,Frequência muito baixa para meteor scatter,0.00862540364383113,359.4633788968825
2025-01-02 08:30:00,835.0,0.835,Observer,Receiving Location,Receiver,Receiving antenna,,Frequência muito baixa para meteor scatter,0.008646100465771496,359.0328838323353
2025-01-02 08:30:00,836.0,0.836,Observer,Receiving Location,Receiver,Receiving antenna,,Frequência muito baixa para meteor scatter,0.008666822089176143,358.6034186602871
2025-01-02 08:30:00,837.0,0.837,Observer,Receiving Location,Receiver,Receiving antenna,,Frequência muito baixa para meteor scatter,0.008687568514045067,358.1749796893668
2025-01-02 08:30:00,839.0,0.839,Observer,Receiving Location,Receiver,Receiving antenna,,Frequência muito baixa para meteor scatter,0.008729135768175753,357.32116567342075
2025-01-02 08:40:00,44.25,0.04425,Observer,Receiving Location,Receiver,Receiving antenna,,Frequência muito baixa para meteor scatter,2.4281408574362226e-05,6774.970802259887
2025-01-02 08:40:00,841.0,0.841,Observer,Receiving Location,Receiver,Receiving antenna,,Frequência muito baixa para meteor scatter,0.00877080222816355,356.4714126040428
2025-01-02 08:40:00,842.0,0.842,Observer,Receiving Location,Receiver,Receiving antenna,,Frequência muito baixa para meteor scatter,0.008791672660353866,356.04804988123516
2025-01-02 08:40:00,843.0,0.843,Observer,Receiving Location,Receiver,Receiving antenna,,Frequência muito baixa para meteor scatter,0.00881256789400846,355.6256915776987
2025-01-02 08:40:00,845.0,0.845,Observer,Receiving Location,Receiver,Receiving antenna,,Frequência muito baixa para meteor scatter,0.008854432765710487,354.783973964497
2025-01-02 08:40:00,846.0,0.846,Observer,Receiving Location,Receiver,Receiving antenna,,Frequência muito baixa para meteor scatter,0.008875402403757915,354.3646075650118
2025-01-02 08:40:00,847.0,0.847,Observer,Receiving Location,Receiver,Receiving antenna,,Frequência muito baixa para meteor scatter,0.008896396843269627,353.94623140495867
2025-01-02 08:40:00,848.0,0.848,Observer,Receiving Location,Receiver,Receiving antenna,,Frequência muito baixa para meteor scatter,0.008917416084245613,353.5288419811321
2025-01-02 08:40:00,849.0,0.849,Observer,Receiving Location,Receiver,Receiving antenna,,Frequência muito baixa para meteor scatter,0.008938460126685878,353.11243580683157
2025-01-02 08:50:00,44.25,0.04425,Observer,Receiving Location,Receiver,Receiving antenna,,Frequência muito baixa para meteor scatter,2.4281408574362226e-05,6774.970802259887
2025-01-02 08:50:00,851.0,0.851,Observer,Receiving Location,Receiver,Receiving antenna,,Frequência muito baixa para meteor scatter,0.008980622615959244,352.2825593419507
2025-01-02 08:50:00,853.0,0.853,Observer,Receiving Location,Receiver,Receiving antenna,,Frequência muito baixa para meteor scatter,0.009022884311089727,351.45657444314185
2025-01-02 08:50:00,855.0,0.855,Observer,Receiving Location,Receiver,Receiving antenna,,Frequência muito baixa para meteor scatter,0.009065245212077319,350.63445380116957
2025-01-02 08:50:00,857.0,0.857,Observer,Receiving Location,Receiver,Receiving antenna,,Frequência muito baixa para meteor scatter,0.009107705318922028,349.81617036172696
2025-01-02 08:50:00,858.0,0.858,Observer,Receiving Location,Receiver,Receiving antenna,,Frequência muito baixa para meteor scatter,0.009128972574540798,349.4084592074592
2025-01-02 08:50:00,859.0,0.859,Observer,Receiving Location,Receiver,Receiving antenna,,Frequência muito baixa para meteor scatter,0.00915026463162385,349.001697322468
2025-01-02 09:00:00,44.25,0.04425,Observer,Receiving Location,Receiver,Receiving antenna,,Frequência muito baixa para meteor scatter,2.4281408574362226e-05,6774.970802259887
2025-01-02 09:00:00,902.0,0.902,Observer,Receiving Location,Receiver,Receiving antenna,,Frequência muito baixa para meteor scatter,0.010089285271402423,332.3641441241685
2025-01-02 09:00:00,903.0,0.903,Observer,Receiving Location,Receiver,Receiving antenna,,Frequência muito baixa para meteor scatter,0.010111668592913724,331.99607751937987
2025-01-02 09:00:00,9052.0,9.052,Observer,Receiving Location,Receiver,Receiving antenna,,Frequência muito baixa para meteor scatter,1.016099920139285,33.11891935483871
2025-01-02 09:00:00,906.0,0.906,Observer,Receiving Location,Receiver,Receiving antenna,,Frequência muito baixa para meteor scatter,0.010178967366233301,330.8967527593819
2025-01-02 09:00:00,907.0,0.907,Observer,Receiving Location,Receiver,Receiving antenna,,Frequência muito baixa para meteor scatter,0.01020144989360172,330.53192723263504
2025-01-02 09:00:00,908.0,0.908,Observer,Receiving Location,Receiver,Receiving antenna,,Frequência muito baixa para meteor scatter,0.010223957222434412,330.1679052863436
2025-01-02 09:00:00,909.0,0.909,Observer,Receiving Location,Receiver,Receiving antenna,,Frequência muito baixa para meteor scatter,0.010246489352731385,329.80468426842685
2025-01-02 09:10:00,44.25,0.04425,Observer,Receiving Location,Receiver,Receiving antenna,,Frequência muito baixa para meteor scatter,2.4281408574362226e-05,6774.970802259887
2025-01-02 09:10:00,912.0,0.912,Observer,Receiving Location,Receiver,Receiving antenna,,Frequência muito baixa para meteor scatter,0.010314234552407974,328.7198004385965
2025-01-02 09:10:00,913.0,0.913,Observer,Receiving Location,Receiver,Receiving antenna,,Frequência muito baixa para meteor scatter,0.010336865888562061,328.35975684556405
2025-01-02 09:10:00,914.0,0.914,Observer,Receiving Location,Receiver,Receiving antenna,,Frequência muito baixa para meteor scatter,0.010359522026180425,328.00050109409193
2025-01-02 09:10:00,917.0,0.917,Observer,Receiving Location,Receiver,Receiving antenna,,Frequência muito baixa para meteor scatter,0.010427639247821191,326.9274351145038
2025-01-02 09:10:00,919.0,0.919,Observer,Receiving Location,Receiver,Receiving antenna,,Frequência muito baixa para meteor scatter,0.010473174736236428,326.215949945593
2025-01-02 09:20:00,44.25,0.04425,Observer,Receiving Location,Receiver,Receiving antenna,,Frequência muito baixa para meteor scatter,2.4281408574362226e-05,6774.970802259887
2025-01-02 09:20:00,922.0,0.922,Observer,Receiving Location,Receiver,Receiving antenna,,Frequência muito baixa para meteor scatter,0.010541663979841371,325.1545097613883
2025-01-02 09:20:00,923.0,0.923,Observer,Receiving Location,Receiver,Receiving antenna,,Frequência muito baixa para meteor scatter,0.01056454333063824,324.80222968580716
2025-01-02 09:20:00,925.0,0.925,Observer,Receiving Location,Receiver,Receiving antenna,,Frequência muito baixa para meteor scatter,0.010610376436624819,324.0999545945946
2025-01-02 09:20:00,926.0,0.926,Observer,Receiving Location,Receiver,Receiving antenna,,Frequência muito baixa para meteor scatter,0.010633330191814524,323.7499546436285
2025-01-02 09:20:00,927.0,0.927,Observer,Receiving Location,Receiver,Receiving antenna,,Frequência muito baixa para meteor scatter,0.010656308748468511,323.40070981661273
2025-01-02 09:20:00,928.0,0.928,Observer,Receiving Location,Receiver,Receiving antenna,,Frequência muito baixa para meteor scatter,0.010679312106586774,323.0522176724138
2025-01-02 09:30:00,44.25,0.04425,Observer,Receiving Location,Receiver,Receiving antenna,,Frequência muito baixa para meteor scatter,2.4281408574362226e-05,6774.970802259887
2025-01-02 09:30:00,931.0,0.931,Observer,Receiving Location,Receiver,Receiving antenna,,Frequência muito baixa para meteor scatter,0.010748470989727234,322.0112330827068
2025-01-02 09:30:00,932.0,0.932,Observer,Receiving Location,Receiver,Receiving antenna,,Frequência muito baixa para meteor scatter,0.01077157355370261,321.66572746781117
2025-01-02 09:30:00,933.0,0.933,Observer,Receiving Location,Receiver,Receiving antenna,,Frequência muito baixa para meteor scatter,0.010794700919142267,321.32096248660235
2025-01-02 09:30:00,935.0,0.935,Observer,Receiving Location,Receiver,Receiving antenna,,Frequência muito baixa para meteor scatter,0.010841030054414412,320.6336449197861
2025-01-02 09:30:00,936.0,0.936,Observer,Receiving Location,Receiver,Receiving antenna,,Frequência muito baixa para meteor scatter,0.010864231824246905,320.2910876068376
2025-01-02 09:40:00,44.25,0.04425,Observer,Receiving Location,Receiver,Receiving antenna,,Frequência muito baixa para meteor scatter,2.4281408574362226e-05,6774.970802259887
2025-01-02 09:40:00,94.0,0.094,Observer,Receiving Location,Receiver,Receiving antenna,,Frequência muito baixa para meteor scatter,0.0001095728691821965,3189.2814680851066
2025-01-02 09:40:00,942.0,0.942,Observer,Receiving Location,Receiver,Receiving antenna,,Frequência muito baixa para meteor scatter,0.011003963273991694,318.251016985138
2025-01-02 09:40:00,947.0,0.947,Observer,Receiving Location,Receiver,Receiving antenna,,Frequência muito baixa para meteor scatter,0.01112108818904668,316.5707053854277
2025-01-02 09:40:00,948.0,0.948,Observer,Receiving Location,Receiver,Receiving antenna,,Frequência muito baixa para meteor scatter,0.011144587576450512,316.2367700421941
2025-01-02 09:40:00,949.0,0.949,Observer,Receiving Location,Receiver,Receiving antenna,,Frequência muito baixa para meteor scatter,0.01116811176531862,315.90353846153846
2025-01-02 09:50:00,44.25,0.04425,Observer,Receiving Location,Receiver,Receiving antenna,,Frequência muito baixa para meteor scatter,2.4281408574362226e-05,6774.970802259887
2025-01-02 09:50:00,952.0,0.952,Observer,Receiving Location,Receiver,Receiving antenna,,Frequência muito baixa para meteor scatter,0.011238833140708624,314.9080441176471
2025-01-02 09:50:00,953.0,0.953,Observer,Receiving Location,Receiver,Receiving antenna,,Frequência muito baixa para meteor scatter,0.01126245653543385,314.5776054564533
2025-01-02 09:50:00,954.0,0.954,Observer,Receiving Location,Receiver,Receiving antenna,,Frequência muito baixa para meteor scatter,0.011286104731623352,314.24785953878404
2025-01-02 09:50:00,955.0,0.955,Observer,Receiving Location,Receiver,Receiving antenna,,Frequência muito baixa para meteor scatter,0.011309777729277133,313.91880418848166
2025-01-02 09:50:00,959.0,0.959,Observer,Receiving Location,Receiver,Receiving antenna,,Frequência muito baixa para meteor scatter,0.011404717734535046,312.60944525547444
2025-01-02 10:00:00,44.25,0.04425,Observer,Receiving Location,Receiver,Receiving antenna,,Frequência muito baixa para meteor scatter,2.4281408574362226e-05,6774.970802259887
2025-01-02 10:00:00,1002.0,1.002,Observer,Receiving Location,Receiver,Receiving antenna,,Frequência muito baixa para meteor scatter,0.012450384670710957,299.19406986027946
2025-01-02 10:00:00,1004.0,1.004,Observer,Receiving Location,Receiver,Receiving antenna,,Frequência muito baixa para meteor scatter,0.012500136408053532,298.5980657370518
2025-01-02 10:00:00,1006.0,1.006,Observer,Receiving Location,Receiver,Receiving antenna,,Frequência muito baixa para meteor scatter,0.012549987351253216,298.0044314115308
2025-01-02 10:00:00,1008.0,1.008,Observer,Receiving Location,Receiver,Receiving antenna,,Frequência muito baixa para meteor scatter,0.012599937500310018,297.4131527777778
2025-01-02 10:00:00,9.0,0.009,Observer,Receiving Location,Receiver,Receiving antenna,,Frequência muito baixa para meteor scatter,1.0044593032772654e-06,33310.27311111111
2025-01-02 10:00:00,1010.0,1.01,Observer,Receiving Location,Receiver,Receiving antenna,,Frequência muito baixa para meteor scatter,0.012649986855223932,296.82421584158413
2025-01-02 10:10:00,44.25,0.04425,Observer,Receiving Location,Receiver,Receiving antenna,,Frequência muito baixa para meteor scatter,2.4281408574362226e-05,6774.970802259887
2025-01-02 10:10:00,1011.0,1.011,Observer,Receiving Location,Receiver,Receiving antenna,,Frequência muito baixa para meteor scatter,0.012675048734877303,296.5306211671612
2025-01-02 10:10:00,1012.0,1.012,Observer,Receiving Location,Receiver,Receiving antenna,,Frequência muito baixa para meteor scatter,0.012700135415994959,296.2376067193676
2025-01-02 10:10:00,1014.0,1.014,Observer,Receiving Location,Receiver,Receiving antenna,,Frequência muito baixa para meteor scatter,0.012750383182623101,295.6533116370809
2025-01-02 10:10:00,1015.0,1.015,Observer,Receiving Location,Receiver,Receiving antenna,,Frequência muito baixa para meteor scatter,0.012775544268133588,295.3620275862069
2025-01-02 10:10:00,1017.0,1.017,Observer,Receiving Location,Receiver,Receiving antenna,,Frequência muito baixa para meteor scatter,0.0128259408435474,294.7811779744346
2025-01-02 10:10:00,1018.0,1.018,Observer,Receiving Location,Receiver,Receiving antenna,,Frequência muito baixa para meteor scatter,0.012851176333450724,294.4916090373281
2025-01-02 10:10:00,1019.0,1.019,Observer,Receiving Location,Receiver,Receiving antenna,,Frequência muito baixa para meteor scatter,0.012876436624818325,294.2026084396467
2025-01-02 10:10:00,1020.0,1.02,Observer,Receiving Location,Receiver,Receiving antenna,,Frequência muito baixa para meteor scatter,0.012901721717650208,293.9141745098039
2025-01-02 10:20:00,44.25,0.04425,Observer,Receiving Location,Receiver,Receiving antenna,,Frequência muito baixa para meteor scatter,2.4281408574362226e-05,6774.970802259887
2025-01-02 10:20:00,1022.0,1.022,Observer,Receiving Location,Receiver,Receiving antenna,,Frequência muito baixa para meteor scatter,0.012952366307706806,293.339
2025-01-02 10:20:00,1073.0,1.073,Observer,Receiving Location,Receiver,Receiving antenna,,Frequência muito baixa para meteor scatter,0.014277322533122354,279.3965125815471
2025-01-02 10:20:00,1026.0,1.026,Observer,Receiving Location,Receiver,Receiving antenna,,Frequência muito baixa para meteor scatter,0.013053953105391342,292.1953781676413
2025-01-02 10:20:00,1029.0,1.029,Observer,Receiving Location,Receiver,Receiving antenna,,Frequência muito baixa para meteor scatter,0.013130403619029663,291.34349659863943
2025-01-02 10:20:00,1030.0,1.03,Observer,Receiving Location,Receiver,Receiving antenna,,Frequência muito baixa para meteor scatter,0.013155936726504334,291.0606388349515
2025-01-02 10:30:00,44.25,0.04425,Observer,Receiving Location,Receiver,Receiving antenna,,Frequência muito baixa para meteor scatter,2.4281408574362226e-05,6774.970802259887
2025-01-02 10:30:00,1032.0,1.032,Observer,Receiving Location,Receiver,Receiving antenna,,Frequência muito baixa para meteor scatter,0.013207077345846497,290.4965678294574
2025-01-02 10:30:00,1034.0,1.034,Observer,Receiving Location,Receiver,Receiving antenna,,Frequência muito baixa para meteor scatter,0.013258317171045779,289.93467891682786
2025-01-02 10:30:00,1035.0,1.035,Observer,Receiving Location,Receiver,Receiving antenna,,Frequência muito baixa para meteor scatter,0.013283974285841832,289.65454879227053
2025-01-02 10:30:00,1036.0,1.036,Observer,Receiving Location,Receiver,Receiving antenna,,Frequência muito baixa para meteor scatter,0.013309656202102173,289.37495945945943
2025-01-02 10:30:00,1037.0,1.037,Observer,Receiving Location,Receiver,Receiving antenna,,Frequência muito baixa para meteor scatter,0.013335362919826782,289.0959093539055
2025-01-02 10:30:00,1039.0,1.039,Observer,Receiving Location,Receiver,Receiving antenna,,Frequência muito baixa para meteor scatter,0.013386850759668847,288.5394205967276
2025-01-02 10:40:00,44.25,0.04425,Observer,Receiving Location,Receiver,Receiving antenna,,Frequência muito baixa para meteor scatter,2.4281408574362226e-05,6774.970802259887
2025-01-02 10:40:00,1042.0,1.042,Observer,Receiving Location,Receiver,Receiving antenna,,Frequência muito baixa para meteor scatter,0.013464268530414035,287.70869289827255
2025-01-02 10:40:00,1043.0,1.043,Observer,Receiving Location,Receiver,Receiving antenna,,Frequência muito baixa para meteor scatter,0.013490124056924317,287.4328456375839
2025-01-02 10:40:00,1044.0,1.044,Observer,Receiving Location,Receiver,Receiving antenna,,Frequência muito baixa para meteor scatter,0.013516004384898885,287.15752681992336
2025-01-02 10:40:00,1048.0,1.048,Observer,Receiving Location,Receiver,Receiving antenna,,Frequência muito baixa para meteor scatter,0.013619773711439924,286.06150572519084
2025-01-02 10:50:00,44.25,0.04425,Observer,Receiving Location,Receiver,Receiving antenna,,Frequência muito baixa para meteor scatter,2.4281408574362226e-05,6774.970802259887
2025-01-02 10:50:00,1052.0,1.052,Observer,Receiving Location,Receiver,Receiving antenna,,Frequência muito baixa para meteor scatter,0.013723939861409417,284.973819391635
2025-01-02 10:50:00,1053.0,1.053,Observer,Receiving Location,Receiver,Receiving antenna,,Frequência muito baixa para meteor scatter,0.013750043402562485,284.7031889838556
2025-01-02 10:50:00,1054.0,1.054,Observer,Receiving Location,Receiver,Receiving antenna,,Frequência muito baixa para meteor scatter,0.013776171745179835,284.4330721062619
2025-01-02 10:50:00,1058.0,1.058,Observer,Receiving Location,Receiver,Receiving antenna,,Frequência muito baixa para meteor scatter,0.013880933130292011,283.3577107750473
2025-01-02 10:50:00,1059.0,1.059,Observer,Receiving Location,Receiver,Receiving antenna,,Frequência muito baixa para meteor scatter,0.01390718548023075,283.09013975448534
2025-01-02 11:00:00,44.25,0.04425,Observer,Receiving Location,Receiver,Receiving antenna,,Frequência muito baixa para meteor scatter,2.4281408574362226e-05,6774.970802259887
2025-01-02 11:00:00,1102.0,1.102,Observer,Receiving Location,Receiver,Receiving antenna,,Frequência muito baixa para meteor scatter,0.015059498712804006,272.0439727767695
2025-01-02 11:00:00,1103.0,1.103,Observer,Receiving Location,Receiver,Receiving antenna,,Frequência muito baixa para meteor scatter,0.015086842327170993,271.7973327289211
2025-01-02 11:00:00,1104.0,1.104,Observer,Receiving Location,Receiver,Receiving antenna,,Frequência muito baixa para meteor scatter,0.015114210743002267,271.55113949275363
2025-01-02 11:00:00,1108.0,1.108,Observer,Receiving Location,Receiver,Receiving antenna,,Frequência muito baixa para meteor scatter,0.015223932420970136,270.5708104693141
2025-01-02 11:10:00,44.25,0.04425,Observer,Receiving Location,Receiver,Receiving antenna,,Frequência muito baixa para meteor scatter,2.4281408574362226e-05,6774.970802259887
2025-01-02 11:10:00,1115.0,1.115,Observer,Receiving Location,Receiver,Receiving antenna,,Frequência muito baixa para meteor scatter,0.01541690021378862,268.8721596412556
2025-01-02 11:10:00,1118.0,1.118,Observer,Receiving Location,Receiver,Receiving antenna,,Frequência muito baixa para meteor scatter,0.015499972718389293,268.1506779964222
2025-01-02 11:10:00,1119.0,1.119,Observer,Receiving Location,Receiver,Receiving antenna,,Frequência muito baixa para meteor scatter,0.01552771315618474,267.9110437890974
2025-01-02 11:20:00,44.25,0.04425,Observer,Receiving Location,Receiver,Receiving antenna,,Frequência muito baixa para meteor scatter,2.4281408574362226e-05,6774.970802259887
2025-01-02 11:20:00,1122.0,1.122,Observer,Receiving Location,Receiver,Receiving antenna,,Frequência muito baixa para meteor scatter,0.015611083278356757,267.19470409982176
2025-01-02 11:20:00,1123.0,1.123,Observer,Receiving Location,Receiver,Receiving antenna,,Frequência muito baixa para meteor scatter,0.015638922922009316,266.9567747105966
2025-01-02 11:20:00,1124.0,1.124,Observer,Receiving Location,Receiver,Receiving antenna,,Frequência muito baixa para meteor scatter,0.015666787367126157,266.71926868327404
2025-01-02 11:20:00,1128.0,1.128,Observer,Receiving Location,Receiver,Receiving antenna,,Frequência muito baixa para meteor scatter,0.0157784931622363,265.77345567375886
2025-01-02 11:30:00,44.25,0.04425,Observer,Receiving Location,Receiver,Receiving antenna,,Frequência muito baixa para meteor scatter,2.4281408574362226e-05,6774.970802259887
2025-01-02 11:30:00,1134.0,1.134,Observer,Receiving Location,Receiver,Receiving antenna,,Frequência muito baixa para meteor scatter,0.015946795898829864,264.36724691358023
2025-01-02 11:30:00,1135.0,1.135,Observer,Receiving Location,Receiver,Receiving antenna,,Frequência muito baixa para meteor scatter,0.01597493316005377,264.1343242290749
2025-01-02 11:30:00,1136.0,1.136,Observer,Receiving Location,Receiver,Receiving antenna,,Frequência muito baixa para meteor scatter,0.01600309522274195,263.90181161971833
2025-01-02 11:30:00,1138.0,1.138,Observer,Receiving Location,Receiver,Receiving antenna,,Frequência muito baixa para meteor scatter,0.01605949375251114,263.43801230228473
2025-01-02 11:40:00,1142.0,1.142,Observer,Receiving Location,Receiver,Receiving antenna,,Frequência muito baixa para meteor scatter,0.016172588429620882,262.51528721541155
2025-01-02 11:40:00,1143.0,1.143,Observer,Receiving Location,Receiver,Receiving antenna,,Frequência muito baixa para meteor scatter,0.016200924102559012,262.285615048119
2025-01-02 11:40:00,1144.0,1.144,Observer,Receiving Location,Receiver,Receiving antenna,,Frequência muito baixa para meteor scatter,0.016229284576961416,262.0563444055944
2025-01-02 11:40:00,1145.0,1.145,Observer,Receiving Location,Receiver,Receiving antenna,,Frequência muito baixa para meteor scatter,0.016257669852828106,261.82747423580787
2025-01-02 11:40:00,1147.0,1.147,Observer,Receiving Location,Receiver,Receiving antenna,,Frequência muito baixa para meteor scatter,0.016314514808954322,261.37093112467306
2025-01-02 11:40:00,1148.0,1.148,Observer,Receiving Location,Receiver,Receiving antenna,,Frequência muito baixa para meteor scatter,0.01634297448921384,261.143256097561
2025-01-02 11:50:00,44.25,0.04425,Observer,Receiving Location,Receiver,Receiving antenna,,Frequência muito baixa para meteor scatter,2.4281408574362226e-05,6774.970802259887
2025-01-02 11:50:00,1153.0,1.153,Observer,Receiving Location,Receiver,Receiving antenna,,Frequência muito baixa para meteor scatter,0.016485644912475634,260.01080485689505
2025-01-02 11:50:00,1155.0,1.155,Observer,Receiving Location,Receiver,Receiving antenna,,Frequência muito baixa para meteor scatter,0.016542886692030294,259.5605696969697
2025-01-02 11:50:00,1159.0,1.159,Observer,Receiving Location,Receiver,Receiving antenna,,Frequência muito baixa para meteor scatter,0.01665766786871097,258.6647610008628
2025-01-02 12:00:00,44.25,0.04425,Observer,Receiving Location,Receiver,Receiving antenna,,Frequência muito baixa para meteor scatter,2.4281408574362226e-05,6774.970802259887
2025-01-02 12:00:00,101.0,0.101,Observer,Receiving Location,Receiver,Receiving antenna,,Frequência muito baixa para meteor scatter,0.00012649986855223932,2968.2421584158415
2025-01-02 12:00:00,208.0,0.208,Observer,Receiving Location,Receiver,Receiving antenna,,Frequência muito baixa para meteor scatter,0.0005365052752714518,1441.3098942307693
2025-01-02 12:10:00,44.25,0.04425,Observer,Receiving Location,Receiver,Receiving antenna,,Frequência muito baixa para meteor scatter,2.4281408574362226e-05,6774.970802259887
2025-01-02 12:10:00,1219.0,1.219,Observer,Receiving Location,Receiver,Receiving antenna,,Frequência muito baixa para meteor scatter,0.018427004330335662,245.93310746513535
2025-01-02 12:20:00,1223.0,1.223,Observer,Receiving Location,Receiver,Receiving antenna,,Frequência muito baixa para meteor scatter,0.01854813468187162,245.12874734260015
2025-01-02 12:20:00,473.0,0.473,Observer,Receiving Location,Receiver,Receiving antenna,,Frequência muito baixa para meteor scatter,0.002774403400776781,633.8106934460887
2025-01-02 12:30:00,44.25,0.04425,Observer,Receiving Location,Receiver,Receiving antenna,,Frequência muito baixa para meteor scatter,2.4281408574362226e-05,6774.970802259887
2025-01-02 12:30:00,1232.0,1.232,Observer,Receiving Location,Receiver,Receiving antenna,,Frequência muito baixa para meteor scatter,0.018822128858487806,243.3380340909091
2025-01-02 12:30:00,1233.0,1.233,Observer,Receiving Location,Receiver,Receiving antenna,,Frequência muito baixa para meteor scatter,0.018852696663211,243.1406796431468
2025-01-02 12:40:00,44.25,0.04425,Observer,Receiving Location,Receiver,Receiving antenna,,Frequência muito baixa para meteor scatter,2.4281408574362226e-05,6774.970802259887
2025-01-02 12:40:00,1241.0,1.241,Observer,Receiving Location,Receiver,Receiving antenna,,Frequência muito baixa para meteor scatter,0.019098131953710545,241.57329411764707
2025-01-02 12:40:00,1243.0,1.243,Observer,Receiving Location,Receiver,Receiving antenna,,Frequência muito baixa para meteor scatter,0.019159738790978223,241.18460016090106
2025-01-02 12:40:00,1244.0,1.244,Observer,Receiving Location,Receiver,Receiving antenna,,Frequência muito baixa para meteor scatter,0.019190579411808472,240.99072186495178
2025-01-02 12:40:00,1249.0,1.249,Observer,Receiving Location,Receiver,Receiving antenna,,Frequência muito baixa para meteor scatter,0.019345154537923924,240.0259871897518
2025-01-02 12:50:00,44.25,0.04425,Observer,Receiving Location,Receiver,Receiving antenna,,Frequência muito baixa para meteor scatter,2.4281408574362226e-05,6774.970802259887
2025-01-02 12:50:00,1253.0,1.253,Observer,Receiving Location,Receiver,Receiving antenna,,Frequência muito baixa para meteor scatter,0.019469261065173278,239.25974301675978
2025-01-02 12:50:00,1259.0,1.259,Observer,Receiving Location,Receiver,Receiving antenna,,Frequência muito baixa para meteor scatter,0.019656164899975685,238.11950595710883
2025-01-02 13:00:00,44.25,0.04425,Observer,Receiving Location,Receiver,Receiving antenna,,Frequência muito baixa para meteor scatter,2.4281408574362226e-05,6774.970802259887
2025-01-02 13:00:00,1301.0,1.301,Observer,Receiving Location,Receiver,Receiving antenna,,Frequência muito baixa para meteor scatter,0.02098949161958522,230.43232744043044
2025-01-02 13:00:00,1304.0,1.304,Observer,Receiving Location,Receiver,Receiving antenna,,Frequência muito baixa para meteor scatter,0.021086403341253265,229.90219171779142
2025-01-02 13:00:00,1305.0,1.305,Observer,Receiving Location,Receiver,Receiving antenna,,Frequência muito baixa para meteor scatter,0.02111875685140451,229.7260214559387
2025-01-02 13:00:00,1309.0,1.309,Observer,Receiving Location,Receiver,Receiving antenna,,Frequência muito baixa para meteor scatter,0.021248418906652244,229.0240320855615
2025-01-02 13:10:00,44.25,0.04425,Observer,Receiving Location,Receiver,Receiving antenna,,Frequência muito baixa para meteor scatter,2.4281408574362226e-05,6774.970802259887
2025-01-02 13:10:00,1312.0,1.312,Observer,Receiving Location,Receiver,Receiving antenna,,Frequência muito baixa para meteor scatter,0.02134592586346298,228.50034908536585
2025-01-02 13:10:00,1314.0,1.314,Observer,Receiving Location,Receiver,Receiving antenna,,Frequência muito baixa para meteor scatter,0.02141105450865819,228.15255555555555
2025-01-02 13:10:00,1315.0,1.315,Observer,Receiving Location,Receiver,Receiving antenna,,Frequência muito baixa para meteor scatter,0.021443656033452208,227.979055513308
2025-01-02 13:10:00,1319.0,1.319,Observer,Receiving Location,Receiver,Receiving antenna,,Frequência muito baixa para meteor scatter,0.02157431014727109,227.28768612585293
2025-01-02 13:20:00,44.25,0.04425,Observer,Receiving Location,Receiver,Receiving antenna,,Frequência muito baixa para meteor scatter,2.4281408574362226e-05,6774.970802259887
2025-01-02 13:20:00,13215.0,13.215,Observer,Receiving Location,Receiver,Receiving antenna,,Frequência muito baixa para meteor scatter,2.1656170480305152,22.685770563753312
2025-01-02 13:20:00,1322.0,1.322,Observer,Receiving Location,Receiver,Receiving antenna,,Frequência muito baixa para meteor scatter,0.021672561148010173,226.77190468986385
2025-01-02 13:20:00,1323.0,1.323,Observer,Receiving Location,Receiver,Receiving antenna,,Frequência muito baixa para meteor scatter,0.02170536108451843,226.60049735449735
2025-01-02 13:20:00,1325.0,1.325,Observer,Receiving Location,Receiver,Receiving antenna,,Frequência muito baixa para meteor scatter,0.021771035361927763,226.25845886792453
2025-01-02 13:20:00,1329.0,1.329,Observer,Receiving Location,Receiver,Receiving antenna,,Frequência muito baixa para meteor scatter,0.021902681534317785,225.5774702784048
2025-01-02 13:30:00,44.25,0.04425,Observer,Receiving Location,Receiver,Receiving antenna,,Frequência muito baixa para meteor scatter,2.4281408574362226e-05,6774.970802259887
2025-01-02 13:30:00,1332.0,1.332,Observer,Receiving Location,Receiver,Receiving antenna,,Frequência muito baixa para meteor scatter,0.022001676578985222,225.06941291291292
2025-01-02 13:30:00,1333.0,1.333,Observer,Receiving Location,Receiver,Receiving antenna,,Frequência muito baixa para meteor scatter,0.022034724530136253,224.90056864216055
2025-01-02 13:30:00,1334.0,1.334,Observer,Receiving Location,Receiver,Receiving antenna,,Frequência muito baixa para meteor scatter,0.02206779728275158,224.73197751124437
2025-01-02 13:30:00,1335.0,1.335,Observer,Receiving Location,Receiver,Receiving antenna,,Frequência muito baixa para meteor scatter,0.022100894836831166,224.56363895131085
2025-01-02 13:30:00,1336.0,1.336,Observer,Receiving Location,Receiver,Receiving antenna,,Frequência muito baixa para meteor scatter,0.02213401719237504,224.3955523952096
2025-01-02 13:30:00,1337.0,1.337,Observer,Receiving Location,Receiver,Receiving antenna,,Frequência muito baixa para meteor scatter,0.022167164349383185,224.2277172774869
2025-01-02 13:30:00,1339.0,1.339,Observer,Receiving Location,Receiver,Receiving antenna,,Frequência muito baixa para meteor scatter,0.022233533067792317,223.8927991038088
2025-01-02 13:40:00,44.25,0.04425,Observer,Receiving Location,Receiver,Receiving antenna,,Frequência muito baixa para meteor scatter,2.4281408574362226e-05,6774.970802259887
2025-01-02 13:40:00,1341.0,1.341,Observer,Receiving Location,Receiver,Receiving antenna,,Frequência muito baixa para meteor scatter,0.02230000099205857,223.55887994034302
2025-01-02 13:40:00,1342.0,1.342,Observer,Receiving Location,Receiver,Receiving antenna,,Frequência muito baixa para meteor scatter,0.022333272156388115,223.39229359165424
2025-01-02 13:40:00,1343.0,1.343,Observer,Receiving Location,Receiver,Receiving antenna,,Frequência muito baixa para meteor scatter,0.022366568122181928,223.2259553239017
2025-01-02 13:40:00,1344.0,1.344,Observer,Receiving Location,Receiver,Receiving antenna,,Frequência muito baixa para meteor scatter,0.022399888889440032,223.05986458333334
2025-01-02 13:40:00,1345.0,1.345,Observer,Receiving Location,Receiver,Receiving antenna,,Frequência muito baixa para meteor scatter,0.022433234458162404,222.89402081784385
2025-01-02 13:40:00,1346.0,1.346,Observer,Receiving Location,Receiver,Receiving antenna,,Frequência muito baixa para meteor scatter,0.02246660482834907,222.7284234769688
2025-01-02 13:40:00,1347.0,1.347,Observer,Receiving Location,Receiver,Receiving antenna,,Frequência muito baixa para meteor scatter,0.0225,222.56307201187826
2025-01-02 13:40:00,1349.0,1.349,Observer,Receiving Location,Receiver,Receiving antenna,,Frequência muito baixa para meteor scatter,0.0225668647476947,222.23310452186806
2025-01-02 13:50:00,1352.0,1.352,Observer,Receiving Location,Receiver,Receiving antenna,,Frequência muito baixa para meteor scatter,0.022667347880218854,221.73998372781065
2025-01-02 13:50:00,1353.0,1.353,Observer,Receiving Location,Receiver,Receiving antenna,,Frequência muito baixa para meteor scatter,0.02270089186065545,221.576096082779
2025-01-02 13:50:00,1354.0,1.354,Observer,Receiving Location,Receiver,Receiving antenna,,Frequência muito baixa para meteor scatter,0.022734460642556336,221.4124505169867
2025-01-02 13:50:00,1355.0,1.355,Observer,Receiving Location,Receiver,Receiving antenna,,Frequência muito baixa para meteor scatter,0.022768054225921493,221.24904649446495
2025-01-02 13:50:00,1357.0,1.357,Observer,Receiving Location,Receiver,Receiving antenna,,Frequência muito baixa para meteor scatter,0.022835315797044658,220.92296094325718
2025-01-02 13:50:00,1359.0,1.359,Observer,Receiving Location,Receiver,Receiving antenna,,Frequência muito baixa para meteor scatter,0.02290267657402493,220.59783517292126
2025-01-02 14:00:00,44.25,0.04425,Observer,Receiving Location,Receiver,Receiving antenna,,Frequência muito baixa para meteor scatter,2.4281408574362226e-05,6774.970802259887
2025-01-02 14:00:00,1402.0,1.402,Observer,Receiving Location,Receiver,Receiving antenna,,Frequência muito baixa para meteor scatter,0.024374928695790197,213.83199572039942
2025-01-02 14:00:00,1403.0,1.403,Observer,Receiving Location,Receiver,Receiving antenna,,Frequência muito baixa para meteor scatter,0.02440971274944073,213.6795851746258
2025-01-02 14:00:00,1404.0,1.404,Observer,Receiving Location,Receiver,Receiving antenna,,Frequência muito baixa para meteor scatter,0.024444521604555527,213.52739173789175
2025-01-02 14:00:00,1405.0,1.405,Observer,Receiving Location,Receiver,Receiving antenna,,Frequência muito baixa para meteor scatter,0.024479355261134615,213.37541494661923
2025-01-02 14:00:00,14065.0,14.065,Observer,Receiving Location,Receiver,Receiving antenna,,Frequência muito baixa para meteor scatter,2.4531652248748763,21.31478549591184
2025-01-02 14:00:00,407.0,0.407,Observer,Receiving Location,Receiver,Receiving antenna,,Frequência muito baixa para meteor scatter,0.0020541688781305642,736.5908058968059
2025-01-02 14:00:00,1408.0,1.408,Observer,Receiving Location,Receiver,Receiving antenna,,Frequência muito baixa para meteor scatter,0.02458400503965754,212.92077982954547
2025-01-02 14:00:00,1409.0,1.409,Observer,Receiving Location,Receiver,Receiving antenna,,Frequência muito baixa para meteor scatter,0.02461893790209374,212.76966501064584
2025-01-02 14:10:00,44.25,0.04425,Observer,Receiving Location,Receiver,Receiving antenna,,Frequência muito baixa para meteor scatter,2.4281408574362226e-05,6774.970802259887
2025-01-02 14:10:00,1412.0,1.412,Observer,Receiving Location,Receiver,Receiving antenna,,Frequência muito baixa para meteor scatter,0.024723885298187996,212.31760481586403
2025-01-02 14:10:00,1413.0,1.413,Observer,Receiving Location,Receiver,Receiving antenna,,Frequência muito baixa para meteor scatter,0.024758917366481312,212.16734465675867
2025-01-02 14:10:00,1419.0,1.419,Observer,Receiving Location,Receiver,Receiving antenna,,Frequência muito baixa para meteor scatter,0.024969630606991033,211.27023114869627
2025-01-02 14:20:00,44.25,0.04425,Observer,Receiving Location,Receiver,Receiving antenna,,Frequência muito baixa para meteor scatter,2.4281408574362226e-05,6774.970802259887
2025-01-02 14:20:00,1421.0,1.421,Observer,Receiving Location,Receiver,Receiving antenna,,Frequência muito baixa para meteor scatter,0.025040066765541838,210.97287684729065
2025-01-02 14:20:00,1422.0,1.422,Observer,Receiving Location,Receiver,Receiving antenna,,Frequência muito baixa para meteor scatter,0.02507532204701365,210.82451336146272
2025-01-02 14:20:00,1423.0,1.423,Observer,Receiving Location,Receiver,Receiving antenna,,Frequência muito baixa para meteor scatter,0.02511060212994975,210.67635839775124
2025-01-02 14:20:00,1426.0,1.426,Observer,Receiving Location,Receiver,Receiving antenna,,Frequência muito baixa para meteor scatter,0.02521659118754371,210.2331402524544
2025-01-02 14:20:00,1427.0,1.427,Observer,Receiving Location,Receiver,Receiving antenna,,Frequência muito baixa para meteor scatter,0.025251970476336923,210.08581499649614
2025-01-02 14:20:00,1428.0,1.428,Observer,Receiving Location,Receiver,Receiving antenna,,Frequência muito baixa para meteor scatter,0.025287374566594408,209.93869607843138
2025-01-02 14:20:00,1429.0,1.429,Observer,Receiving Location,Receiver,Receiving antenna,,Frequência muito baixa para meteor scatter,0.025322803458316178,209.79178306508047
2025-01-02 14:30:00,44.25,0.04425,Observer,Receiving Location,Receiver,Receiving antenna,,Frequência muito baixa para meteor scatter,2.4281408574362226e-05,6774.970802259887
2025-01-02 14:30:00,1432.0,1.432,Observer,Receiving Location,Receiver,Receiving antenna,,Frequência muito baixa para meteor scatter,0.02542923894226715,209.3522751396648
2025-01-02 14:30:00,1433.0,1.433,Observer,Receiving Location,Receiver,Receiving antenna,,Frequência muito baixa para meteor scatter,0.025464767039846032,209.20618143754362
2025-01-02 14:30:00,1434.0,1.434,Observer,Receiving Location,Receiver,Receiving antenna,,Frequência muito baixa para meteor scatter,0.025500319938889186,209.06029149232916
2025-01-02 14:30:00,1435.0,1.435,Observer,Receiving Location,Receiver,Receiving antenna,,Frequência muito baixa para meteor scatter,0.025535897639396628,208.91460487804878
2025-01-02 14:30:00,1436.0,1.436,Observer,Receiving Location,Receiver,Receiving antenna,,Frequência muito baixa para meteor scatter,0.025571500141368338,208.76912116991645
2025-01-02 14:30:00,1437.0,1.437,Observer,Receiving Location,Receiver,Receiving antenna,,Frequência muito baixa para meteor scatter,0.025607127444804343,208.62383994432847
2025-01-02 14:30:00,1438.0,1.438,Observer,Receiving Location,Receiver,Receiving antenna,,Frequência muito baixa para meteor scatter,0.025642779549704613,208.47876077885954
2025-01-02 14:30:00,1439.0,1.439,Observer,Receiving Location,Receiver,Receiving antenna,,Frequência muito baixa para meteor scatter,0.025678456456069167,208.33388325225852
2025-01-02 14:40:00,44.25,0.04425,Observer,Receiving Location,Receiver,Receiving antenna,,Frequência muito baixa para meteor scatter,2.4281408574362226e-05,6774.970802259887
2025-01-02 14:40:00,1442.0,1.442,Observer,Receiving Location,Receiver,Receiving antenna,,Frequência muito baixa para meteor scatter,0.025785635983948483,207.9004563106796
2025-01-02 14:40:00,1443.0,1.443,Observer,Receiving Location,Receiver,Receiving antenna,,Frequência muito baixa para meteor scatter,0.02582141209617016,207.75638115038115
2025-01-02 14:40:00,1442.0,1.442,Observer,Receiving Location,Receiver,Receiving antenna,,Frequência muito baixa para meteor scatter,0.025785635983948483,207.9004563106796
2025-01-02 14:40:00,1445.0,1.445,Observer,Receiving Location,Receiver,Receiving antenna,,Frequência muito baixa para meteor scatter,0.025893038725006326,207.46882906574393
2025-01-02 14:40:00,1446.0,1.446,Observer,Receiving Location,Receiver,Receiving antenna,,Frequência muito baixa para meteor scatter,0.02592888924162082,207.32535131396958
2025-01-02 14:40:00,1447.0,1.447,Observer,Receiving Location,Receiver,Receiving antenna,,Frequência muito baixa para meteor scatter,0.0259647645596996,207.18207187284037
2025-01-02 14:40:00,1448.0,1.448,Observer,Receiving Location,Receiver,Receiving antenna,,Frequência muito baixa para meteor scatter,0.026000664679242662,207.0389903314917
2025-01-02 14:40:00,1449.0,1.449,Observer,Receiving Location,Receiver,Receiving antenna,,Frequência muito baixa para meteor scatter,0.02603658960025,206.89610628019324
2025-01-02 14:50:00,44.25,0.04425,Observer,Receiving Location,Receiver,Receiving antenna,,Frequência muito baixa para meteor scatter,2.4281408574362226e-05,6774.970802259887
2025-01-02 14:50:00,1453.0,1.453,Observer,Receiving Location,Receiver,Receiving antenna,,Frequência muito baixa para meteor scatter,0.026180537298922127,206.32653682037164
2025-01-02 14:50:00,14542.0,14.542,Observer,Receiving Location,Receiver,Receiving antenna,,Frequência muito baixa para meteor scatter,2.6223798989092315,20.61562769907853
2025-01-02 14:50:00,1455.0,1.455,Observer,Receiving Location,Receiver,Receiving antenna,,Frequência muito baixa para meteor scatter,0.026252659957043865,206.0429264604811
2025-01-02 14:50:00,1456.0,1.456,Observer,Receiving Location,Receiver,Receiving antenna,,Frequência muito baixa para meteor scatter,0.026288758488301145,205.90141346153845
2025-01-02 14:50:00,1457.0,1.457,Observer,Receiving Location,Receiver,Receiving antenna,,Frequência muito baixa para meteor scatter,0.026324881821022713,205.76009471516815
2025-01-02 14:50:00,1458.0,1.458,Observer,Receiving Location,Receiver,Receiving antenna,,Frequência muito baixa para meteor scatter,0.02636102995520855,205.61896982167352
2025-01-02 14:50:00,1459.0,1.459,Observer,Receiving Location,Receiver,Receiving antenna,,Frequência muito baixa para meteor scatter,0.026397202890858673,205.47803838245375
2025-01-02 15:00:00,44.25,0.04425,Observer,Receiving Location,Receiver,Receiving antenna,,Frequência muito baixa para meteor scatter,2.4281408574362226e-05,6774.970802259887
2025-01-02 15:00:00,15012.0,15.012,Observer,Receiving Location,Receiver,Receiving antenna,,Frequência muito baixa para meteor scatter,2.7946307806012864,19.970187716493474
2025-01-02 15:00:00,1502.0,1.502,Observer,Receiving Location,Receiver,Receiving antenna,,Frequência muito baixa para meteor scatter,0.027976101309021284,199.59551131824233
2025-01-02 15:00:00,1503.0,1.503,Observer,Receiving Location,Receiver,Receiving antenna,,Frequência muito baixa para meteor scatter,0.02801336550909965,199.4627132401863
2025-01-02 15:00:00,15042.0,15.042,Observer,Receiving Location,Receiver,Receiving antenna,,Frequência muito baixa para meteor scatter,2.805811528712655,19.930358861853477
2025-01-02 15:00:00,1505.0,1.505,Observer,Receiving Location,Receiver,Receiving antenna,,Frequência muito baixa para meteor scatter,0.028087968313649236,199.1976465116279
2025-01-02 15:00:00,1507.0,1.507,Observer,Receiving Location,Receiver,Receiving antenna,,Frequência muito baixa para meteor scatter,0.028162670324055925,198.93328334439283
2025-01-02 15:00:00,1508.0,1.508,Observer,Receiving Location,Receiver,Receiving antenna,,Frequência muito baixa para meteor scatter,0.028200058531455695,198.8013647214854
2025-01-02 15:00:00,1509.0,1.509,Observer,Receiving Location,Receiver,Receiving antenna,,Frequência muito baixa para meteor scatter,0.02823747154031973,198.66962094102055
2025-01-02 15:10:00,44.25,0.04425,Observer,Receiving Location,Receiver,Receiving antenna,,Frequência muito baixa para meteor scatter,2.4281408574362226e-05,6774.970802259887
2025-01-02 15:10:00,15112.0,15.112,Observer,Receiving Location,Receiver,Receiving antenna,,Frequência muito baixa para meteor scatter,2.8319867460974897,19.838039835892005
2025-01-02 15:10:00,1512.0,1.512,Observer,Receiving Location,Receiver,Receiving antenna,,Frequência muito baixa para meteor scatter,0.02834985937569754,198.2754351851852
2025-01-02 15:10:00,1513.0,1.513,Observer,Receiving Location,Receiver,Receiving antenna,,Frequência muito baixa para meteor scatter,0.02838737159041869,198.14438730998017
2025-01-02 15:10:00,15143.0,15.143,Observer,Receiving Location,Receiver,Receiving antenna,,Frequência muito baixa para meteor scatter,2.8436174547745297,19.797428382751107
2025-01-02 15:10:00,1515.0,1.515,Observer,Receiving Location,Receiver,Receiving antenna,,Frequência muito baixa para meteor scatter,0.02846247042425384,197.88281056105612
2025-01-02 15:20:00,44.25,0.04425,Observer,Receiving Location,Receiver,Receiving antenna,,Frequência muito baixa para meteor scatter,2.4281408574362226e-05,6774.970802259887
2025-01-02 15:20:00,1521.0,1.521,Observer,Receiving Location,Receiver,Receiving antenna,,Frequência muito baixa para meteor scatter,0.02868836216090197,197.1022077580539
2025-01-02 15:20:00,1522.0,1.522,Observer,Receiving Location,Receiver,Receiving antenna,,Frequência muito baixa para meteor scatter,0.028726097588801635,196.97270565045991
2025-01-02 15:20:00,1523.0,1.523,Observer,Receiving Location,Receiver,Receiving antenna,,Frequência muito baixa para meteor scatter,0.02876385781816558,196.8433736047275
2025-01-02 15:20:00,1525.0,1.525,Observer,Receiving Location,Receiver,Receiving antenna,,Frequência muito baixa para meteor scatter,0.028839452681286296,196.58521836065574
2025-01-02 15:20:00,1526.0,1.526,Observer,Receiving Location,Receiver,Receiving antenna,,Frequência muito baixa para meteor scatter,0.028877287315043076,196.45639449541284
2025-01-02 15:20:00,1527.0,1.527,Observer,Receiving Location,Receiver,Receiving antenna,,Frequência muito baixa para meteor scatter,0.028915146750264124,196.32773935821874
2025-01-02 15:20:00,1528.0,1.528,Observer,Receiving Location,Receiver,Receiving antenna,,Frequência muito baixa para meteor scatter,0.02895303098694947,196.19925261780105
2025-01-02 15:20:00,1529.0,1.529,Observer,Receiving Location,Receiver,Receiving antenna,,Frequência muito baixa para meteor scatter,0.02899094002509908,196.07093394375408
2025-01-02 15:30:00,44.25,0.04425,Observer,Receiving Location,Receiver,Receiving antenna,,Frequência muito baixa para meteor scatter,2.4281408574362226e-05,6774.970802259887
2025-01-02 15:30:00,1532.0,1.532,Observer,Receiving Location,Receiver,Receiving antenna,,Frequência muito baixa para meteor scatter,0.029104815948333584,195.68698302872062
2025-01-02 15:30:00,1533.0,1.533,Observer,Receiving Location,Receiver,Receiving antenna,,Frequência muito baixa para meteor scatter,0.029142824192340305,195.55933333333334
2025-01-02 15:30:00,1534.0,1.534,Observer,Receiving Location,Receiver,Receiving antenna,,Frequência muito baixa para meteor scatter,0.029180857237811324,195.43185006518905
2025-01-02 15:30:00,1537.0,1.537,Observer,Receiving Location,Receiver,Receiving antenna,,Frequência muito baixa para meteor scatter,0.029295105183009998,195.050395575797
2025-01-02 15:30:00,1538.0,1.538,Observer,Receiving Location,Receiver,Receiving antenna,,Frequência muito baixa para meteor scatter,0.02933323743433812,194.92357477243172
2025-01-02 15:30:00,1539.0,1.539,Observer,Receiving Location,Receiver,Receiving antenna,,Frequência muito baixa para meteor scatter,0.02937139448713051,194.79691877842754
2025-01-02 15:40:00,44.25,0.04425,Observer,Receiving Location,Receiver,Receiving antenna,,Frequência muito baixa para meteor scatter,2.4281408574362226e-05,6774.970802259887
2025-01-02 15:40:00,15412.0,15.412,Observer,Receiving Location,Receiver,Receiving antenna,,Frequência muito baixa para meteor scatter,2.9455427304428055,19.451885413963147
2025-01-02 15:40:00,1542.0,1.542,Observer,Receiving Location,Receiver,Receiving antenna,,Frequência muito baixa para meteor scatter,0.029486014454293382,194.4179364461738
2025-01-02 15:40:00,1543.0,1.543,Observer,Receiving Location,Receiver,Receiving antenna,,Frequência muito baixa para meteor scatter,0.029524270712942884,194.29193648736228
2025-01-02 15:40:00,1545.0,1.545,Observer,Receiving Location,Receiver,Receiving antenna,,Frequência muito baixa para meteor scatter,0.02960085763463475,194.04042588996765
2025-01-02 15:40:00,1546.0,1.546,Observer,Receiving Location,Receiver,Receiving antenna,,Frequência muito baixa para meteor scatter,0.0296391882976771,193.91491461836998
2025-01-02 15:40:00,1547.0,1.547,Observer,Receiving Location,Receiver,Receiving antenna,,Frequência muito baixa para meteor scatter,0.029677543762183716,193.78956561085974
2025-01-02 15:40:00,1548.0,1.548,Observer,Receiving Location,Receiver,Receiving antenna,,Frequência muito baixa para meteor scatter,0.029715924028154622,193.66437855297158
2025-01-02 15:40:00,15493.0,15.493,Observer,Receiving Location,Receiver,Receiving antenna,,Frequência muito baixa para meteor scatter,2.9765855452105887,19.350187697669917
2025-01-03 00:08:00,44.25,0.04425,Observer,Receiving Location,Receiver,Receiving antenna,,Frequência muito baixa para meteor scatter,2.4281408574362226e-05,6774.970802259887
2025-01-03 00:08:00,9.0,0.009,Observer,Receiving Location,Receiver,Receiving antenna,,Frequência muito baixa para meteor scatter,1.0044593032772654e-06,33310.27311111111
2025-01-03 00:20:00,44.25,0.04425,Observer,Receiving Location,Receiver,Receiving antenna,,Frequência muito baixa para meteor scatter,2.4281408574362226e-05,6774.970802259887
2025-01-03 00:20:00,23.0,0.023,Observer,Receiving Location,Receiver,Receiving antenna,,Frequência muito baixa para meteor scatter,6.5599873016502895e-06,13034.454695652174
2025-01-03 00:20:00,29.0,0.029,Observer,Receiving Location,Receiver,Receiving antenna,,Frequência muito baixa para meteor scatter,1.0429015729088646e-05,10337.670965517242
2025-01-03 00:40:00,44.25,0.04425,Observer,Receiving Location,Receiver,Receiving antenna,,Frequência muito baixa para meteor scatter,2.4281408574362226e-05,6774.970802259887
2025-01-03 00:40:00,41.0,0.041,Observer,Receiving Location,Receiver,Receiving antenna,,Frequência muito baixa para meteor scatter,2.0845630726038066e-05,7312.011170731707
2025-01-03 00:40:00,47.0,0.047,Observer,Receiving Location,Receiver,Receiving antenna,,Frequência muito baixa para meteor scatter,2.7393217295549125e-05,6378.562936170213
2025-01-03 00:40:00,49.0,0.049,Observer,Receiving Location,Receiver,Receiving antenna,,Frequência muito baixa para meteor scatter,2.977415786628042e-05,6118.213428571428
2025-01-03 00:50:00,44.25,0.04425,Observer,Receiving Location,Receiver,Receiving antenna,,Frequência muito baixa para meteor scatter,2.4281408574362226e-05,6774.970802259887
2025-01-03 00:50:00,59.0,0.059,Observer,Receiving Location,Receiver,Receiving antenna,,Frequência muito baixa para meteor scatter,4.3166948576643964e-05,5081.2281016949155
2025-01-03 00:10:00,44.25,0.04425,Observer,Receiving Location,Receiver,Receiving antenna,,Frequência muito baixa para meteor scatter,2.4281408574362226e-05,6774.970802259887
2025-01-03 01:00:00,44.25,0.04425,Observer,Receiving Location,Receiver,Receiving antenna,,Frequência muito baixa para meteor scatter,2.4281408574362226e-05,6774.970802259887
2025-01-03 01:00:00,109.0,0.109,Observer,Receiving Location,Receiver,Receiving antenna,,Frequência muito baixa para meteor scatter,0.00014733309854613814,2750.38952293578
2025-01-03 01:20:00,44.25,0.04425,Observer,Receiving Location,Receiver,Receiving antenna,,Frequência muito baixa para meteor scatter,2.4281408574362226e-05,6774.970802259887
2025-01-03 01:20:00,129.0,0.129,Observer,Receiving Location,Receiver,Receiving antenna,,Frequência muito baixa para meteor scatter,0.0002063605835288515,2323.972542635659
2025-01-03 01:30:00,44.25,0.04425,Observer,Receiving Location,Receiver,Receiving antenna,,Frequência muito baixa para meteor scatter,2.4281408574362226e-05,6774.970802259887
2025-01-03 01:50:00,159.0,0.159,Observer,Receiving Location,Receiver,Receiving antenna,,Frequência muito baixa para meteor scatter,0.00031350290921175987,1885.4871572327045
2025-01-03 02:00:00,209.0,0.209,Observer,Receiving Location,Receiver,Receiving antenna,,Frequência muito baixa para meteor scatter,0.000541676380573509,1434.4136746411484
2025-01-03 02:10:00,44.25,0.04425,Observer,Receiving Location,Receiver,Receiving antenna,,Frequência muito baixa para meteor scatter,2.4281408574362226e-05,6774.970802259887
2025-01-03 02:20:00,222.0,0.222,Observer,Receiving Location,Receiver,Receiving antenna,,Frequência muito baixa para meteor scatter,0.0006111576827495895,1350.4164774774774
2025-01-03 02:30:00,233.0,0.233,Observer,Receiving Location,Receiver,Receiving antenna,,Frequência muito baixa para meteor scatter,0.0006732233471064131,1286.6629098712447
2025-01-03 02:30:00,239.0,0.239,Observer,Receiving Location,Receiver,Receiving antenna,,Frequência muito baixa para meteor scatter,0.0007083422205246997,1254.361748953975
2025-01-03 02:40:00,44.25,0.04425,Observer,Receiving Location,Receiver,Receiving antenna,,Frequência muito baixa para meteor scatter,2.4281408574362226e-05,6774.970802259887
2025-01-03 02:40:00,249.0,0.249,Observer,Receiving Location,Receiver,Receiving antenna,,Frequência muito baixa para meteor scatter,0.0007688577933641202,1203.9857751004015
2025-01-03 02:50:00,44.25,0.04425,Observer,Receiving Location,Receiver,Receiving antenna,,Frequência muito baixa para meteor scatter,2.4281408574362226e-05,6774.970802259887
2025-01-03 02:50:00,257.0,0.257,Observer,Receiving Location,Receiver,Receiving antenna,,Frequência muito baixa para meteor scatter,0.000819055957063705,1166.5076186770427
2025-01-03 02:50:00,259.0,0.259,Observer,Receiving Location,Receiver,Receiving antenna,,Frequência muito baixa para meteor scatter,0.0008318535126313858,1157.4998378378377
2025-01-03 03:00:00,303.0,0.303,Observer,Receiving Location,Receiver,Receiving antenna,,Frequência muito baixa para meteor scatter,0.0011384988169701536,989.4140528052806
2025-01-03 03:00:00,309.0,0.309,Observer,Receiving Location,Receiver,Receiving antenna,,Frequência muito baixa para meteor scatter,0.0011840343053853895,970.2021294498381
2025-01-03 03:20:00,44.25,0.04425,Observer,Receiving Location,Receiver,Receiving antenna,,Frequência muito baixa para meteor scatter,2.4281408574362226e-05,6774.970802259887
2025-01-03 03:20:00,329.0,0.329,Observer,Receiving Location,Receiver,Receiving antenna,,Frequência muito baixa para meteor scatter,0.0013422676474819071,911.2232765957447
2025-01-03 03:30:00,331.0,0.331,Observer,Receiving Location,Receiver,Receiving antenna,,Frequência muito baixa para meteor scatter,0.001358636613905685,905.7173957703927
2025-01-03 03:30:00,339.0,0.339,Observer,Receiving Location,Receiver,Receiving antenna,,Frequência muito baixa para meteor scatter,0.0014251045381719336,884.3435339233039
2025-01-03 03:30:00,0.6,0.0006,Observer,Receiving Location,Receiver,Receiving antenna,,Frequência muito baixa para meteor scatter,4.464263570121179e-09,499654.0966666667
2025-01-03 03:40:00,44.25,0.04425,Observer,Receiving Location,Receiver,Receiving antenna,,Frequência muito baixa para meteor scatter,2.4281408574362226e-05,6774.970802259887
2025-01-03 03:50:00,359.0,0.359,Observer,Receiving Location,Receiver,Receiving antenna,,Frequência muito baixa para meteor scatter,0.001598218758835521,835.0764846796658
2025-01-03 04:00:00,44.25,0.04425,Observer,Receiving Location,Receiver,Receiving antenna,,Frequência muito baixa para meteor scatter,2.4281408574362226e-05,6774.970802259887
2025-01-03 04:00:00,409.0,0.409,Observer,Receiving Location,Receiver,Receiving antenna,,Frequência muito baixa para meteor scatter,0.00207440687298178,732.9888948655257
2025-01-03 04:10:00,44.25,0.04425,Observer,Receiving Location,Receiver,Receiving antenna,,Frequência muito baixa para meteor scatter,2.4281408574362226e-05,6774.970802259887
2025-01-03 04:20:00,44.25,0.04425,Observer,Receiving Location,Receiver,Receiving antenna,,Frequência muito baixa para meteor scatter,2.4281408574362226e-05,6774.970802259887
2025-01-03 04:20:00,423.0,0.423,Observer,Receiving Location,Receiver,Receiving antenna,,Frequência muito baixa para meteor scatter,0.002218850600939479,708.7292151300236
2025-01-03 04:20:00,429.0,0.429,Observer,Receiving Location,Receiver,Receiving antenna,,Frequência muito baixa para meteor scatter,0.0022822431436351994,698.8169184149184
2025-01-03 04:30:00,44.25,0.04425,Observer,Receiving Location,Receiver,Receiving antenna,,Frequência muito baixa para meteor scatter,2.4281408574362226e-05,6774.970802259887
2025-01-03 04:30:00,433.0,0.433,Observer,Receiving Location,Receiver,Receiving antenna,,Frequência muito baixa para meteor scatter,0.002325000868051249,692.3613348729792
2025-01-03 04:30:00,439.0,0.439,Observer,Receiving Location,Receiver,Receiving antenna,,Frequência muito baixa para meteor scatter,0.002389881498603677,682.8985375854214
2025-01-03 04:40:00,44.25,0.04425,Observer,Receiving Location,Receiver,Receiving antenna,,Frequência muito baixa para meteor scatter,2.4281408574362226e-05,6774.970802259887
2025-01-03 04:50:00,44.25,0.04425,Observer,Receiving Location,Receiver,Receiving antenna,,Frequência muito baixa para meteor scatter,2.4281408574362226e-05,6774.970802259887
2025-01-03 04:50:00,459.0,0.459,Observer,Receiving Location,Receiver,Receiving antenna,,Frequência muito baixa para meteor scatter,0.0026125986478241674,653.1426100217865
2025-01-03 05:00:00,44.25,0.04425,Observer,Receiving Location,Receiver,Receiving antenna,,Frequência muito baixa para meteor scatter,2.4281408574362226e-05,6774.970802259887
2025-01-03 05:00:00,509.0,0.509,Observer,Receiving Location,Receiver,Receiving antenna,,Frequência muito baixa para meteor scatter,0.003212794083362681,588.9832180746562
2025-01-03 05:00:00,0.7,0.0007,Observer,Receiving Location,Receiver,Receiving antenna,,Frequência muito baixa para meteor scatter,6.076358748220495e-09,428274.94
2025-01-03 05:10:00,44.25,0.04425,Observer,Receiving Location,Receiver,Receiving antenna,,Frequência muito baixa para meteor scatter,2.4281408574362226e-05,6774.970802259887
2025-01-03 05:10:00,0.6,0.0006,Observer,Receiving Location,Receiver,Receiving antenna,,Frequência muito baixa para meteor scatter,4.464263570121179e-09,499654.0966666667
2025-01-03 05:20:00,44.25,0.04425,Observer,Receiving Location,Receiver,Receiving antenna,,Frequência muito baixa para meteor scatter,2.4281408574362226e-05,6774.970802259887
2025-01-03 05:20:00,529.0,0.529,Observer,Receiving Location,Receiver,Receiving antenna,,Frequência muito baixa para meteor scatter,0.003470233282573003,566.7154215500946
2025-01-03 05:30:00,44.25,0.04425,Observer,Receiving Location,Receiver,Receiving antenna,,Frequência muito baixa para meteor scatter,2.4281408574362226e-05,6774.970802259887
2025-01-03 05:30:00,539.0,0.539,Observer,Receiving Location,Receiver,Receiving antenna,,Frequência muito baixa para meteor scatter,0.003602673101819931,556.2012207792208
2025-01-03 05:40:00,44.25,0.04425,Observer,Receiving Location,Receiver,Receiving antenna,,Frequência muito baixa para meteor scatter,2.4281408574362226e-05,6774.970802259887
2025-01-03 05:50:00,44.25,0.04425,Observer,Receiving Location,Receiver,Receiving antenna,,Frequência muito baixa para meteor scatter,2.4281408574362226e-05,6774.970802259887
2025-01-03 05:50:00,553.0,0.553,Observer,Receiving Location,Receiver,Receiving antenna,,Frequência muito baixa para meteor scatter,0.003792255494764411,542.1201772151899
2025-01-03 05:50:00,557.0,0.557,Observer,Receiving Location,Receiver,Receiving antenna,,Frequência muito baixa para meteor scatter,0.0038473147454625724,538.2270341113106
2025-01-03 05:50:00,559.0,0.559,Observer,Receiving Location,Receiver,Receiving antenna,,Frequência muito baixa para meteor scatter,0.0038749931795973233,536.3013559928444
2025-01-03 06:00:00,44.25,0.04425,Observer,Receiving Location,Receiver,Receiving antenna,,Frequência muito baixa para meteor scatter,2.4281408574362226e-05,6774.970802259887
2025-01-03 06:00:00,603.0,0.603,Observer,Receiving Location,Receiver,Receiving antenna,,Frequência muito baixa para meteor scatter,0.004509017812411644,497.16825538971807
2025-01-03 06:00:00,605.0,0.605,Observer,Receiving Location,Receiver,Receiving antenna,,Frequência muito baixa para meteor scatter,0.004538977981260013,495.52472396694213
2025-01-03 06:00:00,609.0,0.609,Observer,Receiving Location,Receiver,Receiving antenna,,Frequência muito baixa para meteor scatter,0.0045991959365280916,492.2700459770115
2025-01-03 06:10:00,44.25,0.04425,Observer,Receiving Location,Receiver,Receiving antenna,,Frequência muito baixa para meteor scatter,2.4281408574362226e-05,6774.970802259887
2025-01-03 06:10:00,613.0,0.613,Observer,Receiving Location,Receiver,Receiving antenna,,Frequência muito baixa para meteor scatter,0.004659810715224627,489.05784339314846
2025-01-03 06:20:00,44.25,0.04425,Observer,Receiving Location,Receiver,Receiving antenna,,Frequência muito baixa para meteor scatter,2.4281408574362226e-05,6774.970802259887
2025-01-03 06:20:00,623.0,0.623,Observer,Receiving Location,Receiver,Receiving antenna,,Frequência muito baixa para meteor scatter,0.004813083764465453,481.207797752809
2025-01-03 06:20:00,625.0,0.625,Observer,Receiving Location,Receiver,Receiving antenna,,Frequência muito baixa para meteor scatter,0.0048440359918849605,479.6679328
2025-01-03 06:20:00,627.0,0.627,Observer,Receiving Location,Receiver,Receiving antenna,,Frequência muito baixa para meteor scatter,0.004875087425161582,478.13789154704943
2025-01-03 06:20:00,628.0,0.628,Observer,Receiving Location,Receiver,Receiving antenna,,Frequência muito baixa para meteor scatter,0.00489065034399631,477.376525477707
2025-01-03 06:20:00,629.0,0.629,Observer,Receiving Location,Receiver,Receiving antenna,,Frequência muito baixa para meteor scatter,0.004906238064295315,476.6175802861685
2025-01-03 06:30:00,44.25,0.04425,Observer,Receiving Location,Receiver,Receiving antenna,,Frequência muito baixa para meteor scatter,2.4281408574362226e-05,6774.970802259887
2025-01-03 06:30:00,631.0,0.631,Observer,Receiving Location,Receiver,Receiving antenna,,Frequência muito baixa para meteor scatter,0.004937487909286164,475.10690649762284
2025-01-03 06:30:00,632.0,0.632,Observer,Receiving Location,Receiver,Receiving antenna,,Frequência muito baixa para meteor scatter,0.004953150033978005,474.35515506329114
2025-01-03 06:30:00,633.0,0.633,Observer,Receiving Location,Receiver,Receiving antenna,,Frequência muito baixa para meteor scatter,0.004968836960134127,473.6057788309637
2025-01-03 06:30:00,635.0,0.635,Observer,Receiving Location,Receiver,Receiving antenna,,Frequência muito baixa para meteor scatter,0.005000285216839201,472.1141070866142
2025-01-03 06:30:00,637.0,0.637,Observer,Receiving Location,Receiver,Receiving antenna,,Frequência muito baixa para meteor scatter,0.005031832679401392,470.6318021978022
2025-01-03 06:30:00,639.0,0.639,Observer,Receiving Location,Receiver,Receiving antenna,,Frequência muito baixa para meteor scatter,0.005063479347820696,469.15877621283255
2025-01-03 06:40:00,44.25,0.04425,Observer,Receiving Location,Receiver,Receiving antenna,,Frequência muito baixa para meteor scatter,2.4281408574362226e-05,6774.970802259887
2025-01-03 06:40:00,643.0,0.643,Observer,Receiving Location,Receiver,Receiving antenna,,Frequência muito baixa para meteor scatter,0.005127070302230643,466.24021461897354
2025-01-03 06:40:00,647.0,0.647,Observer,Receiving Location,Receiver,Receiving antenna,,Frequência muito baixa para meteor scatter,0.005191058080069048,463.3577403400309
2025-01-03 06:40:00,648.0,0.648,Observer,Receiving Location,Receiver,Receiving antenna,,Frequência muito baixa para meteor scatter,0.005207117028189345,462.6426820987654
2025-01-03 06:40:00,649.0,0.649,Observer,Receiving Location,Receiver,Receiving antenna,,Frequência muito baixa para meteor scatter,0.005223200777773919,461.9298274268105
2025-01-03 06:50:00,44.25,0.04425,Observer,Receiving Location,Receiver,Receiving antenna,,Frequência muito baixa para meteor scatter,2.4281408574362226e-05,6774.970802259887
2025-01-03 06:50:00,651.0,0.651,Observer,Receiving Location,Receiver,Receiving antenna,,Frequência muito baixa para meteor scatter,0.005255442681335906,460.510688172043
2025-01-03 06:50:00,653.0,0.653,Observer,Receiving Location,Receiver,Receiving antenna,,Frequência muito baixa para meteor scatter,0.0052877837907550065,459.1002419601838
2025-01-03 06:50:00,654.0,0.654,Observer,Receiving Location,Receiver,Receiving antenna,,Frequência muito baixa para meteor scatter,0.005303991547660974,458.39825382262995
2025-01-03 06:50:00,655.0,0.655,Observer,Receiving Location,Receiver,Receiving antenna,,Frequência muito baixa para meteor scatter,0.0053202241060312195,457.69840916030535
2025-01-03 06:50:00,657.0,0.657,Observer,Receiving Location,Receiver,Receiving antenna,,Frequência muito baixa para meteor scatter,0.005352763627164548,456.3051111111111
2025-01-03 06:50:00,659.0,0.659,Observer,Receiving Location,Receiver,Receiving antenna,,Frequência muito baixa para meteor scatter,0.00538540235415499,454.92027010622155
2025-01-03 07:00:00,44.25,0.04425,Observer,Receiving Location,Receiver,Receiving antenna,,Frequência muito baixa para meteor scatter,2.4281408574362226e-05,6774.970802259887
2025-01-03 07:00:00,701.0,0.701,Observer,Receiving Location,Receiver,Receiving antenna,,Frequência muito baixa para meteor scatter,0.006093732173947549,427.66399144079884
2025-01-03 07:00:00,702.0,0.702,Observer,Receiving Location,Receiver,Receiving antenna,,Frequência muito baixa para meteor scatter,0.006111130401138882,427.0547834757835
2025-01-03 07:00:00,703.0,0.703,Observer,Receiving Location,Receiver,Receiving antenna,,Frequência muito baixa para meteor scatter,0.0061285534297944935,426.44730867709814
2025-01-03 07:00:00,704.0,0.704,Observer,Receiving Location,Receiver,Receiving antenna,,Frequência muito baixa para meteor scatter,0.006146001259914385,425.84155965909093
2025-01-03 07:00:00,706.0,0.706,Observer,Receiving Location,Receiver,Receiving antenna,,Frequência muito baixa para meteor scatter,0.006180971324546999,424.63520963172806
2025-01-03 07:00:00,707.0,0.707,Observer,Receiving Location,Receiver,Receiving antenna,,Frequência muito baixa para meteor scatter,0.006198493559059727,424.03459405940595
2025-01-03 07:00:00,708.0,0.708,Observer,Receiving Location,Receiver,Receiving antenna,,Frequência muito baixa para meteor scatter,0.00621604059503673,423.43567514124294
2025-01-03 07:00:00,709.0,0.709,Observer,Receiving Location,Receiver,Receiving antenna,,Frequência muito baixa para meteor scatter,0.006233612432478011,422.8384456981664
2025-01-03 07:10:00,44.25,0.04425,Observer,Receiving Location,Receiver,Receiving antenna,,Frequência muito baixa para meteor scatter,2.4281408574362226e-05,6774.970802259887
2025-01-03 07:10:00,711.0,0.711,Observer,Receiving Location,Receiver,Receiving antenna,,Frequência muito baixa para meteor scatter,0.006268830511753413,421.64902672292544
2025-01-03 07:10:00,713.0,0.713,Observer,Receiving Location,Receiver,Receiving antenna,,Frequência muito baixa para meteor scatter,0.006304147796885927,420.4662805049088
2025-01-03 07:10:00,714.0,0.714,Observer,Receiving Location,Receiver,Receiving antenna,,Frequência muito baixa para meteor scatter,0.006321843641648602,419.87739215686275
2025-01-03 07:10:00,715.0,0.715,Observer,Receiving Location,Receiver,Receiving antenna,,Frequência muito baixa para meteor scatter,0.006339564287875554,419.29015104895103
2025-01-03 07:10:00,719.0,0.719,Observer,Receiving Location,Receiver,Receiving antenna,,Frequência muito baixa para meteor scatter,0.006410694887426153,416.9575215577191
2025-01-03 07:20:00,723.0,0.723,Observer,Receiving Location,Receiver,Receiving antenna,,Frequência muito baixa para meteor scatter,0.006482222310405205,414.65070262793915
2025-01-03 07:20:00,725.0,0.725,Observer,Receiving Location,Receiver,Receiving antenna,,Frequência muito baixa para meteor scatter,0.006518134830680403,413.5068386206897
2025-01-03 07:20:00,726.0,0.726,Observer,Receiving Location,Receiver,Receiving antenna,,Frequência muito baixa para meteor scatter,0.006536128293014418,412.9372699724518
2025-01-03 07:20:00,729.0,0.729,Observer,Receiving Location,Receiver,Receiving antenna,,Frequência muito baixa para meteor scatter,0.006590257488802137,411.23793964334703
2025-01-03 07:30:00,44.25,0.04425,Observer,Receiving Location,Receiver,Receiving antenna,,Frequência muito baixa para meteor scatter,2.4281408574362226e-05,6774.970802259887
2025-01-03 07:30:00,731.0,0.731,Observer,Receiving Location,Receiver,Receiving antenna,,Frequência muito baixa para meteor scatter,0.006626467626648676,410.1128016415869
2025-01-03 07:30:00,733.0,0.733,Observer,Receiving Location,Receiver,Receiving antenna,,Frequência muito baixa para meteor scatter,0.006662776970352329,408.9938035470669
2025-01-03 07:30:00,737.0,0.737,Observer,Receiving Location,Receiver,Receiving antenna,,Frequência muito baixa para meteor scatter,0.006735693275330974,406.7740271370421
2025-01-03 07:30:00,739.0,0.739,Observer,Receiving Location,Receiver,Receiving antenna,,Frequência muito baixa para meteor scatter,0.0067723002366059685,405.673150202977
2025-01-03 07:40:00,44.25,0.04425,Observer,Receiving Location,Receiver,Receiving antenna,,Frequência muito baixa para meteor scatter,2.4281408574362226e-05,6774.970802259887
2025-01-03 07:40:00,741.0,0.741,Observer,Receiving Location,Receiver,Receiving antenna,,Frequência muito baixa para meteor scatter,0.0068090064037380745,404.57821592442644
2025-01-03 07:40:00,743.0,0.743,Observer,Receiving Location,Receiver,Receiving antenna,,Frequência muito baixa para meteor scatter,0.0068458117767272965,403.48917631224765
2025-01-03 07:40:00,744.0,0.744,Observer,Receiving Location,Receiver,Receiving antenna,,Frequência muito baixa para meteor scatter,0.006864251665418326,402.9468521505376
2025-01-03 07:40:00,746.0,0.746,Observer,Receiving Location,Receiver,Receiving antenna,,Frequência muito baixa para meteor scatter,0.006901205847193217,401.8665656836461
2025-01-03 07:40:00,747.0,0.747,Observer,Receiving Location,Receiver,Receiving antenna,,Frequência muito baixa para meteor scatter,0.006919720140277082,401.32859170013387
2025-01-03 07:40:00,748.0,0.748,Observer,Receiving Location,Receiver,Receiving antenna,,Frequência muito baixa para meteor scatter,0.006938259234825224,400.7920561497326
2025-01-03 07:40:00,749.0,0.749,Observer,Receiving Location,Receiver,Receiving antenna,,Frequência muito baixa para meteor scatter,0.006956823130837644,400.256953271028
2025-01-03 07:50:00,44.25,0.04425,Observer,Receiving Location,Receiver,Receiving antenna,,Frequência muito baixa para meteor scatter,2.4281408574362226e-05,6774.970802259887
2025-01-03 07:50:00,751.0,0.751,Observer,Receiving Location,Receiver,Receiving antenna,,Frequência muito baixa para meteor scatter,0.006994025327255321,399.19102263648466
2025-01-03 07:50:00,752.0,0.752,Observer,Receiving Location,Receiver,Receiving antenna,,Frequência muito baixa para meteor scatter,0.007012663627660576,398.6601835106383
2025-01-03 07:50:00,753.0,0.753,Observer,Receiving Location,Receiver,Receiving antenna,,Frequência muito baixa para meteor scatter,0.007031326729530112,398.13075431606904
2025-01-03 07:50:00,755.0,0.755,Observer,Receiving Location,Receiver,Receiving antenna,,Frequência muito baixa para meteor scatter,0.007068727337662014,397.0761033112583
2025-01-03 07:50:00,757.0,0.757,Observer,Receiving Location,Receiver,Receiving antenna,,Frequência muito baixa para meteor scatter,0.0071062271516510326,396.0270250990753
2025-01-03 07:50:00,758.0,0.758,Observer,Receiving Location,Receiver,Receiving antenna,,Frequência muito baixa para meteor scatter,0.007125014260841959,395.504562005277
2025-01-03 07:50:00,759.0,0.759,Observer,Receiving Location,Receiver,Receiving antenna,,Frequência muito baixa para meteor scatter,0.007143826171497165,394.9834756258235
2025-01-03 08:00:00,44.25,0.04425,Observer,Receiving Location,Receiver,Receiving antenna,,Frequência muito baixa para meteor scatter,2.4281408574362226e-05,6774.970802259887
2025-01-03 08:00:00,801.0,0.801,Observer,Receiving Location,Receiver,Receiving antenna,,Frequência muito baixa para meteor scatter,0.00795632214125922,374.2727315855181
2025-01-03 08:00:00,803.0,0.803,Observer,Receiving Location,Receiver,Receiving antenna,,Frequência muito baixa para meteor scatter,0.007996103689961856,373.34054545454546
2025-01-03 08:00:00,805.0,0.805,Observer,Receiving Location,Receiver,Receiving antenna,,Frequência muito baixa para meteor scatter,0.008035984444521605,372.4129913043478
2025-01-03 08:00:00,806.0,0.806,Observer,Receiving Location,Receiver,Receiving antenna,,Frequência muito baixa para meteor scatter,0.008055962023997897,371.9509404466501
2025-01-03 08:00:00,807.0,0.807,Observer,Receiving Location,Receiver,Receiving antenna,,Frequência muito baixa para meteor scatter,0.00807596440493847,371.49003469640644
2025-01-03 08:00:00,808.0,0.808,Observer,Receiving Location,Receiver,Receiving antenna,,Frequência muito baixa para meteor scatter,0.008095991587343317,371.0302698019802
2025-01-03 08:00:00,809.0,0.809,Observer,Receiving Location,Receiver,Receiving antenna,,Frequência muito baixa para meteor scatter,0.008116043571212444,370.5716415327565
2025-01-03 08:10:00,44.25,0.04425,Observer,Receiving Location,Receiver,Receiving antenna,,Frequência muito baixa para meteor scatter,2.4281408574362226e-05,6774.970802259887
2025-01-03 08:10:00,811.0,0.811,Observer,Receiving Location,Receiver,Receiving antenna,,Frequência muito baixa para meteor scatter,0.008156221943343535,369.65777805178794
2025-01-03 08:10:00,812.0,0.812,Observer,Receiving Location,Receiver,Receiving antenna,,Frequência muito baixa para meteor scatter,0.008176348331605498,369.2025344827586
2025-01-03 08:10:00,813.0,0.813,Observer,Receiving Location,Receiver,Receiving antenna,,Frequência muito baixa para meteor scatter,0.008196499521331738,368.74841082410825
2025-01-03 08:10:00,814.0,0.814,Observer,Receiving Location,Receiver,Receiving antenna,,Frequência muito baixa para meteor scatter,0.008216675512522257,368.29540294840297
2025-01-03 08:10:00,815.0,0.815,Observer,Receiving Location,Receiver,Receiving antenna,,Frequência muito baixa para meteor scatter,0.008236876305177054,367.84350674846627
2025-01-03 08:10:00,818.0,0.818,Observer,Receiving Location,Receiver,Receiving antenna,,Frequência muito baixa para meteor scatter,0.00829762749192712,366.49444743276285
2025-01-03 08:20:00,44.25,0.04425,Observer,Receiving Location,Receiver,Receiving antenna,,Frequência muito baixa para meteor scatter,2.4281408574362226e-05,6774.970802259887
2025-01-03 08:20:00,821.0,0.821,Observer,Receiving Location,Receiver,Receiving antenna,,Frequência muito baixa para meteor scatter,0.008358601891855695,365.1552472594397
2025-01-03 08:20:00,826.0,0.826,Observer,Receiving Location,Receiver,Receiving antenna,,Frequência muito baixa para meteor scatter,0.008460721921022214,362.9448644067797
2025-01-03 08:20:00,828.0,0.828,Observer,Receiving Location,Receiver,Receiving antenna,,Frequência muito baixa para meteor scatter,0.008501743542938773,362.0681859903382
2025-01-03 08:30:00,44.25,0.04425,Observer,Receiving Location,Receiver,Receiving antenna,,Frequência muito baixa para meteor scatter,2.4281408574362226e-05,6774.970802259887
2025-01-03 08:30:00,831.0,0.831,Observer,Receiving Location,Receiver,Receiving antenna,,Frequência muito baixa para meteor scatter,0.008563461986795699,360.76108062575213
2025-01-03 08:30:00,832.0,0.832,Observer,Receiving Location,Receiver,Receiving antenna,,Frequência muito baixa para meteor scatter,0.00858408440434323,360.3274735576923
2025-01-03 08:30:00,836.0,0.836,Observer,Receiving Location,Receiver,Receiving antenna,,Frequência muito baixa para meteor scatter,0.008666822089176143,358.6034186602871
2025-01-03 08:30:00,837.0,0.837,Observer,Receiving Location,Receiver,Receiving antenna,,Frequência muito baixa para meteor scatter,0.008687568514045067,358.1749796893668
2025-01-03 08:30:00,838.0,0.838,Observer,Receiving Location,Receiver,Receiving antenna,,Frequência muito baixa para meteor scatter,0.00870833974037827,357.7475632458234
2025-01-03 08:30:00,839.0,0.839,Observer,Receiving Location,Receiver,Receiving antenna,,Frequência muito baixa para meteor scatter,0.008729135768175753,357.32116567342075
2025-01-03 08:40:00,44.25,0.04425,Observer,Receiving Location,Receiver,Receiving antenna,,Frequência muito baixa para meteor scatter,2.4281408574362226e-05,6774.970802259887
2025-01-03 08:40:00,841.0,0.841,Observer,Receiving Location,Receiver,Receiving antenna,,Frequência muito baixa para meteor scatter,0.00877080222816355,356.4714126040428
2025-01-03 08:40:00,842.0,0.842,Observer,Receiving Location,Receiver,Receiving antenna,,Frequência muito baixa para meteor scatter,0.008791672660353866,356.04804988123516
2025-01-03 08:40:00,844.0,0.844,Observer,Receiving Location,Receiver,Receiving antenna,,Frequência muito baixa para meteor scatter,0.008833487929127335,355.20433412322274
2025-01-03 08:40:00,848.0,0.848,Observer,Receiving Location,Receiver,Receiving antenna,,Frequência muito baixa para meteor scatter,0.008917416084245613,353.5288419811321
2025-01-03 08:50:00,44.25,0.04425,Observer,Receiving Location,Receiver,Receiving antenna,,Frequência muito baixa para meteor scatter,2.4281408574362226e-05,6774.970802259887
2025-01-03 08:50:00,852.0,0.852,Observer,Receiving Location,Receiver,Receiving antenna,,Frequência muito baixa para meteor scatter,0.009001741062792345,351.86908215962444
2025-01-03 08:50:00,853.0,0.853,Observer,Receiving Location,Receiver,Receiving antenna,,Frequência muito baixa para meteor scatter,0.009022884311089727,351.45657444314185
2025-01-03 08:50:00,854.0,0.854,Observer,Receiving Location,Receiver,Receiving antenna,,Frequência muito baixa para meteor scatter,0.009044052360851384,351.04503278688526
2025-01-03 08:50:00,855.0,0.855,Observer,Receiving Location,Receiver,Receiving antenna,,Frequência muito baixa para meteor scatter,0.009065245212077319,350.63445380116957
2025-01-03 08:50:00,859.0,0.859,Observer,Receiving Location,Receiver,Receiving antenna,,Frequência muito baixa para meteor scatter,0.00915026463162385,349.001697322468
2025-01-03 09:00:00,44.25,0.04425,Observer,Receiving Location,Receiver,Receiving antenna,,Frequência muito baixa para meteor scatter,2.4281408574362226e-05,6774.970802259887
2025-01-03 09:00:00,902.0,0.902,Observer,Receiving Location,Receiver,Receiving antenna,,Frequência muito baixa para meteor scatter,0.010089285271402423,332.3641441241685
2025-01-03 09:00:00,904.0,0.904,Observer,Receiving Location,Receiver,Receiving antenna,,Frequência muito baixa para meteor scatter,0.010134076715889307,331.6288252212389
2025-01-03 09:00:00,906.0,0.906,Observer,Receiving Location,Receiver,Receiving antenna,,Frequência muito baixa para meteor scatter,0.010178967366233301,330.8967527593819
2025-01-03 09:10:00,44.25,0.04425,Observer,Receiving Location,Receiver,Receiving antenna,,Frequência muito baixa para meteor scatter,2.4281408574362226e-05,6774.970802259887
2025-01-03 09:10:00,911.0,0.911,Observer,Receiving Location,Receiver,Receiving antenna,,Frequência muito baixa para meteor scatter,0.010291628017718166,329.080634467618
2025-01-03 09:10:00,912.0,0.912,Observer,Receiving Location,Receiver,Receiving antenna,,Frequência muito baixa para meteor scatter,0.010314234552407974,328.7198004385965
2025-01-03 09:10:00,913.0,0.913,Observer,Receiving Location,Receiver,Receiving antenna,,Frequência muito baixa para meteor scatter,0.010336865888562061,328.35975684556405
2025-01-03 09:10:00,916.0,0.916,Observer,Receiving Location,Receiver,Receiving antenna,,Frequência muito baixa para meteor scatter,0.010404908705809991,327.2843427947598
2025-01-03 09:10:00,917.0,0.917,Observer,Receiving Location,Receiver,Receiving antenna,,Frequência muito baixa para meteor scatter,0.010427639247821191,326.9274351145038
2025-01-03 09:20:00,44.25,0.04425,Observer,Receiving Location,Receiver,Receiving antenna,,Frequência muito baixa para meteor scatter,2.4281408574362226e-05,6774.970802259887
2025-01-03 09:20:00,922.0,0.922,Observer,Receiving Location,Receiver,Receiving antenna,,Frequência muito baixa para meteor scatter,0.010541663979841371,325.1545097613883
2025-01-03 09:20:00,924.0,0.924,Observer,Receiving Location,Receiver,Receiving antenna,,Frequência muito baixa para meteor scatter,0.010587447482899392,324.4507121212121
2025-01-03 09:20:00,927.0,0.927,Observer,Receiving Location,Receiver,Receiving antenna,,Frequência muito baixa para meteor scatter,0.010656308748468511,323.40070981661273
2025-01-03 09:20:00,928.0,0.928,Observer,Receiving Location,Receiver,Receiving antenna,,Frequência muito baixa para meteor scatter,0.010679312106586774,323.0522176724138
2025-01-03 09:20:00,929.0,0.929,Observer,Receiving Location,Receiver,Receiving antenna,,Frequência muito baixa para meteor scatter,0.010702340266169313,322.70447578040904
2025-01-03 09:30:00,44.25,0.04425,Observer,Receiving Location,Receiver,Receiving antenna,,Frequência muito baixa para meteor scatter,2.4281408574362226e-05,6774.970802259887
2025-01-03 09:30:00,931.0,0.931,Observer,Receiving Location,Receiver,Receiving antenna,,Frequência muito baixa para meteor scatter,0.010748470989727234,322.0112330827068
2025-01-03 09:30:00,932.0,0.932,Observer,Receiving Location,Receiver,Receiving antenna,,Frequência muito baixa para meteor scatter,0.01077157355370261,321.66572746781117
2025-01-03 09:30:00,934.0,0.934,Observer,Receiving Location,Receiver,Receiving antenna,,Frequência muito baixa para meteor scatter,0.0108178530860462,320.97693576017133
2025-01-03 09:30:00,936.0,0.936,Observer,Receiving Location,Receiver,Receiving antenna,,Frequência muito baixa para meteor scatter,0.010864231824246905,320.2910876068376
2025-01-03 09:30:00,937.0,0.937,Observer,Receiving Location,Receiver,Receiving antenna,,Frequência muito baixa para meteor scatter,0.010887458395543673,319.9492614727855
2025-01-03 09:30:00,938.0,0.938,Observer,Receiving Location,Receiver,Receiving antenna,,Frequência muito baixa para meteor scatter,0.01091070976830472,319.6081641791045
2025-01-03 09:40:00,44.25,0.04425,Observer,Receiving Location,Receiver,Receiving antenna,,Frequência muito baixa para meteor scatter,2.4281408574362226e-05,6774.970802259887
2025-01-03 09:40:00,94.0,0.094,Observer,Receiving Location,Receiver,Receiving antenna,,Frequência muito baixa para meteor scatter,0.0001095728691821965,3189.2814680851066
2025-01-03 09:40:00,942.0,0.942,Observer,Receiving Location,Receiver,Receiving antenna,,Frequência muito baixa para meteor scatter,0.011003963273991694,318.251016985138
2025-01-03 09:40:00,943.0,0.943,Observer,Receiving Location,Receiver,Receiving antenna,,Frequência muito baixa para meteor scatter,0.011027338654074133,317.91352916224815
2025-01-03 09:40:00,944.0,0.944,Observer,Receiving Location,Receiver,Receiving antenna,,Frequência muito baixa para meteor scatter,0.011050738835620855,317.5767563559322
2025-01-03 09:40:00,948.0,0.948,Observer,Receiving Location,Receiver,Receiving antenna,,Frequência muito baixa para meteor scatter,0.011144587576450512,316.2367700421941
2025-01-03 09:50:00,44.25,0.04425,Observer,Receiving Location,Receiver,Receiving antenna,,Frequência muito baixa para meteor scatter,2.4281408574362226e-05,6774.970802259887
2025-01-03 09:50:00,952.0,0.952,Observer,Receiving Location,Receiver,Receiving antenna,,Frequência muito baixa para meteor scatter,0.011238833140708624,314.9080441176471
2025-01-03 09:50:00,958.0,0.958,Observer,Receiving Location,Receiver,Receiving antenna,,Frequência muito baixa para meteor scatter,0.011380945531024148,312.9357599164927
2025-01-03 10:00:00,44.25,0.04425,Observer,Receiving Location,Receiver,Receiving antenna,,Frequência muito baixa para meteor scatter,2.4281408574362226e-05,6774.970802259887
2025-01-03 10:00:00,1002.0,1.002,Observer,Receiving Location,Receiver,Receiving antenna,,Frequência muito baixa para meteor scatter,0.012450384670710957,299.19406986027946
2025-01-03 10:00:00,1003.0,1.003,Observer,Receiving Location,Receiver,Receiving antenna,,Frequência muito baixa para meteor scatter,0.012475248138650101,298.8957706879362
2025-01-03 10:00:00,1008.0,1.008,Observer,Receiving Location,Receiver,Receiving antenna,,Frequência muito baixa para meteor scatter,0.012599937500310018,297.4131527777778
2025-01-03 10:10:00,44.25,0.04425,Observer,Receiving Location,Receiver,Receiving antenna,,Frequência muito baixa para meteor scatter,2.4281408574362226e-05,6774.970802259887
2025-01-03 10:10:00,1012.0,1.012,Observer,Receiving Location,Receiver,Receiving antenna,,Frequência muito baixa para meteor scatter,0.012700135415994959,296.2376067193676
2025-01-03 10:10:00,1013.0,1.013,Observer,Receiving Location,Receiver,Receiving antenna,,Frequência muito baixa para meteor scatter,0.012725246898576889,295.94517077986177
2025-01-03 10:10:00,1014.0,1.014,Observer,Receiving Location,Receiver,Receiving antenna,,Frequência muito baixa para meteor scatter,0.012750383182623101,295.6533116370809
2025-01-03 10:10:00,1018.0,1.018,Observer,Receiving Location,Receiver,Receiving antenna,,Frequência muito baixa para meteor scatter,0.012851176333450724,294.4916090373281
2025-01-03 10:20:00,44.25,0.04425,Observer,Receiving Location,Receiver,Receiving antenna,,Frequência muito baixa para meteor scatter,2.4281408574362226e-05,6774.970802259887
2025-01-03 10:20:00,1021.0,1.021,Observer,Receiving Location,Receiver,Receiving antenna,,Frequência muito baixa para meteor scatter,0.012927031611946367,293.626305582762
2025-01-03 10:20:00,1022.0,1.022,Observer,Receiving Location,Receiver,Receiving antenna,,Frequência muito baixa para meteor scatter,0.012952366307706806,293.339
2025-01-03 10:20:00,1074.0,1.074,Observer,Receiving Location,Receiver,Receiving antenna,,Frequência muito baixa para meteor scatter,0.014303946905025273,279.1363668528864
2025-01-03 10:20:00,1028.0,1.028,Observer,Receiving Location,Receiver,Receiving antenna,,Frequência muito baixa para meteor scatter,0.01310489531301928,291.6269046692607
2025-01-03 10:20:00,1029.0,1.029,Observer,Receiving Location,Receiver,Receiving antenna,,Frequência muito baixa para meteor scatter,0.013130403619029663,291.34349659863943
2025-01-03 10:30:00,44.25,0.04425,Observer,Receiving Location,Receiver,Receiving antenna,,Frequência muito baixa para meteor scatter,2.4281408574362226e-05,6774.970802259887
2025-01-03 10:30:00,1032.0,1.032,Observer,Receiving Location,Receiver,Receiving antenna,,Frequência muito baixa para meteor scatter,0.013207077345846497,290.4965678294574
2025-01-03 10:30:00,1033.0,1.033,Observer,Receiving Location,Receiver,Receiving antenna,,Frequência muito baixa para meteor scatter,0.013232684857713997,290.2153514036786
2025-01-03 10:30:00,1035.0,1.035,Observer,Receiving Location,Receiver,Receiving antenna,,Frequência muito baixa para meteor scatter,0.013283974285841832,289.65454879227053
2025-01-03 10:30:00,1038.0,1.038,Observer,Receiving Location,Receiver,Receiving antenna,,Frequência muito baixa para meteor scatter,0.013361094439015678,288.81739691714836
2025-01-03 10:30:00,1039.0,1.039,Observer,Receiving Location,Receiver,Receiving antenna,,Frequência muito baixa para meteor scatter,0.013386850759668847,288.5394205967276
2025-01-03 10:30:00,1040.0,1.04,Observer,Receiving Location,Receiver,Receiving antenna,,Frequência muito baixa para meteor scatter,0.0134126318817863,288.26197884615385
2025-01-03 10:40:00,44.25,0.04425,Observer,Receiving Location,Receiver,Receiving antenna,,Frequência muito baixa para meteor scatter,2.4281408574362226e-05,6774.970802259887
2025-01-03 10:40:00,1041.0,1.041,Observer,Receiving Location,Receiver,Receiving antenna,,Frequência muito baixa para meteor scatter,0.013438437805368027,287.98507012487994
2025-01-03 10:40:00,1042.0,1.042,Observer,Receiving Location,Receiver,Receiving antenna,,Frequência muito baixa para meteor scatter,0.013464268530414035,287.70869289827255
2025-01-03 10:40:00,1044.0,1.044,Observer,Receiving Location,Receiver,Receiving antenna,,Frequência muito baixa para meteor scatter,0.013516004384898885,287.15752681992336
2025-01-03 10:40:00,1045.0,1.045,Observer,Receiving Location,Receiver,Receiving antenna,,Frequência muito baixa para meteor scatter,0.013541909514337723,286.88273492822964
2025-01-03 10:50:00,44.25,0.04425,Observer,Receiving Location,Receiver,Receiving antenna,,Frequência muito baixa para meteor scatter,2.4281408574362226e-05,6774.970802259887
2025-01-03 10:50:00,1052.0,1.052,Observer,Receiving Location,Receiver,Receiving antenna,,Frequência muito baixa para meteor scatter,0.013723939861409417,284.973819391635
2025-01-03 10:50:00,1055.0,1.055,Observer,Receiving Location,Receiver,Receiving antenna,,Frequência muito baixa para meteor scatter,0.013802324889261457,284.1634672985782
2025-01-03 10:50:00,1059.0,1.059,Observer,Receiving Location,Receiver,Receiving antenna,,Frequência muito baixa para meteor scatter,0.01390718548023075,283.09013975448534
2025-01-03 11:00:00,44.25,0.04425,Observer,Receiving Location,Receiver,Receiving antenna,,Frequência muito baixa para meteor scatter,2.4281408574362226e-05,6774.970802259887
2025-01-03 11:00:00,1103.0,1.103,Observer,Receiving Location,Receiver,Receiving antenna,,Frequência muito baixa para meteor scatter,0.015086842327170993,271.7973327289211
2025-01-03 11:00:00,1104.0,1.104,Observer,Receiving Location,Receiver,Receiving antenna,,Frequência muito baixa para meteor scatter,0.015114210743002267,271.55113949275363
2025-01-03 11:00:00,1105.0,1.105,Observer,Receiving Location,Receiver,Receiving antenna,,Frequência muito baixa para meteor scatter,0.015141603960297813,271.3053918552036
2025-01-03 11:10:00,44.25,0.04425,Observer,Receiving Location,Receiver,Receiving antenna,,Frequência muito baixa para meteor scatter,2.4281408574362226e-05,6774.970802259887
2025-01-03 11:10:00,1447.0,1.447,Observer,Receiving Location,Receiver,Receiving antenna,,Frequência muito baixa para meteor scatter,0.0259647645596996,207.18207187284037
2025-01-03 11:10:00,1115.0,1.115,Observer,Receiving Location,Receiver,Receiving antenna,,Frequência muito baixa para meteor scatter,0.01541690021378862,268.8721596412556
2025-01-03 11:10:00,1116.0,1.116,Observer,Receiving Location,Receiver,Receiving antenna,,Frequência muito baixa para meteor scatter,0.015444566247191236,268.6312347670251
2025-01-03 11:10:00,1118.0,1.118,Observer,Receiving Location,Receiver,Receiving antenna,,Frequência muito baixa para meteor scatter,0.015499972718389293,268.1506779964222
2025-01-03 11:10:00,1440.0,1.44,Observer,Receiving Location,Receiver,Receiving antenna,,Frequência muito baixa para meteor scatter,0.02571415816389799,208.18920694444444
2025-01-03 11:20:00,44.25,0.04425,Observer,Receiving Location,Receiver,Receiving antenna,,Frequência muito baixa para meteor scatter,2.4281408574362226e-05,6774.970802259887
2025-01-03 11:20:00,1121.0,1.121,Observer,Receiving Location,Receiver,Receiving antenna,,Frequência muito baixa para meteor scatter,0.015583268436168472,267.4330579839429
2025-01-03 11:20:00,1122.0,1.122,Observer,Receiving Location,Receiver,Receiving antenna,,Frequência muito baixa para meteor scatter,0.015611083278356757,267.19470409982176
2025-01-03 11:20:00,1123.0,1.123,Observer,Receiving Location,Receiver,Receiving antenna,,Frequência muito baixa para meteor scatter,0.015638922922009316,266.9567747105966
2025-01-03 11:20:00,1472.0,1.472,Observer,Receiving Location,Receiver,Receiving antenna,,Frequência muito baixa para meteor scatter,0.026869707987559586,203.6633546195652
2025-01-03 11:20:00,1125.0,1.125,Observer,Receiving Location,Receiver,Receiving antenna,,Frequência muito baixa para meteor scatter,0.015694676613707274,266.48218488888887
2025-01-03 11:20:00,1126.0,1.126,Observer,Receiving Location,Receiver,Receiving antenna,,Frequência muito baixa para meteor scatter,0.015722590661752665,266.24552220248665
2025-01-03 11:20:00,1127.0,1.127,Observer,Receiving Location,Receiver,Receiving antenna,,Frequência muito baixa para meteor scatter,0.01575052951126234,266.0092795031056
2025-01-03 11:20:00,1128.0,1.128,Observer,Receiving Location,Receiver,Receiving antenna,,Frequência muito baixa para meteor scatter,0.0157784931622363,265.77345567375886
2025-01-03 11:20:00,1470.0,1.47,Observer,Receiving Location,Receiver,Receiving antenna,,Frequência muito baixa para meteor scatter,0.026796742079652377,203.94044761904763
2025-01-03 11:30:00,44.25,0.04425,Observer,Receiving Location,Receiver,Receiving antenna,,Frequência muito baixa para meteor scatter,2.4281408574362226e-05,6774.970802259887
2025-01-03 11:30:00,1434.0,1.434,Observer,Receiving Location,Receiver,Receiving antenna,,Frequência muito baixa para meteor scatter,0.025500319938889186,209.06029149232916
2025-01-03 11:30:00,1132.0,1.132,Observer,Receiving Location,Receiver,Receiving antenna,,Frequência muito baixa para meteor scatter,0.01589059578077489,264.83432685512366
2025-01-03 11:30:00,1133.0,1.133,Observer,Receiving Location,Receiver,Receiving antenna,,Frequência muito baixa para meteor scatter,0.015918683439070238,264.6005807590468
2025-01-03 11:30:00,1434.0,1.434,Observer,Receiving Location,Receiver,Receiving antenna,,Frequência muito baixa para meteor scatter,0.025500319938889186,209.06029149232916
2025-01-03 11:30:00,1135.0,1.135,Observer,Receiving Location,Receiver,Receiving antenna,,Frequência muito baixa para meteor scatter,0.01597493316005377,264.1343242290749
2025-01-03 11:30:00,1136.0,1.136,Observer,Receiving Location,Receiver,Receiving antenna,,Frequência muito baixa para meteor scatter,0.01600309522274195,263.90181161971833
2025-01-03 11:30:00,1137.0,1.137,Observer,Receiving Location,Receiver,Receiving antenna,,Frequência muito baixa para meteor scatter,0.01603128208689441,263.66970800351805
2025-01-03 11:30:00,1138.0,1.138,Observer,Receiving Location,Receiver,Receiving antenna,,Frequência muito baixa para meteor scatter,0.01605949375251114,263.43801230228473
2025-01-03 11:30:00,1139.0,1.139,Observer,Receiving Location,Receiver,Receiving antenna,,Frequência muito baixa para meteor scatter,0.016087730219592162,263.20672344161545
2025-01-03 11:40:00,44.25,0.04425,Observer,Receiving Location,Receiver,Receiving antenna,,Frequência muito baixa para meteor scatter,2.4281408574362226e-05,6774.970802259887
2025-01-03 11:40:00,1142.0,1.142,Observer,Receiving Location,Receiver,Receiving antenna,,Frequência muito baixa para meteor scatter,0.016172588429620882,262.51528721541155
2025-01-03 11:40:00,1145.0,1.145,Observer,Receiving Location,Receiver,Receiving antenna,,Frequência muito baixa para meteor scatter,0.016257669852828106,261.82747423580787
2025-01-03 11:40:00,1146.0,1.146,Observer,Receiving Location,Receiver,Receiving antenna,,Frequência muito baixa para meteor scatter,0.016286079930159073,261.5990034904014
2025-01-03 11:40:00,1147.0,1.147,Observer,Receiving Location,Receiver,Receiving antenna,,Frequência muito baixa para meteor scatter,0.016314514808954322,261.37093112467306
2025-01-03 11:40:00,1148.0,1.148,Observer,Receiving Location,Receiver,Receiving antenna,,Frequência muito baixa para meteor scatter,0.01634297448921384,261.143256097561
2025-01-03 11:40:00,1440.0,1.44,Observer,Receiving Location,Receiver,Receiving antenna,,Frequência muito baixa para meteor scatter,0.02571415816389799,208.18920694444444
2025-01-03 11:50:00,44.25,0.04425,Observer,Receiving Location,Receiver,Receiving antenna,,Frequência muito baixa para meteor scatter,2.4281408574362226e-05,6774.970802259887
2025-01-03 11:50:00,11512.0,11.512,Observer,Receiving Location,Receiver,Receiving antenna,,Frequência muito baixa para meteor scatter,1.6434212131884267,26.041735406532315
2025-01-03 11:50:00,1152.0,1.152,Observer,Receiving Location,Receiver,Receiving antenna,,Frequência muito baixa para meteor scatter,0.016457061224894716,260.2365086805556
2025-01-03 11:50:00,1153.0,1.153,Observer,Receiving Location,Receiver,Receiving antenna,,Frequência muito baixa para meteor scatter,0.016485644912475634,260.01080485689505
2025-01-03 11:50:00,1155.0,1.155,Observer,Receiving Location,Receiver,Receiving antenna,,Frequência muito baixa para meteor scatter,0.016542886692030294,259.5605696969697
2025-01-03 11:50:00,1156.0,1.156,Observer,Receiving Location,Receiver,Receiving antenna,,Frequência muito baixa para meteor scatter,0.01657154478400404,259.33603633217996
2025-01-03 11:50:00,1157.0,1.157,Observer,Receiving Location,Receiver,Receiving antenna,,Frequência muito baixa para meteor scatter,0.01660022767744208,259.1118910976664
2025-01-03 11:50:00,1158.0,1.158,Observer,Receiving Location,Receiver,Receiving antenna,,Frequência muito baixa para meteor scatter,0.016628935372344382,258.8881329879102
2025-01-03 11:50:00,1159.0,1.159,Observer,Receiving Location,Receiver,Receiving antenna,,Frequência muito baixa para meteor scatter,0.01665766786871097,258.6647610008628
2025-01-03 12:00:00,44.25,0.04425,Observer,Receiving Location,Receiver,Receiving antenna,,Frequência muito baixa para meteor scatter,2.4281408574362226e-05,6774.970802259887
2025-01-03 12:00:00,201.0,0.201,Observer,Receiving Location,Receiver,Receiving antenna,,Frequência muito baixa para meteor scatter,0.0005010019791568494,1491.5047661691542
2025-01-03 12:00:00,1202.0,1.202,Observer,Receiving Location,Receiver,Receiving antenna,,Frequência muito baixa para meteor scatter,0.017916627397681552,249.41136272878535
2025-01-03 12:00:00,203.0,0.203,Observer,Receiving Location,Receiver,Receiving antenna,,Frequência muito baixa para meteor scatter,0.0005110217707253436,1476.8101379310344
2025-01-03 12:00:00,1204.0,1.204,Observer,Receiving Location,Receiver,Receiving antenna,,Frequência muito baixa para meteor scatter,0.01797629972073551,248.9970581395349
2025-01-03 12:00:00,1205.0,1.205,Observer,Receiving Location,Receiver,Receiving antenna,,Frequência muito baixa para meteor scatter,0.01800617308445891,248.7904215767635
2025-01-03 12:00:00,1207.0,1.207,Observer,Receiving Location,Receiver,Receiving antenna,,Frequência muito baixa para meteor scatter,0.01806599421629853,248.37817564208783
2025-01-03 12:00:00,1208.0,1.208,Observer,Receiving Location,Receiver,Receiving antenna,,Frequência muito baixa para meteor scatter,0.018095941984414762,248.17256456953643
2025-01-03 12:00:00,1209.0,1.209,Observer,Receiving Location,Receiver,Receiving antenna,,Frequência muito baixa para meteor scatter,0.01812591455399527,247.9672936311001
2025-01-03 12:10:00,44.25,0.04425,Observer,Receiving Location,Receiver,Receiving antenna,,Frequência muito baixa para meteor scatter,2.4281408574362226e-05,6774.970802259887
2025-01-03 12:10:00,1212.0,1.212,Observer,Receiving Location,Receiver,Receiving antenna,,Frequência muito baixa para meteor scatter,0.018215981071522457,247.35351320132014
2025-01-03 12:10:00,12137.0,12.137,Observer,Receiving Location,Receiver,Receiving antenna,,Frequência muito baixa para meteor scatter,1.8267117846637662,24.70070511658565
2025-01-03 12:10:00,1214.0,1.214,Observer,Receiving Location,Receiver,Receiving antenna,,Frequência muito baixa para meteor scatter,0.018276149423861986,246.9460115321252
2025-01-03 12:10:00,1215.0,1.215,Observer,Receiving Location,Receiver,Receiving antenna,,Frequência muito baixa para meteor scatter,0.018306270802228165,246.74276378600823
2025-01-03 12:10:00,1216.0,1.216,Observer,Receiving Location,Receiver,Receiving antenna,,Frequência muito baixa para meteor scatter,0.01833641698205862,246.53985032894738
2025-01-03 12:10:00,1219.0,1.219,Observer,Receiving Location,Receiver,Receiving antenna,,Frequência muito baixa para meteor scatter,0.018427004330335662,245.93310746513535
2025-01-03 12:20:00,44.25,0.04425,Observer,Receiving Location,Receiver,Receiving antenna,,Frequência muito baixa para meteor scatter,2.4281408574362226e-05,6774.970802259887
2025-01-03 12:20:00,1221.0,1.221,Observer,Receiving Location,Receiver,Receiving antenna,,Frequência muito baixa para meteor scatter,0.018487519903175088,245.53026863226864
2025-01-03 12:20:00,1222.0,1.222,Observer,Receiving Location,Receiver,Receiving antenna,,Frequência muito baixa para meteor scatter,0.01851781489179121,245.32934369885433
2025-01-03 12:20:00,1223.0,1.223,Observer,Receiving Location,Receiver,Receiving antenna,,Frequência muito baixa para meteor scatter,0.01854813468187162,245.12874734260015
2025-01-03 12:20:00,1225.0,1.225,Observer,Receiving Location,Receiver,Receiving antenna,,Frequência muito baixa para meteor scatter,0.018608848666425263,244.72853714285714
2025-01-03 12:20:00,1226.0,1.226,Observer,Receiving Location,Receiver,Receiving antenna,,Frequência muito baixa para meteor scatter,0.01863924286089851,244.52892169657423
2025-01-03 12:20:00,1227.0,1.227,Observer,Receiving Location,Receiver,Receiving antenna,,Frequência muito baixa para meteor scatter,0.01866966185683603,244.32963162184188
2025-01-03 12:20:00,1228.0,1.228,Observer,Receiving Location,Receiver,Receiving antenna,,Frequência muito baixa para meteor scatter,0.018700105654237825,244.1306661237785
2025-01-03 12:20:00,1229.0,1.229,Observer,Receiving Location,Receiver,Receiving antenna,,Frequência muito baixa para meteor scatter,0.018730574253103902,243.9320244100895
2025-01-03 12:30:00,44.25,0.04425,Observer,Receiving Location,Receiver,Receiving antenna,,Frequência muito baixa para meteor scatter,2.4281408574362226e-05,6774.970802259887
2025-01-03 12:30:00,1231.0,1.231,Observer,Receiving Location,Receiver,Receiving antenna,,Frequência muito baixa para meteor scatter,0.01879158585522889,243.53570917952885
2025-01-03 12:30:00,1232.0,1.232,Observer,Receiving Location,Receiver,Receiving antenna,,Frequência muito baixa para meteor scatter,0.018822128858487806,243.3380340909091
2025-01-03 12:30:00,1233.0,1.233,Observer,Receiving Location,Receiver,Receiving antenna,,Frequência muito baixa para meteor scatter,0.018852696663211,243.1406796431468
2025-01-03 12:30:00,1234.0,1.234,Observer,Receiving Location,Receiver,Receiving antenna,,Frequência muito baixa para meteor scatter,0.018883289269398463,242.9436450567261
2025-01-03 12:30:00,1235.0,1.235,Observer,Receiving Location,Receiver,Receiving antenna,,Frequência muito baixa para meteor scatter,0.018913906677050212,242.74692955465588
2025-01-03 12:30:00,1236.0,1.236,Observer,Receiving Location,Receiver,Receiving antenna,,Frequência muito baixa para meteor scatter,0.018944548886166233,242.55053236245953
2025-01-03 12:30:00,1237.0,1.237,Observer,Receiving Location,Receiver,Receiving antenna,,Frequência muito baixa para meteor scatter,0.01897521589674655,242.35445270816493
2025-01-03 12:30:00,1238.0,1.238,Observer,Receiving Location,Receiver,Receiving antenna,,Frequência muito baixa para meteor scatter,0.019005907708791125,242.15868982229404
2025-01-03 12:30:00,1239.0,1.239,Observer,Receiving Location,Receiver,Receiving antenna,,Frequência muito baixa para meteor scatter,0.01903662432229999,241.9632429378531
2025-01-03 12:40:00,44.25,0.04425,Observer,Receiving Location,Receiver,Receiving antenna,,Frequência muito baixa para meteor scatter,2.4281408574362226e-05,6774.970802259887
2025-01-03 12:40:00,1242.0,1.242,Observer,Receiving Location,Receiver,Receiving antenna,,Frequência muito baixa para meteor scatter,0.019128922971612238,241.37879066022543
2025-01-03 12:40:00,1243.0,1.243,Observer,Receiving Location,Receiver,Receiving antenna,,Frequência muito baixa para meteor scatter,0.019159738790978223,241.18460016090106
2025-01-03 12:40:00,1244.0,1.244,Observer,Receiving Location,Receiver,Receiving antenna,,Frequência muito baixa para meteor scatter,0.019190579411808472,240.99072186495178
2025-01-03 12:40:00,1245.0,1.245,Observer,Receiving Location,Receiver,Receiving antenna,,Frequência muito baixa para meteor scatter,0.019221444834103006,240.7971550200803
2025-01-03 12:40:00,12462.0,12.462,Observer,Receiving Location,Receiver,Receiving antenna,,Frequência muito baixa para meteor scatter,1.925851607878929,24.056528486599262
2025-01-03 12:40:00,1247.0,1.247,Observer,Receiving Location,Receiver,Receiving antenna,,Frequência muito baixa para meteor scatter,0.019283250083084905,240.41095268644747
2025-01-03 12:40:00,1248.0,1.248,Observer,Receiving Location,Receiver,Receiving antenna,,Frequência muito baixa para meteor scatter,0.019314189909772267,240.2183157051282
2025-01-03 12:40:00,1249.0,1.249,Observer,Receiving Location,Receiver,Receiving antenna,,Frequência muito baixa para meteor scatter,0.019345154537923924,240.0259871897518
2025-01-03 12:50:00,44.25,0.04425,Observer,Receiving Location,Receiver,Receiving antenna,,Frequência muito baixa para meteor scatter,2.4281408574362226e-05,6774.970802259887
2025-01-03 12:50:00,1252.0,1.252,Observer,Receiving Location,Receiver,Receiving antenna,,Frequência muito baixa para meteor scatter,0.019438197231164526,239.4508450479233
2025-01-03 12:50:00,1253.0,1.253,Observer,Receiving Location,Receiver,Receiving antenna,,Frequência muito baixa para meteor scatter,0.019469261065173278,239.25974301675978
2025-01-03 12:50:00,1254.0,1.254,Observer,Receiving Location,Receiver,Receiving antenna,,Frequência muito baixa para meteor scatter,0.01950034970064633,239.06894577352472
2025-01-03 12:50:00,1255.0,1.255,Observer,Receiving Location,Receiver,Receiving antenna,,Frequência muito baixa para meteor scatter,0.019531463137583638,238.87845258964143
2025-01-03 12:50:00,1257.0,1.257,Observer,Receiving Location,Receiver,Receiving antenna,,Frequência muito baixa para meteor scatter,0.019593764415851107,238.4983754972156
2025-01-03 12:50:00,1258.0,1.258,Observer,Receiving Location,Receiver,Receiving antenna,,Frequência muito baixa para meteor scatter,0.01962495225718126,238.30879014308425
2025-01-03 12:50:00,1259.0,1.259,Observer,Receiving Location,Receiver,Receiving antenna,,Frequência muito baixa para meteor scatter,0.019656164899975685,238.11950595710883
2025-01-03 13:00:00,44.25,0.04425,Observer,Receiving Location,Receiver,Receiving antenna,,Frequência muito baixa para meteor scatter,2.4281408574362226e-05,6774.970802259887
2025-01-03 13:00:00,1302.0,1.302,Observer,Receiving Location,Receiver,Receiving antenna,,Frequência muito baixa para meteor scatter,0.021021770725343624,230.2553440860215
2025-01-03 13:00:00,1303.0,1.303,Observer,Receiving Location,Receiver,Receiving antenna,,Frequência muito baixa para meteor scatter,0.0210540746325663,230.07863238679968
2025-01-03 13:00:00,1305.0,1.305,Observer,Receiving Location,Receiver,Receiving antenna,,Frequência muito baixa para meteor scatter,0.02111875685140451,229.7260214559387
2025-01-03 13:00:00,1306.0,1.306,Observer,Receiving Location,Receiver,Receiving antenna,,Frequência muito baixa para meteor scatter,0.021151135163020026,229.5501209800919
2025-01-03 13:00:00,1307.0,1.307,Observer,Receiving Location,Receiver,Receiving antenna,,Frequência muito baixa para meteor scatter,0.02118353827609982,229.3744896710023
2025-01-03 13:00:00,1309.0,1.309,Observer,Receiving Location,Receiver,Receiving antenna,,Frequência muito baixa para meteor scatter,0.021248418906652244,229.0240320855615
2025-01-03 13:10:00,1312.0,1.312,Observer,Receiving Location,Receiver,Receiving antenna,,Frequência muito baixa para meteor scatter,0.02134592586346298,228.50034908536585
2025-01-03 13:10:00,1313.0,1.313,Observer,Receiving Location,Receiver,Receiving antenna,,Frequência muito baixa para meteor scatter,0.02137847778532844,228.32631987814165
2025-01-03 13:10:00,1314.0,1.314,Observer,Receiving Location,Receiver,Receiving antenna,,Frequência muito baixa para meteor scatter,0.02141105450865819,228.15255555555555
2025-01-03 13:10:00,1315.0,1.315,Observer,Receiving Location,Receiver,Receiving antenna,,Frequência muito baixa para meteor scatter,0.021443656033452208,227.979055513308
2025-01-03 13:10:00,1317.0,1.317,Observer,Receiving Location,Receiver,Receiving antenna,,Frequência muito baixa para meteor scatter,0.0215089334874331,227.63284586180714
2025-01-03 13:10:00,1319.0,1.319,Observer,Receiving Location,Receiver,Receiving antenna,,Frequência muito baixa para meteor scatter,0.02157431014727109,227.28768612585293
2025-01-03 13:20:00,44.25,0.04425,Observer,Receiving Location,Receiver,Receiving antenna,,Frequência muito baixa para meteor scatter,2.4281408574362226e-05,6774.970802259887
2025-01-03 13:20:00,1322.0,1.322,Observer,Receiving Location,Receiver,Receiving antenna,,Frequência muito baixa para meteor scatter,0.021672561148010173,226.77190468986385
2025-01-03 13:20:00,1323.0,1.323,Observer,Receiving Location,Receiver,Receiving antenna,,Frequência muito baixa para meteor scatter,0.02170536108451843,226.60049735449735
2025-01-03 13:20:00,1325.0,1.325,Observer,Receiving Location,Receiver,Receiving antenna,,Frequência muito baixa para meteor scatter,0.021771035361927763,226.25845886792453
2025-01-03 13:20:00,1326.0,1.326,Observer,Receiving Location,Receiver,Receiving antenna,,Frequência muito baixa para meteor scatter,0.021803909702828854,226.08782654600301
2025-01-03 13:20:00,1327.0,1.327,Observer,Receiving Location,Receiver,Receiving antenna,,Frequência muito baixa para meteor scatter,0.021836808845194212,225.91745139412208
2025-01-03 13:20:00,1329.0,1.329,Observer,Receiving Location,Receiver,Receiving antenna,,Frequência muito baixa para meteor scatter,0.021902681534317785,225.5774702784048
2025-01-03 13:30:00,44.25,0.04425,Observer,Receiving Location,Receiver,Receiving antenna,,Frequência muito baixa para meteor scatter,2.4281408574362226e-05,6774.970802259887
2025-01-03 13:30:00,1332.0,1.332,Observer,Receiving Location,Receiver,Receiving antenna,,Frequência muito baixa para meteor scatter,0.022001676578985222,225.06941291291292
2025-01-03 13:30:00,1333.0,1.333,Observer,Receiving Location,Receiver,Receiving antenna,,Frequência muito baixa para meteor scatter,0.022034724530136253,224.90056864216055
2025-01-03 13:30:00,1334.0,1.334,Observer,Receiving Location,Receiver,Receiving antenna,,Frequência muito baixa para meteor scatter,0.02206779728275158,224.73197751124437
2025-01-03 13:30:00,1335.0,1.335,Observer,Receiving Location,Receiver,Receiving antenna,,Frequência muito baixa para meteor scatter,0.022100894836831166,224.56363895131085
2025-01-03 13:30:00,1337.0,1.337,Observer,Receiving Location,Receiver,Receiving antenna,,Frequência muito baixa para meteor scatter,0.022167164349383185,224.2277172774869
2025-01-03 13:30:00,1338.0,1.338,Observer,Receiving Location,Receiver,Receiving antenna,,Frequência muito baixa para meteor scatter,0.022200336307855614,224.06013303437967
2025-01-03 13:30:00,1339.0,1.339,Observer,Receiving Location,Receiver,Receiving antenna,,Frequência muito baixa para meteor scatter,0.022233533067792317,223.8927991038088
2025-01-03 13:40:00,44.25,0.04425,Observer,Receiving Location,Receiver,Receiving antenna,,Frequência muito baixa para meteor scatter,2.4281408574362226e-05,6774.970802259887
2025-01-03 13:40:00,1342.0,1.342,Observer,Receiving Location,Receiver,Receiving antenna,,Frequência muito baixa para meteor scatter,0.022333272156388115,223.39229359165424
2025-01-03 13:40:00,1343.0,1.343,Observer,Receiving Location,Receiver,Receiving antenna,,Frequência muito baixa para meteor scatter,0.022366568122181928,223.2259553239017
2025-01-03 13:40:00,1344.0,1.344,Observer,Receiving Location,Receiver,Receiving antenna,,Frequência muito baixa para meteor scatter,0.022399888889440032,223.05986458333334
2025-01-03 13:40:00,1345.0,1.345,Observer,Receiving Location,Receiver,Receiving antenna,,Frequência muito baixa para meteor scatter,0.022433234458162404,222.89402081784385
2025-01-03 13:40:00,1346.0,1.346,Observer,Receiving Location,Receiver,Receiving antenna,,Frequência muito baixa para meteor scatter,0.02246660482834907,222.7284234769688
2025-01-03 13:40:00,1347.0,1.347,Observer,Receiving Location,Receiver,Receiving antenna,,Frequência muito baixa para meteor scatter,0.0225,222.56307201187826
2025-01-03 13:40:00,1349.0,1.349,Observer,Receiving Location,Receiver,Receiving antenna,,Frequência muito baixa para meteor scatter,0.0225668647476947,222.23310452186806
2025-01-03 13:50:00,44.25,0.04425,Observer,Receiving Location,Receiver,Receiving antenna,,Frequência muito baixa para meteor scatter,2.4281408574362226e-05,6774.970802259887
2025-01-03 13:50:00,1352.0,1.352,Observer,Receiving Location,Receiver,Receiving antenna,,Frequência muito baixa para meteor scatter,0.022667347880218854,221.73998372781065
2025-01-03 13:50:00,1353.0,1.353,Observer,Receiving Location,Receiver,Receiving antenna,,Frequência muito baixa para meteor scatter,0.02270089186065545,221.576096082779
2025-01-03 13:50:00,1354.0,1.354,Observer,Receiving Location,Receiver,Receiving antenna,,Frequência muito baixa para meteor scatter,0.022734460642556336,221.4124505169867
2025-01-03 13:50:00,1355.0,1.355,Observer,Receiving Location,Receiver,Receiving antenna,,Frequência muito baixa para meteor scatter,0.022768054225921493,221.24904649446495
2025-01-03 13:50:00,1356.0,1.356,Observer,Receiving Location,Receiver,Receiving antenna,,Frequência muito baixa para meteor scatter,0.022801672610750938,221.08588348082597
2025-01-03 13:50:00,1357.0,1.357,Observer,Receiving Location,Receiver,Receiving antenna,,Frequência muito baixa para meteor scatter,0.022835315797044658,220.92296094325718
2025-01-03 13:50:00,1358.0,1.358,Observer,Receiving Location,Receiver,Receiving antenna,,Frequência muito baixa para meteor scatter,0.02286898378480266,220.76027835051548
2025-01-03 13:50:00,1359.0,1.359,Observer,Receiving Location,Receiver,Receiving antenna,,Frequência muito baixa para meteor scatter,0.02290267657402493,220.59783517292126
2025-01-03 14:00:00,44.25,0.04425,Observer,Receiving Location,Receiver,Receiving antenna,,Frequência muito baixa para meteor scatter,2.4281408574362226e-05,6774.970802259887
2025-01-03 14:00:00,1401.0,1.401,Observer,Receiving Location,Receiver,Receiving antenna,,Frequência muito baixa para meteor scatter,0.024340169443603947,213.9846238401142
2025-01-03 14:00:00,1402.0,1.402,Observer,Receiving Location,Receiver,Receiving antenna,,Frequência muito baixa para meteor scatter,0.024374928695790197,213.83199572039942
2025-01-03 14:00:00,1403.0,1.403,Observer,Receiving Location,Receiver,Receiving antenna,,Frequência muito baixa para meteor scatter,0.02440971274944073,213.6795851746258
2025-01-03 14:00:00,1404.0,1.404,Observer,Receiving Location,Receiver,Receiving antenna,,Frequência muito baixa para meteor scatter,0.024444521604555527,213.52739173789175
2025-01-03 14:00:00,1405.0,1.405,Observer,Receiving Location,Receiver,Receiving antenna,,Frequência muito baixa para meteor scatter,0.024479355261134615,213.37541494661923
2025-01-03 14:00:00,1406.0,1.406,Observer,Receiving Location,Receiver,Receiving antenna,,Frequência muito baixa para meteor scatter,0.024514213719177974,213.22365433854907
2025-01-03 14:00:00,1407.0,1.407,Observer,Receiving Location,Receiver,Receiving antenna,,Frequência muito baixa para meteor scatter,0.024549096978685618,213.07210945273633
2025-01-03 14:00:00,1408.0,1.408,Observer,Receiving Location,Receiver,Receiving antenna,,Frequência muito baixa para meteor scatter,0.02458400503965754,212.92077982954547
2025-01-03 14:00:00,1409.0,1.409,Observer,Receiving Location,Receiver,Receiving antenna,,Frequência muito baixa para meteor scatter,0.02461893790209374,212.76966501064584
2025-01-03 14:10:00,1412.0,1.412,Observer,Receiving Location,Receiver,Receiving antenna,,Frequência muito baixa para meteor scatter,0.024723885298187996,212.31760481586403
2025-01-03 14:10:00,1413.0,1.413,Observer,Receiving Location,Receiver,Receiving antenna,,Frequência muito baixa para meteor scatter,0.024758917366481312,212.16734465675867
2025-01-03 14:10:00,1415.0,1.415,Observer,Receiving Location,Receiver,Receiving antenna,,Frequência muito baixa para meteor scatter,0.02482905590746078,211.86746148409895
2025-01-03 14:10:00,1417.0,1.417,Observer,Receiving Location,Receiver,Receiving antenna,,Frequência muito baixa para meteor scatter,0.02489929365429735,211.56842484121384
2025-01-03 14:10:00,1419.0,1.419,Observer,Receiving Location,Receiver,Receiving antenna,,Frequência muito baixa para meteor scatter,0.024969630606991033,211.27023114869627
2025-01-03 14:20:00,44.25,0.04425,Observer,Receiving Location,Receiver,Receiving antenna,,Frequência muito baixa para meteor scatter,2.4281408574362226e-05,6774.970802259887
2025-01-03 14:20:00,1422.0,1.422,Observer,Receiving Location,Receiver,Receiving antenna,,Frequência muito baixa para meteor scatter,0.02507532204701365,210.82451336146272
2025-01-03 14:20:00,1423.0,1.423,Observer,Receiving Location,Receiver,Receiving antenna,,Frequência muito baixa para meteor scatter,0.02511060212994975,210.67635839775124
2025-01-03 14:20:00,1424.0,1.424,Observer,Receiving Location,Receiver,Receiving antenna,,Frequência muito baixa para meteor scatter,0.02514590701435012,210.52841151685394
2025-01-03 14:20:00,1425.0,1.425,Observer,Receiving Location,Receiver,Receiving antenna,,Frequência muito baixa para meteor scatter,0.025181236700214774,210.38067228070176
2025-01-03 14:20:00,1426.0,1.426,Observer,Receiving Location,Receiver,Receiving antenna,,Frequência muito baixa para meteor scatter,0.02521659118754371,210.2331402524544
2025-01-03 14:20:00,1427.0,1.427,Observer,Receiving Location,Receiver,Receiving antenna,,Frequência muito baixa para meteor scatter,0.025251970476336923,210.08581499649614
2025-01-03 14:20:00,1428.0,1.428,Observer,Receiving Location,Receiver,Receiving antenna,,Frequência muito baixa para meteor scatter,0.025287374566594408,209.93869607843138
2025-01-03 14:20:00,1429.0,1.429,Observer,Receiving Location,Receiver,Receiving antenna,,Frequência muito baixa para meteor scatter,0.025322803458316178,209.79178306508047
2025-01-03 14:30:00,44.25,0.04425,Observer,Receiving Location,Receiver,Receiving antenna,,Frequência muito baixa para meteor scatter,2.4281408574362226e-05,6774.970802259887
2025-01-03 14:30:00,1432.0,1.432,Observer,Receiving Location,Receiver,Receiving antenna,,Frequência muito baixa para meteor scatter,0.02542923894226715,209.3522751396648
2025-01-03 14:30:00,1433.0,1.433,Observer,Receiving Location,Receiver,Receiving antenna,,Frequência muito baixa para meteor scatter,0.025464767039846032,209.20618143754362
2025-01-03 14:30:00,1434.0,1.434,Observer,Receiving Location,Receiver,Receiving antenna,,Frequência muito baixa para meteor scatter,0.025500319938889186,209.06029149232916
2025-01-03 14:30:00,1435.0,1.435,Observer,Receiving Location,Receiver,Receiving antenna,,Frequência muito baixa para meteor scatter,0.025535897639396628,208.91460487804878
2025-01-03 14:30:00,1436.0,1.436,Observer,Receiving Location,Receiver,Receiving antenna,,Frequência muito baixa para meteor scatter,0.025571500141368338,208.76912116991645
2025-01-03 14:30:00,1437.0,1.437,Observer,Receiving Location,Receiver,Receiving antenna,,Frequência muito baixa para meteor scatter,0.025607127444804343,208.62383994432847
2025-01-03 14:30:00,1439.0,1.439,Observer,Receiving Location,Receiver,Receiving antenna,,Frequência muito baixa para meteor scatter,0.025678456456069167,208.33388325225852
2025-01-03 14:30:00,1440.0,1.44,Observer,Receiving Location,Receiver,Receiving antenna,,Frequência muito baixa para meteor scatter,0.02571415816389799,208.18920694444444
2025-01-03 14:40:00,1442.0,1.442,Observer,Receiving Location,Receiver,Receiving antenna,,Frequência muito baixa para meteor scatter,0.025785635983948483,207.9004563106796
2025-01-03 14:40:00,1443.0,1.443,Observer,Receiving Location,Receiver,Receiving antenna,,Frequência muito baixa para meteor scatter,0.02582141209617016,207.75638115038115
2025-01-03 14:40:00,14452.0,14.452,Observer,Receiving Location,Receiver,Receiving antenna,,Frequência muito baixa para meteor scatter,2.590020684421208,20.744011763077776
2025-01-03 14:40:00,1446.0,1.446,Observer,Receiving Location,Receiver,Receiving antenna,,Frequência muito baixa para meteor scatter,0.02592888924162082,207.32535131396958
2025-01-03 14:40:00,1447.0,1.447,Observer,Receiving Location,Receiver,Receiving antenna,,Frequência muito baixa para meteor scatter,0.0259647645596996,207.18207187284037
2025-01-03 14:40:00,1448.0,1.448,Observer,Receiving Location,Receiver,Receiving antenna,,Frequência muito baixa para meteor scatter,0.026000664679242662,207.0389903314917
2025-01-03 14:40:00,1449.0,1.449,Observer,Receiving Location,Receiver,Receiving antenna,,Frequência muito baixa para meteor scatter,0.02603658960025,206.89610628019324
2025-01-03 14:50:00,1453.0,1.453,Observer,Receiving Location,Receiver,Receiving antenna,,Frequência muito baixa para meteor scatter,0.026180537298922127,206.32653682037164
2025-01-03 14:50:00,1459.0,1.459,Observer,Receiving Location,Receiver,Receiving antenna,,Frequência muito baixa para meteor scatter,0.026397202890858673,205.47803838245375
2025-01-03 15:00:00,44.25,0.04425,Observer,Receiving Location,Receiver,Receiving antenna,,Frequência muito baixa para meteor scatter,2.4281408574362226e-05,6774.970802259887
2025-01-03 15:00:00,1502.0,1.502,Observer,Receiving Location,Receiver,Receiving antenna,,Frequência muito baixa para meteor scatter,0.027976101309021284,199.59551131824233
2025-01-03 15:00:00,1503.0,1.503,Observer,Receiving Location,Receiver,Receiving antenna,,Frequência muito baixa para meteor scatter,0.02801336550909965,199.4627132401863
2025-01-03 15:00:00,15052.0,15.052,Observer,Receiving Location,Receiver,Receiving antenna,,Frequência muito baixa para meteor scatter,2.8095434050426333,19.91711785809195
2025-01-03 15:00:00,1506.0,1.506,Observer,Receiving Location,Receiver,Receiving antenna,,Frequência muito baixa para meteor scatter,0.028125306918120447,199.06537715803452
2025-01-03 15:00:00,1507.0,1.507,Observer,Receiving Location,Receiver,Receiving antenna,,Frequência muito baixa para meteor scatter,0.028162670324055925,198.93328334439283
2025-01-03 15:00:00,1508.0,1.508,Observer,Receiving Location,Receiver,Receiving antenna,,Frequência muito baixa para meteor scatter,0.028200058531455695,198.8013647214854
2025-01-03 15:00:00,1509.0,1.509,Observer,Receiving Location,Receiver,Receiving antenna,,Frequência muito baixa para meteor scatter,0.02823747154031973,198.66962094102055
2025-01-03 15:10:00,1512.0,1.512,Observer,Receiving Location,Receiver,Receiving antenna,,Frequência muito baixa para meteor scatter,0.02834985937569754,198.2754351851852
2025-01-03 15:10:00,1513.0,1.513,Observer,Receiving Location,Receiver,Receiving antenna,,Frequência muito baixa para meteor scatter,0.02838737159041869,198.14438730998017
2025-01-03 15:10:00,1517.0,1.517,Observer,Receiving Location,Receiver,Receiving antenna,,Frequência muito baixa para meteor scatter,0.02853766846394611,197.6219235332894
2025-01-03 15:10:00,1519.0,1.519,Observer,Receiving Location,Receiver,Receiving antenna,,Frequência muito baixa para meteor scatter,0.028612965709495484,197.36172350230416
2025-01-03 15:20:00,44.25,0.04425,Observer,Receiving Location,Receiver,Receiving antenna,,Frequência muito baixa para meteor scatter,2.4281408574362226e-05,6774.970802259887
2025-01-03 15:20:00,1522.0,1.522,Observer,Receiving Location,Receiver,Receiving antenna,,Frequência muito baixa para meteor scatter,0.028726097588801635,196.97270565045991
2025-01-03 15:20:00,1523.0,1.523,Observer,Receiving Location,Receiver,Receiving antenna,,Frequência muito baixa para meteor scatter,0.02876385781816558,196.8433736047275
2025-01-03 15:20:00,1524.0,1.524,Observer,Receiving Location,Receiver,Receiving antenna,,Frequência muito baixa para meteor scatter,0.028801642848993805,196.71421128608924
2025-01-03 15:20:00,525.0,0.525,Observer,Receiving Location,Receiver,Receiving antenna,,Frequência muito baixa para meteor scatter,0.003417951795874029,571.0332533333333
2025-01-03 15:20:00,1528.0,1.528,Observer,Receiving Location,Receiver,Receiving antenna,,Frequência muito baixa para meteor scatter,0.02895303098694947,196.19925261780105
2025-01-03 15:30:00,1532.0,1.532,Observer,Receiving Location,Receiver,Receiving antenna,,Frequência muito baixa para meteor scatter,0.029104815948333584,195.68698302872062
2025-01-03 15:30:00,1533.0,1.533,Observer,Receiving Location,Receiver,Receiving antenna,,Frequência muito baixa para meteor scatter,0.029142824192340305,195.55933333333334
2025-01-03 15:30:00,1535.0,1.535,Observer,Receiving Location,Receiver,Receiving antenna,,Frequência muito baixa para meteor scatter,0.0292189150847466,195.3045328990228
2025-01-03 15:30:00,1536.0,1.536,Observer,Receiving Location,Receiver,Receiving antenna,,Frequência muito baixa para meteor scatter,0.029256997733146165,195.17738151041667
2025-01-03 15:30:00,1538.0,1.538,Observer,Receiving Location,Receiver,Receiving antenna,,Frequência muito baixa para meteor scatter,0.02933323743433812,194.92357477243172
2025-01-03 15:30:00,1539.0,1.539,Observer,Receiving Location,Receiver,Receiving antenna,,Frequência muito baixa para meteor scatter,0.02937139448713051,194.79691877842754
2025-01-03 15:30:00,0.9,0.0009,Observer,Receiving Location,Receiver,Receiving antenna,,Frequência muito baixa para meteor scatter,1.0044593032772652e-08,333102.7311111111
2025-01-03 15:40:00,1542.0,1.542,Observer,Receiving Location,Receiver,Receiving antenna,,Frequência muito baixa para meteor scatter,0.029486014454293382,194.4179364461738
2025-01-03 15:40:00,0.9,0.0009,Observer,Receiving Location,Receiver,Receiving antenna,,Frequência muito baixa para meteor scatter,1.0044593032772652e-08,333102.7311111111
2025-01-03 15:50:00,44.25,0.04425,Observer,Receiving Location,Receiver,Receiving antenna,,Frequência muito baixa para meteor scatter,2.4281408574362226e-05,6774.970802259887
2025-01-03 15:50:00,1552.0,1.552,Observer,Receiving Location,Receiver,Receiving antenna,,Frequência muito baixa para meteor scatter,0.02986969310668102,193.16524355670103
2025-01-03 15:50:00,1553.0,1.553,Observer,Receiving Location,Receiver,Receiving antenna,,Frequência muito baixa para meteor scatter,0.02990819737997331,193.04086155827432
2025-01-03 15:50:00,1554.0,1.554,Observer,Receiving Location,Receiver,Receiving antenna,,Frequência muito baixa para meteor scatter,0.029946726454729886,192.91663963963964
2025-01-03 15:50:00,1555.0,1.555,Observer,Receiving Location,Receiver,Receiving antenna,,Frequência muito baixa para meteor scatter,0.02998528033095073,192.79257749196142
2025-01-03 15:50:00,1559.0,1.559,Observer,Receiving Location,Receiver,Receiving antenna,,Frequência muito baixa para meteor scatter,0.03013974385047693,192.2979204618345
2025-01-03 15:50:00,0.9,0.0009,Observer,Receiving Location,Receiver,Receiving antenna,,Frequência muito baixa para meteor scatter,1.0044593032772652e-08,333102.7311111111
2025-01-03 16:00:00,44.25,0.04425,Observer,Receiving Location,Receiver,Receiving antenna,,Frequência muito baixa para meteor scatter,2.4281408574362226e-05,6774.970802259887
2025-01-03 16:00:00,1602.0,1.602,Observer,Receiving Location,Receiver,Receiving antenna,,Frequência muito baixa para meteor scatter,0.03182528856503688,187.13636579275905
2025-01-03 16:00:00,1603.0,1.603,Observer,Receiving Location,Receiver,Receiving antenna,,Frequência muito baixa para meteor scatter,0.0318650329115431,187.01962445414847
2025-01-03 16:00:00,1604.0,1.604,Observer,Receiving Location,Receiver,Receiving antenna,,Frequência muito baixa para meteor scatter,0.0319048020595136,186.90302867830425
2025-01-03 16:00:00,1608.0,1.608,Observer,Receiving Location,Receiver,Receiving antenna,,Frequência muito baixa para meteor scatter,0.03206412666603836,186.43809577114428
2025-01-03 16:00:00,1609.0,1.609,Observer,Receiving Location,Receiver,Receiving antenna,,Frequência muito baixa para meteor scatter,0.03210401982133025,186.3222237414543
2025-01-03 16:10:00,1616.0,1.616,Observer,Receiving Location,Receiver,Receiving antenna,,Frequência muito baixa para meteor scatter,0.03238396634937327,185.5151349009901
2025-01-03 16:10:00,1618.0,1.618,Observer,Receiving Location,Receiver,Receiving antenna,,Frequência muito baixa para meteor scatter,0.032464174284849774,185.28582076637824
2025-01-03 16:20:00,1622.0,1.622,Observer,Receiving Location,Receiver,Receiving antenna,,Frequência muito baixa para meteor scatter,0.03262488777337414,184.82888902589397
2025-01-03 16:20:00,1623.0,1.623,Observer,Receiving Location,Receiver,Receiving antenna,,Frequência muito baixa para meteor scatter,0.032665128149165924,184.71500800985828
2025-01-03 16:20:00,1625.0,1.625,Observer,Receiving Location,Receiver,Receiving antenna,,Frequência muito baixa para meteor scatter,0.03274568330514234,184.48766646153845
2025-01-03 16:20:00,1629.0,1.629,Observer,Receiving Location,Receiver,Receiving antenna,,Frequência muito baixa para meteor scatter,0.03290709123466649,184.03465807243708
2025-01-03 16:30:00,1632.0,1.632,Observer,Receiving Location,Receiver,Receiving antenna,,Frequência muito baixa para meteor scatter,0.033028407597184534,183.69635906862746
2025-01-03 16:30:00,1633.0,1.633,Observer,Receiving Location,Receiver,Receiving antenna,,Frequência muito baixa para meteor scatter,0.033068895987619105,183.58386895284752
2025-01-03 16:30:00,1635.0,1.635,Observer,Receiving Location,Receiver,Receiving antenna,,Frequência muito baixa para meteor scatter,0.033149947172881084,183.35930152905198
2025-01-03 16:30:00,1639.0,1.639,Observer,Receiving Location,Receiver,Receiving antenna,,Frequência muito baixa para meteor scatter,0.033312347160976384,182.91181086028067
2025-01-03 16:40:00,1642.0,1.642,Observer,Receiving Location,Receiver,Receiving antenna,,Frequência muito baixa para meteor scatter,0.03343440756742278,182.57762362971985
2025-01-03 16:40:00,1643.0,1.643,Observer,Receiving Location,Receiver,Receiving antenna,,Frequência muito baixa para meteor scatter,0.033475143972500135,182.4664990870359
2025-01-03 16:40:00,1647.0,1.647,Observer,Receiving Location,Receiver,Receiving antenna,,Frequência muito baixa para meteor scatter,0.033638337607452336,182.0233503339405
2025-01-03 16:40:00,1648.0,1.648,Observer,Receiving Location,Receiver,Receiving antenna,,Frequência muito baixa para meteor scatter,0.033679198019851087,181.91289927184465
2025-01-03 16:40:00,1649.0,1.649,Observer,Receiving Location,Receiver,Receiving antenna,,Frequência muito baixa para meteor scatter,0.03372008323371412,181.80258217101274
2025-01-03 16:50:00,44.25,0.04425,Observer,Receiving Location,Receiver,Receiving antenna,,Frequência muito baixa para meteor scatter,2.4281408574362226e-05,6774.970802259887
2025-01-03 16:50:00,1652.0,1.652,Observer,Receiving Location,Receiver,Receiving antenna,,Frequência muito baixa para meteor scatter,0.03384288768408886,181.47243220338984
2025-01-03 16:50:00,1653.0,1.653,Observer,Receiving Location,Receiver,Receiving antenna,,Frequência muito baixa para meteor scatter,0.033883872103809005,181.36264851784634
2025-01-03 16:50:00,1654.0,1.654,Observer,Receiving Location,Receiver,Receiving antenna,,Frequência muito baixa para meteor scatter,0.033924881324993425,181.25299758162032
2025-01-03 16:50:00,1655.0,1.655,Observer,Receiving Location,Receiver,Receiving antenna,,Frequência muito baixa para meteor scatter,0.03396591534764212,181.14347915407856
2025-01-03 16:50:00,1656.0,1.656,Observer,Receiving Location,Receiver,Receiving antenna,,Frequência muito baixa para meteor scatter,0.03400697417175509,181.0340929951691
2025-01-03 16:50:00,1658.0,1.658,Observer,Receiving Location,Receiver,Receiving antenna,,Frequência muito baixa para meteor scatter,0.03408916622437388,180.81571652593487
2025-01-03 16:50:00,1659.0,1.659,Observer,Receiving Location,Receiver,Receiving antenna,,Frequência muito baixa para meteor scatter,0.034130299452879695,180.7067257383966
2025-01-03 17:00:00,44.25,0.04425,Observer,Receiving Location,Receiver,Receiving antenna,,Frequência muito baixa para meteor scatter,2.4281408574362226e-05,6774.970802259887
2025-01-03 17:00:00,1702.0,1.702,Observer,Receiving Location,Receiver,Receiving antenna,,Frequência muito baixa para meteor scatter,0.03592249046383698,176.14127967097534
2025-01-03 17:00:00,1703.0,1.703,Observer,Receiving Location,Receiver,Receiving antenna,,Frequência muito baixa para meteor scatter,0.035964714956771046,176.03784967704053
2025-01-03 17:00:00,17052.0,17.052,Observer,Receiving Location,Receiver,Receiving antenna,,Frequência muito baixa para meteor scatter,3.6057696142380244,17.58107307060755
2025-01-03 17:00:00,1708.0,1.708,Observer,Receiving Location,Receiver,Receiving antenna,,Frequência muito baixa para meteor scatter,0.036176209443405535,175.52251639344263
2025-01-03 17:10:00,1713.0,1.713,Observer,Receiving Location,Receiver,Receiving antenna,,Frequência muito baixa para meteor scatter,0.03638832396664699,175.01019147694103
2025-01-03 17:10:00,1718.0,1.718,Observer,Receiving Location,Receiver,Receiving antenna,,Frequência muito baixa para meteor scatter,0.0366010585264954,174.500848661234
2025-01-03 17:20:00,1722.0,1.722,Observer,Receiving Location,Receiver,Receiving antenna,,Frequência muito baixa para meteor scatter,0.03677169260073114,174.09550406504064
2025-01-03 17:20:00,1723.0,1.723,Observer,Receiving Location,Receiver,Receiving antenna,,Frequência muito baixa para meteor scatter,0.036814413122950786,173.99446198491003
2025-01-03 17:20:00,1725.0,1.725,Observer,Receiving Location,Receiver,Receiving antenna,,Frequência muito baixa para meteor scatter,0.036899928571782876,173.79272927536232
2025-01-03 17:20:00,1726.0,1.726,Observer,Receiving Location,Receiver,Receiving antenna,,Frequência muito baixa para meteor scatter,0.036942723498395336,173.6920382387022
2025-01-03 17:20:00,1727.0,1.727,Observer,Receiving Location,Receiver,Receiving antenna,,Frequência muito baixa para meteor scatter,0.03698554322647209,173.59146381007528
2025-01-03 17:20:00,1728.0,1.728,Observer,Receiving Location,Receiver,Receiving antenna,,Frequência muito baixa para meteor scatter,0.037028387756013116,173.49100578703704
2025-01-03 17:20:00,1729.0,1.729,Observer,Receiving Location,Receiver,Receiving antenna,,Frequência muito baixa para meteor scatter,0.037071257087018424,173.39066396761135
2025-01-03 17:30:00,1732.0,1.732,Observer,Receiving Location,Receiver,Receiving antenna,,Frequência muito baixa para meteor scatter,0.03720001388881999,173.0903337182448
2025-01-03 17:30:00,1733.0,1.733,Observer,Receiving Location,Receiver,Receiving antenna,,Frequência muito baixa para meteor scatter,0.03724298242568241,172.99045470282746
2025-01-03 17:30:00,1734.0,1.734,Observer,Receiving Location,Receiver,Receiving antenna,,Frequência muito baixa para meteor scatter,0.037285975764009105,172.89069088811996
2025-01-03 17:30:00,1735.0,1.735,Observer,Receiving Location,Receiver,Receiving antenna,,Frequência muito baixa para meteor scatter,0.03732899390380008,172.79104207492796
2025-01-03 17:30:00,1736.0,1.736,Observer,Receiving Location,Receiver,Receiving antenna,,Frequência muito baixa para meteor scatter,0.03737203684505533,172.69150806451614
2025-01-03 17:30:00,1738.0,1.738,Observer,Receiving Location,Receiver,Receiving antenna,,Frequência muito baixa para meteor scatter,0.037458197131958665,172.4927836593786
2025-01-03 17:30:00,1739.0,1.739,Observer,Receiving Location,Receiver,Receiving antenna,,Frequência muito baixa para meteor scatter,0.037501314477606754,172.3935928694652
2025-01-03 17:40:00,1742.0,1.742,Observer,Receiving Location,Receiver,Receiving antenna,,Frequência muito baixa para meteor scatter,0.03763081532333669,172.09670378874856
2025-01-03 17:40:00,1743.0,1.743,Observer,Receiving Location,Receiver,Receiving antenna,,Frequência muito baixa para meteor scatter,0.03767403187484189,171.99796787148594
2025-01-03 17:40:00,1745.0,1.745,Observer,Receiving Location,Receiver,Receiving antenna,,Frequência muito baixa para meteor scatter,0.03776053938224513,171.80083553008595
2025-01-03 17:40:00,1746.0,1.746,Observer,Receiving Location,Receiver,Receiving antenna,,Frequência muito baixa para meteor scatter,0.03780383033814316,171.7024387170676
2025-01-03 17:50:00,1752.0,1.752,Observer,Receiving Location,Receiver,Receiving antenna,,Frequência muito baixa para meteor scatter,0.038064096904281225,171.11441666666667
2025-01-03 17:50:00,1753.0,1.753,Observer,Receiving Location,Receiver,Receiving antenna,,Frequência muito baixa para meteor scatter,0.03810756147042921,171.01680433542498
2025-01-03 17:50:00,17552.0,17.552,Observer,Receiving Location,Receiver,Receiving antenna,,Frequência muito baixa para meteor scatter,3.8203270817109036,17.080244872379215
2025-01-03 17:50:00,1756.0,1.756,Observer,Receiving Location,Receiver,Receiving antenna,,Frequência muito baixa para meteor scatter,0.03823810397765883,170.72463439635536
2025-01-03 17:50:00,1758.0,1.758,Observer,Receiving Location,Receiver,Receiving antenna,,Frequência muito baixa para meteor scatter,0.038325256323133314,170.53040841865757
2025-01-03 17:50:00,1759.0,1.759,Observer,Receiving Location,Receiver,Receiving antenna,,Frequência muito baixa para meteor scatter,0.038368869698066965,170.43346105741898
2025-01-03 18:00:00,44.25,0.04425,Observer,Receiving Location,Receiver,Receiving antenna,,Frequência muito baixa para meteor scatter,2.4281408574362226e-05,6774.970802259887
2025-01-03 18:00:00,1803.0,1.803,Observer,Receiving Location,Receiver,Receiving antenna,,Frequência muito baixa para meteor scatter,0.040312411644783504,166.27424181919025
2025-01-03 18:00:00,1808.0,1.808,Observer,Receiving Location,Receiver,Receiving antenna,,Frequência muito baixa para meteor scatter,0.04053630686355723,165.81441261061946
2025-01-03 18:00:00,1809.0,1.809,Observer,Receiving Location,Receiver,Receiving antenna,,Frequência muito baixa para meteor scatter,0.0405811603117048,165.72275179657268
2025-01-03 18:10:00,1818.0,1.818,Observer,Receiving Location,Receiver,Receiving antenna,,Frequência muito baixa para meteor scatter,0.04098595741092554,164.90234213421343
2025-01-03 18:10:00,1819.0,1.819,Observer,Receiving Location,Receiver,Receiving antenna,,Frequência muito baixa para meteor scatter,0.041031058873715893,164.81168664101153
2025-01-03 18:20:00,1822.0,1.822,Observer,Receiving Location,Receiver,Receiving antenna,,Frequência muito baixa para meteor scatter,0.041166512070872664,164.540317233809
2025-01-03 18:20:00,1823.0,1.823,Observer,Receiving Location,Receiver,Receiving antenna,,Frequência muito baixa para meteor scatter,0.04121171273952013,164.45005924300602
2025-01-03 18:20:00,1825.0,1.825,Observer,Receiving Location,Receiver,Receiving antenna,,Frequência muito baixa para meteor scatter,0.04130218848120793,164.26984
2025-01-03 18:20:00,1826.0,1.826,Observer,Receiving Location,Receiver,Receiving antenna,,Frequência muito baixa para meteor scatter,0.041347463554248245,164.17987842278202
2025-01-03 18:20:00,1827.0,1.827,Observer,Receiving Location,Receiver,Receiving antenna,,Frequência muito baixa para meteor scatter,0.04139276342875283,164.0900153256705
2025-01-03 18:20:00,1828.0,1.828,Observer,Receiving Location,Receiver,Receiving antenna,,Frequência muito baixa para meteor scatter,0.0414380881047217,164.00025054704597
2025-01-03 18:20:00,1829.0,1.829,Observer,Receiving Location,Receiver,Receiving antenna,,Frequência muito baixa para meteor scatter,0.04148343758215484,163.91058392564244
2025-01-04 00:20:00,44.25,0.04425,Observer,Receiving Location,Receiver,Receiving antenna,,Frequência muito baixa para meteor scatter,2.4281408574362226e-05,6774.970802259887
2025-01-04 00:20:00,29.0,0.029,Observer,Receiving Location,Receiver,Receiving antenna,,Frequência muito baixa para meteor scatter,1.0429015729088646e-05,10337.670965517242
2025-01-04 00:30:00,44.25,0.04425,Observer,Receiving Location,Receiver,Receiving antenna,,Frequência muito baixa para meteor scatter,2.4281408574362226e-05,6774.970802259887
2025-01-04 00:30:00,32.0,0.032,Observer,Receiving Location,Receiver,Receiving antenna,,Frequência muito baixa para meteor scatter,1.2698349710566913e-05,9368.5143125
2025-01-04 00:30:00,33.0,0.033,Observer,Receiving Location,Receiver,Receiving antenna,,Frequência muito baixa para meteor scatter,1.350439729961657e-05,9084.619939393939
2025-01-04 00:30:00,34.0,0.034,Observer,Receiving Location,Receiver,Receiving antenna,,Frequência muito baixa para meteor scatter,1.4335246352944679e-05,8817.425235294118
2025-01-04 00:30:00,35.0,0.035,Observer,Receiving Location,Receiver,Receiving antenna,,Frequência muito baixa para meteor scatter,1.5190896870551238e-05,8565.4988
2025-01-04 00:30:00,36.0,0.036,Observer,Receiving Location,Receiver,Receiving antenna,,Frequência muito baixa para meteor scatter,1.6071348852436246e-05,8327.568277777778
2025-01-04 00:30:00,39.0,0.039,Observer,Receiving Location,Receiver,Receiving antenna,,Frequência muito baixa para meteor scatter,1.886151358376198e-05,7686.986102564102
2025-01-04 00:40:00,44.25,0.04425,Observer,Receiving Location,Receiver,Receiving antenna,,Frequência muito baixa para meteor scatter,2.4281408574362226e-05,6774.970802259887
2025-01-04 00:40:00,42.0,0.042,Observer,Receiving Location,Receiver,Receiving antenna,,Frequência muito baixa para meteor scatter,2.187489149359378e-05,7137.915666666667
2025-01-04 00:40:00,43.0,0.043,Observer,Receiving Location,Receiver,Receiving antenna,,Frequência muito baixa para meteor scatter,2.2928953725427942e-05,6971.917627906977
2025-01-04 00:40:00,45.0,0.045,Observer,Receiving Location,Receiver,Receiving antenna,,Frequência muito baixa para meteor scatter,2.511148258193163e-05,6662.054622222222
2025-01-04 00:40:00,49.0,0.049,Observer,Receiving Location,Receiver,Receiving antenna,,Frequência muito baixa para meteor scatter,2.977415786628042e-05,6118.213428571428
2025-01-04 00:50:00,44.25,0.04425,Observer,Receiving Location,Receiver,Receiving antenna,,Frequência muito baixa para meteor scatter,2.4281408574362226e-05,6774.970802259887
2025-01-04 00:50:00,53.0,0.053,Observer,Receiving Location,Receiver,Receiving antenna,,Frequência muito baixa para meteor scatter,3.4833656579084426e-05,5656.461471698113
2025-01-04 00:50:00,55.0,0.055,Observer,Receiving Location,Receiver,Receiving antenna,,Frequência muito baixa para meteor scatter,3.751221472115713e-05,5450.771963636364
2025-01-04 00:50:00,56.0,0.056,Observer,Receiving Location,Receiver,Receiving antenna,,Frequência muito baixa para meteor scatter,3.888869598861117e-05,5353.43675
2025-01-04 00:50:00,58.0,0.058,Observer,Receiving Location,Receiver,Receiving antenna,,Frequência muito baixa para meteor scatter,4.1716062916354586e-05,5168.835482758621
2025-01-04 00:50:00,59.0,0.059,Observer,Receiving Location,Receiver,Receiving antenna,,Frequência muito baixa para meteor scatter,4.3166948576643964e-05,5081.2281016949155
2025-01-04 01:00:00,44.25,0.04425,Observer,Receiving Location,Receiver,Receiving antenna,,Frequência muito baixa para meteor scatter,2.4281408574362226e-05,6774.970802259887
2025-01-04 01:00:00,103.0,0.103,Observer,Receiving Location,Receiver,Receiving antenna,,Frequência muito baixa para meteor scatter,0.0001315593672650433,2910.6063883495144
2025-01-04 01:00:00,105.0,0.105,Observer,Receiving Location,Receiver,Receiving antenna,,Frequência muito baixa para meteor scatter,0.0001367180718349611,2855.1662666666666
2025-01-04 01:00:00,106.0,0.106,Observer,Receiving Location,Receiver,Receiving antenna,,Frequência muito baixa para meteor scatter,0.0001393346263163377,2828.2307358490566
2025-01-04 01:00:00,108.0,0.108,Observer,Receiving Location,Receiver,Receiving antenna,,Frequência muito baixa para meteor scatter,0.00014464213967192623,2775.8560925925926
2025-01-04 01:00:00,109.0,0.109,Observer,Receiving Location,Receiver,Receiving antenna,,Frequência muito baixa para meteor scatter,0.00014733309854613814,2750.38952293578
2025-01-04 01:10:00,44.25,0.04425,Observer,Receiving Location,Receiver,Receiving antenna,,Frequência muito baixa para meteor scatter,2.4281408574362226e-05,6774.970802259887
2025-01-04 01:10:00,116.0,0.116,Observer,Receiving Location,Receiver,Receiving antenna,,Frequência muito baixa para meteor scatter,0.00016686425166541834,2584.4177413793104
2025-01-04 01:10:00,118.0,0.118,Observer,Receiving Location,Receiver,Receiving antenna,,Frequência muito baixa para meteor scatter,0.00017266779430657585,2540.6140508474577
2025-01-04 01:20:00,44.25,0.04425,Observer,Receiving Location,Receiver,Receiving antenna,,Frequência muito baixa para meteor scatter,2.4281408574362226e-05,6774.970802259887
2025-01-04 01:20:00,122.0,0.122,Observer,Receiving Location,Receiver,Receiving antenna,,Frequência muito baixa para meteor scatter,0.00018457249716023231,2457.315229508197
2025-01-04 01:20:00,123.0,0.123,Observer,Receiving Location,Receiver,Receiving antenna,,Frequência muito baixa para meteor scatter,0.00018761067653434257,2437.337056910569
2025-01-04 01:20:00,129.0,0.129,Observer,Receiving Location,Receiver,Receiving antenna,,Frequência muito baixa para meteor scatter,0.0002063605835288515,2323.972542635659
2025-01-04 01:30:00,44.25,0.04425,Observer,Receiving Location,Receiver,Receiving antenna,,Frequência muito baixa para meteor scatter,2.4281408574362226e-05,6774.970802259887
2025-01-04 01:30:00,133.0,0.133,Observer,Receiving Location,Receiver,Receiving antenna,,Frequência muito baixa para meteor scatter,0.00021935655081075988,2254.0786315789474
2025-01-04 01:30:00,135.0,0.135,Observer,Receiving Location,Receiver,Receiving antenna,,Frequência muito baixa para meteor scatter,0.00022600334323738473,2220.6848740740743
2025-01-04 01:30:00,138.0,0.138,Observer,Receiving Location,Receiver,Receiving antenna,,Frequência muito baixa para meteor scatter,0.00023615954285941042,2172.409115942029
2025-01-04 01:30:00,139.0,0.139,Observer,Receiving Location,Receiver,Receiving antenna,,Frequência muito baixa para meteor scatter,0.0002395945456619759,2156.780273381295
2025-01-04 01:40:00,143.0,0.143,Observer,Receiving Location,Receiver,Receiving antenna,,Frequência muito baixa para meteor scatter,0.00025358257151502213,2096.4507552447553
2025-01-04 01:40:00,146.0,0.146,Observer,Receiving Location,Receiver,Receiving antenna,,Frequência muito baixa para meteor scatter,0.00026433400627973077,2053.373
2025-01-04 01:40:00,148.0,0.148,Observer,Receiving Location,Receiver,Receiving antenna,,Frequência muito baixa para meteor scatter,0.0002716256367775953,2025.6247162162163
2025-01-04 01:40:00,149.0,0.149,Observer,Receiving Location,Receiver,Receiving antenna,,Frequência muito baixa para meteor scatter,0.0002753086542229453,2012.0299194630873
2025-01-04 01:50:00,44.25,0.04425,Observer,Receiving Location,Receiver,Receiving antenna,,Frequência muito baixa para meteor scatter,2.4281408574362226e-05,6774.970802259887
2025-01-04 01:50:00,152.0,0.152,Observer,Receiving Location,Receiver,Receiving antenna,,Frequência muito baixa para meteor scatter,0.00028650651534466593,1972.318802631579
2025-01-04 01:50:00,153.0,0.153,Observer,Receiving Location,Receiver,Receiving antenna,,Frequência muito baixa para meteor scatter,0.00029028873864712966,1959.4278300653596
2025-01-04 01:50:00,155.0,0.155,Observer,Receiving Location,Receiver,Receiving antenna,,Frequência muito baixa para meteor scatter,0.0002979275896448926,1934.1448903225807
2025-01-04 01:50:00,159.0,0.159,Observer,Receiving Location,Receiver,Receiving antenna,,Frequência muito baixa para meteor scatter,0.00031350290921175987,1885.4871572327045
2025-01-04 02:00:00,44.25,0.04425,Observer,Receiving Location,Receiver,Receiving antenna,,Frequência muito baixa para meteor scatter,2.4281408574362226e-05,6774.970802259887
2025-01-04 02:00:00,202.0,0.202,Observer,Receiving Location,Receiver,Receiving antenna,,Frequência muito baixa para meteor scatter,0.0005059994742089573,1484.1210792079207
2025-01-04 02:00:00,203.0,0.203,Observer,Receiving Location,Receiver,Receiving antenna,,Frequência muito baixa para meteor scatter,0.0005110217707253436,1476.8101379310344
2025-01-04 02:00:00,204.0,0.204,Observer,Receiving Location,Receiver,Receiving antenna,,Frequência muito baixa para meteor scatter,0.0005160688687060083,1469.5708725490197
2025-01-04 02:00:00,206.0,0.206,Observer,Receiving Location,Receiver,Receiving antenna,,Frequência muito baixa para meteor scatter,0.0005262374690601732,1455.3031941747572
2025-01-04 02:00:00,209.0,0.209,Observer,Receiving Location,Receiver,Receiving antenna,,Frequência muito baixa para meteor scatter,0.000541676380573509,1434.4136746411484
2025-01-04 02:10:00,44.25,0.04425,Observer,Receiving Location,Receiver,Receiving antenna,,Frequência muito baixa para meteor scatter,2.4281408574362226e-05,6774.970802259887
2025-01-04 02:10:00,213.0,0.213,Observer,Receiving Location,Receiver,Receiving antenna,,Frequência muito baixa para meteor scatter,0.0005626088164245216,1407.4763286384978
2025-01-04 02:10:00,215.0,0.215,Observer,Receiving Location,Receiver,Receiving antenna,,Frequência muito baixa para meteor scatter,0.0005732238431356986,1394.3835255813954
2025-01-04 02:10:00,219.0,0.219,Observer,Receiving Location,Receiver,Receiving antenna,,Frequência muito baixa para meteor scatter,0.0005947515141293941,1368.9153333333334
2025-01-04 02:20:00,222.0,0.222,Observer,Receiving Location,Receiver,Receiving antenna,,Frequência muito baixa para meteor scatter,0.0006111576827495895,1350.4164774774774
2025-01-04 02:20:00,223.0,0.223,Observer,Receiving Location,Receiver,Receiving antenna,,Frequência muito baixa para meteor scatter,0.0006166760085515448,1344.360798206278
2025-01-04 02:20:00,227.0,0.227,Observer,Receiving Location,Receiver,Receiving antenna,,Frequência muito baixa para meteor scatter,0.0006389973264021507,1320.6716211453745
2025-01-04 02:20:00,229.0,0.229,Observer,Receiving Location,Receiver,Receiving antenna,,Frequência muito baixa para meteor scatter,0.0006503067941131245,1309.1373711790393
2025-01-04 02:30:00,44.25,0.04425,Observer,Receiving Location,Receiver,Receiving antenna,,Frequência muito baixa para meteor scatter,2.4281408574362226e-05,6774.970802259887
2025-01-04 02:30:00,233.0,0.233,Observer,Receiving Location,Receiver,Receiving antenna,,Frequência muito baixa para meteor scatter,0.0006732233471064131,1286.6629098712447
2025-01-04 02:30:00,235.0,0.235,Observer,Receiving Location,Receiver,Receiving antenna,,Frequência muito baixa para meteor scatter,0.000684830432388728,1275.7125872340425
2025-01-04 02:30:00,236.0,0.236,Observer,Receiving Location,Receiver,Receiving antenna,,Frequência muito baixa para meteor scatter,0.0006906711772263034,1270.3070254237289
2025-01-04 02:30:00,237.0,0.237,Observer,Receiving Location,Receiver,Receiving antenna,,Frequência muito baixa para meteor scatter,0.000696536723528157,1264.9470801687764
2025-01-04 02:40:00,243.0,0.243,Observer,Receiving Location,Receiver,Receiving antenna,,Frequência muito baixa para meteor scatter,0.0007322508320891264,1233.713818930041
2025-01-04 02:40:00,248.0,0.248,Observer,Receiving Location,Receiver,Receiving antenna,,Frequência muito baixa para meteor scatter,0.000762694629490925,1208.8405564516129
2025-01-04 02:40:00,249.0,0.249,Observer,Receiving Location,Receiver,Receiving antenna,,Frequência muito baixa para meteor scatter,0.0007688577933641202,1203.9857751004015
2025-01-04 02:50:00,253.0,0.253,Observer,Receiving Location,Receiver,Receiving antenna,,Frequência muito baixa para meteor scatter,0.0007937584634996849,1184.9504268774704
2025-01-04 02:50:00,255.0,0.255,Observer,Receiving Location,Receiver,Receiving antenna,,Frequência muito baixa para meteor scatter,0.000806357607353138,1175.6566980392156
2025-01-04 02:50:00,256.0,0.256,Observer,Receiving Location,Receiver,Receiving antenna,,Frequência muito baixa para meteor scatter,0.0008126943814762824,1171.0642890625
2025-01-04 02:50:00,258.0,0.258,Observer,Receiving Location,Receiver,Receiving antenna,,Frequência muito baixa para meteor scatter,0.000825442334115406,1161.9862713178295
2025-01-04 03:00:00,44.25,0.04425,Observer,Receiving Location,Receiver,Receiving antenna,,Frequência muito baixa para meteor scatter,2.4281408574362226e-05,6774.970802259887
2025-01-04 03:00:00,303.0,0.303,Observer,Receiving Location,Receiver,Receiving antenna,,Frequência muito baixa para meteor scatter,0.0011384988169701536,989.4140528052806
2025-01-04 03:00:00,305.0,0.305,Observer,Receiving Location,Receiver,Receiving antenna,,Frequência muito baixa para meteor scatter,0.0011535781072514522,982.9260918032787
2025-01-04 03:00:00,308.0,0.308,Observer,Receiving Location,Receiver,Receiving antenna,,Frequência muito baixa para meteor scatter,0.0011763830536554879,973.3521363636364
2025-01-04 03:00:00,309.0,0.309,Observer,Receiving Location,Receiver,Receiving antenna,,Frequência muito baixa para meteor scatter,0.0011840343053853895,970.2021294498381
2025-01-04 03:10:00,44.25,0.04425,Observer,Receiving Location,Receiver,Receiving antenna,,Frequência muito baixa para meteor scatter,2.4281408574362226e-05,6774.970802259887
2025-01-04 03:10:00,315.0,0.315,Observer,Receiving Location,Receiver,Receiving antenna,,Frequência muito baixa para meteor scatter,0.0012304626465146503,951.7220888888888
2025-01-04 03:10:00,316.0,0.316,Observer,Receiving Location,Receiver,Receiving antenna,,Frequência muito baixa para meteor scatter,0.0012382875084945013,948.7103101265823
2025-01-04 03:10:00,318.0,0.318,Observer,Receiving Location,Receiver,Receiving antenna,,Frequência muito baixa para meteor scatter,0.0012540116368470395,942.7435786163522
2025-01-04 03:20:00,323.0,0.323,Observer,Receiving Location,Receiver,Receiving antenna,,Frequência muito baixa para meteor scatter,0.001293755983353257,928.1500247678018
2025-01-04 03:20:00,325.0,0.325,Observer,Receiving Location,Receiver,Receiving antenna,,Frequência muito baixa para meteor scatter,0.0013098273322056937,922.4383323076923
2025-01-04 03:20:00,327.0,0.327,Observer,Receiving Location,Receiver,Receiving antenna,,Frequência muito baixa para meteor scatter,0.0013259978869152435,916.7965076452599
2025-01-04 03:20:00,328.0,0.328,Observer,Receiving Location,Receiver,Receiving antenna,,Frequência muito baixa para meteor scatter,0.0013341203664664362,914.0013963414634
2025-01-04 03:20:00,329.0,0.329,Observer,Receiving Location,Receiver,Receiving antenna,,Frequência muito baixa para meteor scatter,0.0013422676474819071,911.2232765957447
2025-01-04 03:30:00,44.25,0.04425,Observer,Receiving Location,Receiver,Receiving antenna,,Frequência muito baixa para meteor scatter,2.4281408574362226e-05,6774.970802259887
2025-01-04 03:30:00,333.0,0.333,Observer,Receiving Location,Receiver,Receiving antenna,,Frequência muito baixa para meteor scatter,0.0013751047861865764,900.2776516516517
2025-01-04 03:30:00,335.0,0.335,Observer,Receiving Location,Receiver,Receiving antenna,,Frequência muito baixa para meteor scatter,0.001391672164324582,894.9028597014925
2025-01-04 03:30:00,336.0,0.336,Observer,Receiving Location,Receiver,Receiving antenna,,Frequência muito baixa para meteor scatter,0.001399993055590002,892.2394583333333
2025-01-04 03:30:00,337.0,0.337,Observer,Receiving Location,Receiver,Receiving antenna,,Frequência muito baixa para meteor scatter,0.0014083387483197008,889.5918635014837
2025-01-04 03:30:00,338.0,0.338,Observer,Receiving Location,Receiver,Receiving antenna,,Frequência muito baixa para meteor scatter,0.0014167092425136783,886.9599349112426
2025-01-04 03:30:00,339.0,0.339,Observer,Receiving Location,Receiver,Receiving antenna,,Frequência muito baixa para meteor scatter,0.0014251045381719336,884.3435339233039
2025-01-04 03:30:00,340.0,0.34,Observer,Receiving Location,Receiver,Receiving antenna,,Frequência muito baixa para meteor scatter,0.001433524635294468,881.7425235294118
2025-01-04 03:40:00,44.25,0.04425,Observer,Receiving Location,Receiver,Receiving antenna,,Frequência muito baixa para meteor scatter,2.4281408574362226e-05,6774.970802259887
2025-01-04 03:40:00,343.0,0.343,Observer,Receiving Location,Receiver,Receiving antenna,,Frequência muito baixa para meteor scatter,0.0014589337354477408,874.0304897959184
2025-01-04 03:40:00,346.0,0.346,Observer,Receiving Location,Receiver,Receiving antenna,,Frequência muito baixa para meteor scatter,0.0014845660487795194,866.4521907514451
2025-01-04 03:40:00,348.0,0.348,Observer,Receiving Location,Receiver,Receiving antenna,,Frequência muito baixa para meteor scatter,0.0015017782649887647,861.4725804597701
2025-01-04 03:40:00,349.0,0.349,Observer,Receiving Location,Receiver,Receiving antenna,,Frequência muito baixa para meteor scatter,0.0015104215752898046,859.0041776504298
2025-01-04 03:50:00,44.25,0.04425,Observer,Receiving Location,Receiver,Receiving antenna,,Frequência muito baixa para meteor scatter,2.4281408574362226e-05,6774.970802259887
2025-01-04 03:50:00,353.0,0.353,Observer,Receiving Location,Receiver,Receiving antenna,,Frequência muito baixa para meteor scatter,0.0015452428311367498,849.2704192634561
2025-01-04 03:50:00,355.0,0.355,Observer,Receiving Location,Receiver,Receiving antenna,,Frequência muito baixa para meteor scatter,0.0015628022678458935,844.4857971830986
2025-01-04 03:50:00,356.0,0.356,Observer,Receiving Location,Receiver,Receiving antenna,,Frequência muito baixa para meteor scatter,0.0015716191883968825,842.1136460674157
2025-01-04 03:50:00,358.0,0.358,Observer,Receiving Location,Receiver,Receiving antenna,,Frequência muito baixa para meteor scatter,0.0015893274338916968,837.4091005586592
2025-01-04 03:50:00,359.0,0.359,Observer,Receiving Location,Receiver,Receiving antenna,,Frequência muito baixa para meteor scatter,0.001598218758835521,835.0764846796658
2025-01-04 04:00:00,44.25,0.04425,Observer,Receiving Location,Receiver,Receiving antenna,,Frequência muito baixa para meteor scatter,2.4281408574362226e-05,6774.970802259887
2025-01-04 04:00:00,403.0,0.403,Observer,Receiving Location,Receiver,Receiving antenna,,Frequência muito baixa para meteor scatter,0.0020139905059994743,743.9018808933002
2025-01-04 04:00:00,405.0,0.405,Observer,Receiving Location,Receiver,Receiving antenna,,Frequência muito baixa para meteor scatter,0.002034030089136463,740.2282913580246
2025-01-04 04:00:00,409.0,0.409,Observer,Receiving Location,Receiver,Receiving antenna,,Frequência muito baixa para meteor scatter,0.00207440687298178,732.9888948655257
2025-01-04 04:10:00,44.25,0.04425,Observer,Receiving Location,Receiver,Receiving antenna,,Frequência muito baixa para meteor scatter,2.4281408574362226e-05,6774.970802259887
2025-01-04 04:10:00,415.0,0.415,Observer,Receiving Location,Receiver,Receiving antenna,,Frequência muito baixa para meteor scatter,0.0021357160926781115,722.391465060241
2025-01-04 04:10:00,416.0,0.416,Observer,Receiving Location,Receiver,Receiving antenna,,Frequência muito baixa para meteor scatter,0.0021460211010858074,720.6549471153846
2025-01-04 04:10:00,418.0,0.418,Observer,Receiving Location,Receiver,Receiving antenna,,Frequência muito baixa para meteor scatter,0.002166705522294036,717.2068373205742
2025-01-04 04:10:00,419.0,0.419,Observer,Receiving Location,Receiver,Receiving antenna,,Frequência muito baixa para meteor scatter,0.0021770849350945675,715.4951264916468
2025-01-04 04:20:00,423.0,0.423,Observer,Receiving Location,Receiver,Receiving antenna,,Frequência muito baixa para meteor scatter,0.002218850600939479,708.7292151300236
2025-01-04 04:20:00,427.0,0.427,Observer,Receiving Location,Receiver,Receiving antenna,,Frequência muito baixa para meteor scatter,0.002261013090212846,702.0900655737705
2025-01-04 04:20:00,428.0,0.428,Observer,Receiving Location,Receiver,Receiving antenna,,Frequência muito baixa para meteor scatter,0.002271615716191884,700.4496682242991
2025-01-04 04:20:00,429.0,0.429,Observer,Receiving Location,Receiver,Receiving antenna,,Frequência muito baixa para meteor scatter,0.0022822431436351994,698.8169184149184
2025-01-04 04:30:00,44.25,0.04425,Observer,Receiving Location,Receiver,Receiving antenna,,Frequência muito baixa para meteor scatter,2.4281408574362226e-05,6774.970802259887
2025-01-04 04:30:00,433.0,0.433,Observer,Receiving Location,Receiver,Receiving antenna,,Frequência muito baixa para meteor scatter,0.002325000868051249,692.3613348729792
2025-01-04 04:30:00,435.0,0.435,Observer,Receiving Location,Receiver,Receiving antenna,,Frequência muito baixa para meteor scatter,0.002346528539044945,689.1780643678161
2025-01-04 04:30:00,436.0,0.436,Observer,Receiving Location,Receiver,Receiving antenna,,Frequência muito baixa para meteor scatter,0.00235732957673821,687.597380733945
2025-01-04 04:30:00,438.0,0.438,Observer,Receiving Location,Receiver,Receiving antenna,,Frequência muito baixa para meteor scatter,0.0023790060565175766,684.4576666666667
2025-01-04 04:30:00,439.0,0.439,Observer,Receiving Location,Receiver,Receiving antenna,,Frequência muito baixa para meteor scatter,0.002389881498603677,682.8985375854214
2025-01-04 04:40:00,44.25,0.04425,Observer,Receiving Location,Receiver,Receiving antenna,,Frequência muito baixa para meteor scatter,2.4281408574362226e-05,6774.970802259887
2025-01-04 04:40:00,443.0,0.443,Observer,Receiving Location,Receiver,Receiving antenna,,Frequência muito baixa para meteor scatter,0.0024336312815908647,676.7324108352144
2025-01-04 04:40:00,445.0,0.445,Observer,Receiving Location,Receiver,Receiving antenna,,Frequência muito baixa para meteor scatter,0.0024556549818701297,673.6909168539325
2025-01-04 04:40:00,449.0,0.449,Observer,Receiving Location,Receiver,Receiving antenna,,Frequência muito baixa para meteor scatter,0.0024999999999999996,667.6892160356348
2025-01-04 04:50:00,44.25,0.04425,Observer,Receiving Location,Receiver,Receiving antenna,,Frequência muito baixa para meteor scatter,2.4281408574362226e-05,6774.970802259887
2025-01-04 04:50:00,453.0,0.453,Observer,Receiving Location,Receiver,Receiving antenna,,Frequência muito baixa para meteor scatter,0.0025447418415583253,661.7935055187638
2025-01-04 04:50:00,455.0,0.455,Observer,Receiving Location,Receiver,Receiving antenna,,Frequência muito baixa para meteor scatter,0.002567261571123159,658.8845230769231
2025-01-04 04:50:00,459.0,0.459,Observer,Receiving Location,Receiver,Receiving antenna,,Frequência muito baixa para meteor scatter,0.0026125986478241674,653.1426100217865
2025-01-04 05:00:00,44.25,0.04425,Observer,Receiving Location,Receiver,Receiving antenna,,Frequência muito baixa para meteor scatter,2.4281408574362226e-05,6774.970802259887
2025-01-04 05:00:00,503.0,0.503,Observer,Receiving Location,Receiver,Receiving antenna,,Frequência muito baixa para meteor scatter,0.003137496837813304,596.0088628230616
2025-01-04 05:00:00,508.0,0.508,Observer,Receiving Location,Receiver,Receiving antenna,,Frequência muito baixa para meteor scatter,0.0032001825387770895,590.1426338582677
2025-01-04 05:00:00,509.0,0.509,Observer,Receiving Location,Receiver,Receiving antenna,,Frequência muito baixa para meteor scatter,0.003212794083362681,588.9832180746562
2025-01-04 05:10:00,44.25,0.04425,Observer,Receiving Location,Receiver,Receiving antenna,,Frequência muito baixa para meteor scatter,2.4281408574362226e-05,6774.970802259887
2025-01-04 05:10:00,513.0,0.513,Observer,Receiving Location,Receiver,Receiving antenna,,Frequência muito baixa para meteor scatter,0.0032634882763478354,584.3907563352826
2025-01-04 05:10:00,515.0,0.515,Observer,Receiving Location,Receiver,Receiving antenna,,Frequência muito baixa para meteor scatter,0.0032889841816260835,582.121277669903
2025-01-04 05:10:00,516.0,0.516,Observer,Receiving Location,Receiver,Receiving antenna,,Frequência muito baixa para meteor scatter,0.003301769336461624,580.9931356589148
2025-01-04 05:10:00,518.0,0.518,Observer,Receiving Location,Receiver,Receiving antenna,,Frequência muito baixa para meteor scatter,0.0033274140505255433,578.7499189189189
2025-01-04 05:10:00,519.0,0.519,Observer,Receiving Location,Receiver,Receiving antenna,,Frequência muito baixa para meteor scatter,0.0033402736097539196,577.6347938342967
2025-01-04 05:20:00,44.25,0.04425,Observer,Receiving Location,Receiver,Receiving antenna,,Frequência muito baixa para meteor scatter,2.4281408574362226e-05,6774.970802259887
2025-01-04 05:20:00,523.0,0.523,Observer,Receiving Location,Receiver,Receiving antenna,,Frequência muito baixa para meteor scatter,0.0033919598613102115,573.2169369024857
2025-01-04 05:20:00,525.0,0.525,Observer,Receiving Location,Receiver,Receiving antenna,,Frequência muito baixa para meteor scatter,0.003417951795874029,571.0332533333333
2025-01-04 05:20:00,529.0,0.529,Observer,Receiving Location,Receiver,Receiving antenna,,Frequência muito baixa para meteor scatter,0.003470233282573003,566.7154215500946
2025-01-04 05:30:00,532.0,0.532,Observer,Receiving Location,Receiver,Receiving antenna,,Frequência muito baixa para meteor scatter,0.003509704812972158,563.5196578947368
2025-01-04 05:30:00,533.0,0.533,Observer,Receiving Location,Receiver,Receiving antenna,,Frequência muito baixa para meteor scatter,0.003522911592700433,562.4623977485928
2025-01-04 05:30:00,535.0,0.535,Observer,Receiving Location,Receiver,Receiving antenna,,Frequência muito baixa para meteor scatter,0.003549399556549819,560.3597345794393
2025-01-04 05:30:00,539.0,0.539,Observer,Receiving Location,Receiver,Receiving antenna,,Frequência muito baixa para meteor scatter,0.003602673101819931,556.2012207792208
2025-01-04 05:40:00,543.0,0.543,Observer,Receiving Location,Receiver,Receiving antenna,,Frequência muito baixa para meteor scatter,0.0036563434705184994,552.1039742173112
2025-01-04 05:40:00,546.0,0.546,Observer,Receiving Location,Receiver,Receiving antenna,,Frequência muito baixa para meteor scatter,0.003696856662417349,549.0704358974359
2025-01-04 05:50:00,44.25,0.04425,Observer,Receiving Location,Receiver,Receiving antenna,,Frequência muito baixa para meteor scatter,2.4281408574362226e-05,6774.970802259887
2025-01-04 05:50:00,553.0,0.553,Observer,Receiving Location,Receiver,Receiving antenna,,Frequência muito baixa para meteor scatter,0.003792255494764411,542.1201772151899
2025-01-04 05:50:00,556.0,0.556,Observer,Receiving Location,Receiver,Receiving antenna,,Frequência muito baixa para meteor scatter,0.0038335127305916144,539.1950683453238
2025-01-04 05:50:00,558.0,0.558,Observer,Receiving Location,Receiver,Receiving antenna,,Frequência muito baixa para meteor scatter,0.003861141561797809,537.2624695340502
2025-01-04 05:50:00,559.0,0.559,Observer,Receiving Location,Receiver,Receiving antenna,,Frequência muito baixa para meteor scatter,0.0038749931795973233,536.3013559928444
2025-01-04 06:00:00,44.25,0.04425,Observer,Receiving Location,Receiver,Receiving antenna,,Frequência muito baixa para meteor scatter,2.4281408574362226e-05,6774.970802259887
2025-01-04 06:00:00,603.0,0.603,Observer,Receiving Location,Receiver,Receiving antenna,,Frequência muito baixa para meteor scatter,0.004509017812411644,497.16825538971807
2025-01-04 06:00:00,605.0,0.605,Observer,Receiving Location,Receiver,Receiving antenna,,Frequência muito baixa para meteor scatter,0.004538977981260013,495.52472396694213
2025-01-04 06:00:00,609.0,0.609,Observer,Receiving Location,Receiver,Receiving antenna,,Frequência muito baixa para meteor scatter,0.0045991959365280916,492.2700459770115
2025-01-04 06:10:00,44.25,0.04425,Observer,Receiving Location,Receiver,Receiving antenna,,Frequência muito baixa para meteor scatter,2.4281408574362226e-05,6774.970802259887
2025-01-04 06:10:00,613.0,0.613,Observer,Receiving Location,Receiver,Receiving antenna,,Frequência muito baixa para meteor scatter,0.004659810715224627,489.05784339314846
2025-01-04 06:10:00,615.0,0.615,Observer,Receiving Location,Receiver,Receiving antenna,,Frequência muito baixa para meteor scatter,0.0046902669133585635,487.4674113821138
2025-01-04 06:10:00,618.0,0.618,Observer,Receiving Location,Receiver,Receiving antenna,,Frequência muito baixa para meteor scatter,0.004736137221541558,485.10106472491907
2025-01-04 06:10:00,619.0,0.619,Observer,Receiving Location,Receiver,Receiving antenna,,Frequência muito baixa para meteor scatter,0.004751476927197781,484.3173796445881
2025-01-04 06:20:00,44.25,0.04425,Observer,Receiving Location,Receiver,Receiving antenna,,Frequência muito baixa para meteor scatter,2.4281408574362226e-05,6774.970802259887
2025-01-04 06:20:00,622.0,0.622,Observer,Receiving Location,Receiver,Receiving antenna,,Frequência muito baixa para meteor scatter,0.004797644852952118,481.98144372990356
2025-01-04 06:20:00,623.0,0.623,Observer,Receiving Location,Receiver,Receiving antenna,,Frequência muito baixa para meteor scatter,0.004813083764465453,481.207797752809
2025-01-04 06:20:00,624.0,0.624,Observer,Receiving Location,Receiver,Receiving antenna,,Frequência muito baixa para meteor scatter,0.004828547477443067,480.4366314102564
2025-01-04 06:20:00,626.0,0.626,Observer,Receiving Location,Receiver,Receiving antenna,,Frequência muito baixa para meteor scatter,0.0048595493077911315,478.9016900958466
2025-01-04 06:20:00,627.0,0.627,Observer,Receiving Location,Receiver,Receiving antenna,,Frequência muito baixa para meteor scatter,0.004875087425161582,478.13789154704943
2025-01-04 06:20:00,628.0,0.628,Observer,Receiving Location,Receiver,Receiving antenna,,Frequência muito baixa para meteor scatter,0.00489065034399631,477.376525477707
2025-01-04 06:20:00,629.0,0.629,Observer,Receiving Location,Receiver,Receiving antenna,,Frequência muito baixa para meteor scatter,0.004906238064295315,476.6175802861685
2025-01-04 06:30:00,44.25,0.04425,Observer,Receiving Location,Receiver,Receiving antenna,,Frequência muito baixa para meteor scatter,2.4281408574362226e-05,6774.970802259887
2025-01-04 06:30:00,633.0,0.633,Observer,Receiving Location,Receiver,Receiving antenna,,Frequência muito baixa para meteor scatter,0.004968836960134127,473.6057788309637
2025-01-04 06:30:00,635.0,0.635,Observer,Receiving Location,Receiver,Receiving antenna,,Frequência muito baixa para meteor scatter,0.005000285216839201,472.1141070866142
2025-01-04 06:30:00,637.0,0.637,Observer,Receiving Location,Receiver,Receiving antenna,,Frequência muito baixa para meteor scatter,0.005031832679401392,470.6318021978022
2025-01-04 06:30:00,638.0,0.638,Observer,Receiving Location,Receiver,Receiving antenna,,Frequência muito baixa para meteor scatter,0.005047643612878903,469.89413479623823
2025-01-04 06:30:00,639.0,0.639,Observer,Receiving Location,Receiver,Receiving antenna,,Frequência muito baixa para meteor scatter,0.005063479347820696,469.15877621283255
2025-01-04 06:40:00,44.25,0.04425,Observer,Receiving Location,Receiver,Receiving antenna,,Frequência muito baixa para meteor scatter,2.4281408574362226e-05,6774.970802259887
2025-01-04 06:40:00,641.0,0.641,Observer,Receiving Location,Receiver,Receiving antenna,,Frequência muito baixa para meteor scatter,0.005095225222097112,467.6949422776911
2025-01-04 06:40:00,643.0,0.643,Observer,Receiving Location,Receiver,Receiving antenna,,Frequência muito baixa para meteor scatter,0.005127070302230643,466.24021461897354
2025-01-04 06:40:00,645.0,0.645,Observer,Receiving Location,Receiver,Receiving antenna,,Frequência muito baixa para meteor scatter,0.0051590145882212885,464.79450852713177
2025-01-04 06:40:00,647.0,0.647,Observer,Receiving Location,Receiver,Receiving antenna,,Frequência muito baixa para meteor scatter,0.005191058080069048,463.3577403400309
2025-01-04 06:40:00,648.0,0.648,Observer,Receiving Location,Receiver,Receiving antenna,,Frequência muito baixa para meteor scatter,0.005207117028189345,462.6426820987654
2025-01-04 06:40:00,650.0,0.65,Observer,Receiving Location,Receiver,Receiving antenna,,Frequência muito baixa para meteor scatter,0.005239309328822775,461.2191661538462
2025-01-04 06:50:00,44.25,0.04425,Observer,Receiving Location,Receiver,Receiving antenna,,Frequência muito baixa para meteor scatter,2.4281408574362226e-05,6774.970802259887
2025-01-04 06:50:00,653.0,0.653,Observer,Receiving Location,Receiver,Receiving antenna,,Frequência muito baixa para meteor scatter,0.0052877837907550065,459.1002419601838
2025-01-04 06:50:00,655.0,0.655,Observer,Receiving Location,Receiver,Receiving antenna,,Frequência muito baixa para meteor scatter,0.0053202241060312195,457.69840916030535
2025-01-04 06:50:00,658.0,0.658,Observer,Receiving Location,Receiver,Receiving antenna,,Frequência muito baixa para meteor scatter,0.0053690705899276285,455.61163829787233
2025-01-04 06:50:00,659.0,0.659,Observer,Receiving Location,Receiver,Receiving antenna,,Frequência muito baixa para meteor scatter,0.00538540235415499,454.92027010622155
2025-01-04 06:50:00,700.0,0.7,Observer,Receiving Location,Receiver,Receiving antenna,,Frequência muito baixa para meteor scatter,0.006076358748220493,428.27494
2025-01-04 07:00:00,44.25,0.04425,Observer,Receiving Location,Receiver,Receiving antenna,,Frequência muito baixa para meteor scatter,2.4281408574362226e-05,6774.970802259887
2025-01-04 07:00:00,703.0,0.703,Observer,Receiving Location,Receiver,Receiving antenna,,Frequência muito baixa para meteor scatter,0.0061285534297944935,426.44730867709814
2025-01-04 07:00:00,705.0,0.705,Observer,Receiving Location,Receiver,Receiving antenna,,Frequência muito baixa para meteor scatter,0.006163473891498553,425.2375290780142
2025-01-04 07:10:00,712.0,0.712,Observer,Receiving Location,Receiver,Receiving antenna,,Frequência muito baixa para meteor scatter,0.00628647675358753,421.0568230337079
2025-01-04 07:10:00,715.0,0.715,Observer,Receiving Location,Receiver,Receiving antenna,,Frequência muito baixa para meteor scatter,0.006339564287875554,419.29015104895103
2025-01-04 07:10:00,719.0,0.719,Observer,Receiving Location,Receiver,Receiving antenna,,Frequência muito baixa para meteor scatter,0.006410694887426153,416.9575215577191
2025-01-04 07:10:00,720.0,0.72,Observer,Receiving Location,Receiver,Receiving antenna,,Frequência muito baixa para meteor scatter,0.0064285395409744974,416.3784138888889
2025-01-04 07:20:00,44.25,0.04425,Observer,Receiving Location,Receiver,Receiving antenna,,Frequência muito baixa para meteor scatter,2.4281408574362226e-05,6774.970802259887
2025-01-04 07:20:00,722.0,0.722,Observer,Receiving Location,Receiver,Receiving antenna,,Frequência muito baixa para meteor scatter,0.006464303252464025,415.2250110803324
2025-01-04 07:20:00,723.0,0.723,Observer,Receiving Location,Receiver,Receiving antenna,,Frequência muito baixa para meteor scatter,0.006482222310405205,414.65070262793915
2025-01-04 07:20:00,728.0,0.728,Observer,Receiving Location,Receiver,Receiving antenna,,Frequência muito baixa para meteor scatter,0.006572189622075286,411.8028269230769
2025-01-04 07:20:00,729.0,0.729,Observer,Receiving Location,Receiver,Receiving antenna,,Frequência muito baixa para meteor scatter,0.006590257488802137,411.23793964334703
2025-01-04 07:30:00,44.25,0.04425,Observer,Receiving Location,Receiver,Receiving antenna,,Frequência muito baixa para meteor scatter,2.4281408574362226e-05,6774.970802259887
2025-01-04 07:30:00,732.0,0.732,Observer,Receiving Location,Receiver,Receiving antenna,,Frequência muito baixa para meteor scatter,0.006644609897768362,409.5525382513661
2025-01-04 07:30:00,739.0,0.739,Observer,Receiving Location,Receiver,Receiving antenna,,Frequência muito baixa para meteor scatter,0.0067723002366059685,405.673150202977
2025-01-04 07:40:00,44.25,0.04425,Observer,Receiving Location,Receiver,Receiving antenna,,Frequência muito baixa para meteor scatter,2.4281408574362226e-05,6774.970802259887
2025-01-04 07:40:00,741.0,0.741,Observer,Receiving Location,Receiver,Receiving antenna,,Frequência muito baixa para meteor scatter,0.0068090064037380745,404.57821592442644
2025-01-04 07:40:00,742.0,0.742,Observer,Receiving Location,Receiver,Receiving antenna,,Frequência muito baixa para meteor scatter,0.006827396689500548,404.03296226415097
2025-01-04 07:40:00,743.0,0.743,Observer,Receiving Location,Receiver,Receiving antenna,,Frequência muito baixa para meteor scatter,0.0068458117767272965,403.48917631224765
2025-01-04 07:40:00,745.0,0.745,Observer,Receiving Location,Receiver,Receiving antenna,,Frequência muito baixa para meteor scatter,0.006882716355573633,402.4059838926174
2025-01-04 07:40:00,746.0,0.746,Observer,Receiving Location,Receiver,Receiving antenna,,Frequência muito baixa para meteor scatter,0.006901205847193217,401.8665656836461
2025-01-04 07:40:00,748.0,0.748,Observer,Receiving Location,Receiver,Receiving antenna,,Frequência muito baixa para meteor scatter,0.006938259234825224,400.7920561497326
2025-01-04 07:40:00,749.0,0.749,Observer,Receiving Location,Receiver,Receiving antenna,,Frequência muito baixa para meteor scatter,0.006956823130837644,400.256953271028
2025-01-04 07:40:00,750.0,0.75,Observer,Receiving Location,Receiver,Receiving antenna,,Frequência muito baixa para meteor scatter,0.006975411828314344,399.72327733333333
2025-01-04 07:50:00,44.25,0.04425,Observer,Receiving Location,Receiver,Receiving antenna,,Frequência muito baixa para meteor scatter,2.4281408574362226e-05,6774.970802259887
2025-01-04 07:50:00,752.0,0.752,Observer,Receiving Location,Receiver,Receiving antenna,,Frequência muito baixa para meteor scatter,0.007012663627660576,398.6601835106383
2025-01-04 07:50:00,756.0,0.756,Observer,Receiving Location,Receiver,Receiving antenna,,Frequência muito baixa para meteor scatter,0.007087464843924385,396.5508703703704
2025-01-04 07:50:00,757.0,0.757,Observer,Receiving Location,Receiver,Receiving antenna,,Frequência muito baixa para meteor scatter,0.0071062271516510326,396.0270250990753
2025-01-04 07:50:00,759.0,0.759,Observer,Receiving Location,Receiver,Receiving antenna,,Frequência muito baixa para meteor scatter,0.007143826171497165,394.9834756258235
2025-01-04 07:50:00,800.0,0.8,Observer,Receiving Location,Receiver,Receiving antenna,,Frequência muito baixa para meteor scatter,0.00793646856910432,374.7405725
2025-01-04 08:00:00,44.25,0.04425,Observer,Receiving Location,Receiver,Receiving antenna,,Frequência muito baixa para meteor scatter,2.4281408574362226e-05,6774.970802259887
2025-01-04 08:00:00,801.0,0.801,Observer,Receiving Location,Receiver,Receiving antenna,,Frequência muito baixa para meteor scatter,0.00795632214125922,374.2727315855181
2025-01-04 08:00:00,802.0,0.802,Observer,Receiving Location,Receiver,Receiving antenna,,Frequência muito baixa para meteor scatter,0.0079762005148784,373.8060573566085
2025-01-04 08:00:00,804.0,0.804,Observer,Receiving Location,Receiver,Receiving antenna,,Frequência muito baixa para meteor scatter,0.00801603166650959,372.87619154228855
2025-01-04 08:00:00,806.0,0.806,Observer,Receiving Location,Receiver,Receiving antenna,,Frequência muito baixa para meteor scatter,0.008055962023997897,371.9509404466501
2025-01-04 08:00:00,809.0,0.809,Observer,Receiving Location,Receiver,Receiving antenna,,Frequência muito baixa para meteor scatter,0.008116043571212444,370.5716415327565
2025-01-04 08:10:00,44.25,0.04425,Observer,Receiving Location,Receiver,Receiving antenna,,Frequência muito baixa para meteor scatter,2.4281408574362226e-05,6774.970802259887
2025-01-04 08:10:00,812.0,0.812,Observer,Receiving Location,Receiver,Receiving antenna,,Frequência muito baixa para meteor scatter,0.008176348331605498,369.2025344827586
2025-01-04 08:10:00,816.0,0.816,Observer,Receiving Location,Receiver,Receiving antenna,,Frequência muito baixa para meteor scatter,0.008257101899296133,367.3927181372549
2025-01-04 08:10:00,818.0,0.818,Observer,Receiving Location,Receiver,Receiving antenna,,Frequência muito baixa para meteor scatter,0.00829762749192712,366.49444743276285
2025-01-04 08:10:00,819.0,0.819,Observer,Receiving Location,Receiver,Receiving antenna,,Frequência muito baixa para meteor scatter,0.008317927490439034,366.04695726495726
2025-01-04 08:10:00,820.0,0.82,Observer,Receiving Location,Receiver,Receiving antenna,,Frequência muito baixa para meteor scatter,0.008338252290415224,365.60055853658537
2025-01-04 08:20:00,44.25,0.04425,Observer,Receiving Location,Receiver,Receiving antenna,,Frequência muito baixa para meteor scatter,2.4281408574362226e-05,6774.970802259887
2025-01-04 08:20:00,823.0,0.823,Observer,Receiving Location,Receiver,Receiving antenna,,Frequência muito baixa para meteor scatter,0.008399375499129466,364.2678712029162
2025-01-04 08:20:00,824.0,0.824,Observer,Receiving Location,Receiver,Receiving antenna,,Frequência muito baixa para meteor scatter,0.008419799504962772,363.8257985436893
2025-01-04 08:20:00,825.0,0.825,Observer,Receiving Location,Receiver,Receiving antenna,,Frequência muito baixa para meteor scatter,0.008440248312260354,363.3847975757576
2025-01-04 08:20:00,826.0,0.826,Observer,Receiving Location,Receiver,Receiving antenna,,Frequência muito baixa para meteor scatter,0.008460721921022214,362.9448644067797
2025-01-04 08:20:00,827.0,0.827,Observer,Receiving Location,Receiver,Receiving antenna,,Frequência muito baixa para meteor scatter,0.008481220331248356,362.50599516324064
2025-01-04 08:20:00,828.0,0.828,Observer,Receiving Location,Receiver,Receiving antenna,,Frequência muito baixa para meteor scatter,0.008501743542938773,362.0681859903382
2025-01-04 08:20:00,829.0,0.829,Observer,Receiving Location,Receiver,Receiving antenna,,Frequência muito baixa para meteor scatter,0.00852229155609347,361.63143305186975
2025-01-04 08:30:00,44.25,0.04425,Observer,Receiving Location,Receiver,Receiving antenna,,Frequência muito baixa para meteor scatter,2.4281408574362226e-05,6774.970802259887
2025-01-04 08:30:00,832.0,0.832,Observer,Receiving Location,Receiver,Receiving antenna,,Frequência muito baixa para meteor scatter,0.00858408440434323,360.3274735576923
2025-01-04 08:30:00,833.0,0.833,Observer,Receiving Location,Receiver,Receiving antenna,,Frequência muito baixa para meteor scatter,0.008604731623355042,359.8949075630252
2025-01-04 08:30:00,836.0,0.836,Observer,Receiving Location,Receiver,Receiving antenna,,Frequência muito baixa para meteor scatter,0.008666822089176143,358.6034186602871
2025-01-04 08:30:00,837.0,0.837,Observer,Receiving Location,Receiver,Receiving antenna,,Frequência muito baixa para meteor scatter,0.008687568514045067,358.1749796893668
2025-01-04 08:30:00,839.0,0.839,Observer,Receiving Location,Receiver,Receiving antenna,,Frequência muito baixa para meteor scatter,0.008729135768175753,357.32116567342075
2025-01-04 08:30:00,840.0,0.84,Observer,Receiving Location,Receiver,Receiving antenna,,Frequência muito baixa para meteor scatter,0.00874995659743751,356.8957833333333
2025-01-04 08:40:00,44.25,0.04425,Observer,Receiving Location,Receiver,Receiving antenna,,Frequência muito baixa para meteor scatter,2.4281408574362226e-05,6774.970802259887
2025-01-04 08:40:00,842.0,0.842,Observer,Receiving Location,Receiver,Receiving antenna,,Frequência muito baixa para meteor scatter,0.008791672660353866,356.04804988123516
2025-01-04 08:40:00,846.0,0.846,Observer,Receiving Location,Receiver,Receiving antenna,,Frequência muito baixa para meteor scatter,0.008875402403757915,354.3646075650118
2025-01-04 08:40:00,847.0,0.847,Observer,Receiving Location,Receiver,Receiving antenna,,Frequência muito baixa para meteor scatter,0.008896396843269627,353.94623140495867
2025-01-04 08:40:00,848.0,0.848,Observer,Receiving Location,Receiver,Receiving antenna,,Frequência muito baixa para meteor scatter,0.008917416084245613,353.5288419811321
2025-01-04 08:40:00,849.0,0.849,Observer,Receiving Location,Receiver,Receiving antenna,,Frequência muito baixa para meteor scatter,0.008938460126685878,353.11243580683157
2025-01-04 08:40:00,850.0,0.85,Observer,Receiving Location,Receiver,Receiving antenna,,Frequência muito baixa para meteor scatter,0.008959528970590424,352.6970094117647
2025-01-04 08:50:00,44.25,0.04425,Observer,Receiving Location,Receiver,Receiving antenna,,Frequência muito baixa para meteor scatter,2.4281408574362226e-05,6774.970802259887
2025-01-04 08:50:00,852.0,0.852,Observer,Receiving Location,Receiver,Receiving antenna,,Frequência muito baixa para meteor scatter,0.009001741062792345,351.86908215962444
2025-01-04 08:50:00,853.0,0.853,Observer,Receiving Location,Receiver,Receiving antenna,,Frequência muito baixa para meteor scatter,0.009022884311089727,351.45657444314185
2025-01-04 08:50:00,856.0,0.856,Observer,Receiving Location,Receiver,Receiving antenna,,Frequência muito baixa para meteor scatter,0.009086462864767535,350.22483411214955
2025-01-04 08:50:00,858.0,0.858,Observer,Receiving Location,Receiver,Receiving antenna,,Frequência muito baixa para meteor scatter,0.009128972574540798,349.4084592074592
2025-01-04 09:00:00,44.25,0.04425,Observer,Receiving Location,Receiver,Receiving antenna,,Frequência muito baixa para meteor scatter,2.4281408574362226e-05,6774.970802259887
2025-01-04 09:00:00,902.0,0.902,Observer,Receiving Location,Receiver,Receiving antenna,,Frequência muito baixa para meteor scatter,0.010089285271402423,332.3641441241685
2025-01-04 09:00:00,9033.0,9.033,Observer,Receiving Location,Receiver,Receiving antenna,,Frequência muito baixa para meteor scatter,1.0118388425652651,33.188581645079154
2025-01-04 09:00:00,905.0,0.905,Observer,Receiving Location,Receiver,Receiving antenna,,Frequência muito baixa para meteor scatter,0.010156509640329166,331.2623845303867
2025-01-04 09:00:00,908.0,0.908,Observer,Receiving Location,Receiver,Receiving antenna,,Frequência muito baixa para meteor scatter,0.010223957222434412,330.1679052863436
2025-01-04 09:10:00,44.25,0.04425,Observer,Receiving Location,Receiver,Receiving antenna,,Frequência muito baixa para meteor scatter,2.4281408574362226e-05,6774.970802259887
2025-01-04 09:10:00,912.0,0.912,Observer,Receiving Location,Receiver,Receiving antenna,,Frequência muito baixa para meteor scatter,0.010314234552407974,328.7198004385965
2025-01-04 09:10:00,914.0,0.914,Observer,Receiving Location,Receiver,Receiving antenna,,Frequência muito baixa para meteor scatter,0.010359522026180425,328.00050109409193
2025-01-04 09:10:00,915.0,0.915,Observer,Receiving Location,Receiver,Receiving antenna,,Frequência muito baixa para meteor scatter,0.010382202965263067,327.64203060109287
2025-01-04 09:10:00,918.0,0.918,Observer,Receiving Location,Receiver,Receiving antenna,,Frequência muito baixa para meteor scatter,0.01045039459129667,326.57130501089324
2025-01-04 09:10:00,919.0,0.919,Observer,Receiving Location,Receiver,Receiving antenna,,Frequência muito baixa para meteor scatter,0.010473174736236428,326.215949945593
2025-01-04 09:20:00,44.25,0.04425,Observer,Receiving Location,Receiver,Receiving antenna,,Frequência muito baixa para meteor scatter,2.4281408574362226e-05,6774.970802259887
2025-01-04 09:20:00,922.0,0.922,Observer,Receiving Location,Receiver,Receiving antenna,,Frequência muito baixa para meteor scatter,0.010541663979841371,325.1545097613883
2025-01-04 09:20:00,923.0,0.923,Observer,Receiving Location,Receiver,Receiving antenna,,Frequência muito baixa para meteor scatter,0.01056454333063824,324.80222968580716
2025-01-04 09:20:00,924.0,0.924,Observer,Receiving Location,Receiver,Receiving antenna,,Frequência muito baixa para meteor scatter,0.010587447482899392,324.4507121212121
2025-01-04 09:20:00,925.0,0.925,Observer,Receiving Location,Receiver,Receiving antenna,,Frequência muito baixa para meteor scatter,0.010610376436624819,324.0999545945946
2025-01-04 09:20:00,926.0,0.926,Observer,Receiving Location,Receiver,Receiving antenna,,Frequência muito baixa para meteor scatter,0.010633330191814524,323.7499546436285
2025-01-04 09:20:00,930.0,0.93,Observer,Receiving Location,Receiver,Receiving antenna,,Frequência muito baixa para meteor scatter,0.010725393227216136,322.3574817204301
2025-01-04 09:30:00,44.25,0.04425,Observer,Receiving Location,Receiver,Receiving antenna,,Frequência muito baixa para meteor scatter,2.4281408574362226e-05,6774.970802259887
2025-01-04 09:30:00,932.0,0.932,Observer,Receiving Location,Receiver,Receiving antenna,,Frequência muito baixa para meteor scatter,0.01077157355370261,321.66572746781117
2025-01-04 09:30:00,933.0,0.933,Observer,Receiving Location,Receiver,Receiving antenna,,Frequência muito baixa para meteor scatter,0.010794700919142267,321.32096248660235
2025-01-04 09:30:00,934.0,0.934,Observer,Receiving Location,Receiver,Receiving antenna,,Frequência muito baixa para meteor scatter,0.0108178530860462,320.97693576017133
2025-01-04 09:30:00,936.0,0.936,Observer,Receiving Location,Receiver,Receiving antenna,,Frequência muito baixa para meteor scatter,0.010864231824246905,320.2910876068376
2025-01-04 09:30:00,939.0,0.939,Observer,Receiving Location,Receiver,Receiving antenna,,Frequência muito baixa para meteor scatter,0.010933985942530046,319.2677933972311
2025-01-04 09:30:00,940.0,0.94,Observer,Receiving Location,Receiver,Receiving antenna,,Frequência muito baixa para meteor scatter,0.010957286918219648,318.92814680851063
2025-01-04 09:40:00,44.25,0.04425,Observer,Receiving Location,Receiver,Receiving antenna,,Frequência muito baixa para meteor scatter,2.4281408574362226e-05,6774.970802259887
2025-01-04 09:40:00,942.0,0.942,Observer,Receiving Location,Receiver,Receiving antenna,,Frequência muito baixa para meteor scatter,0.011003963273991694,318.251016985138
2025-01-04 09:40:00,943.0,0.943,Observer,Receiving Location,Receiver,Receiving antenna,,Frequência muito baixa para meteor scatter,0.011027338654074133,317.91352916224815
2025-01-04 09:40:00,946.0,0.946,Observer,Receiving Location,Receiver,Receiving antenna,,Frequência muito baixa para meteor scatter,0.011097613603107124,316.9053467230444
2025-01-04 09:40:00,948.0,0.948,Observer,Receiving Location,Receiver,Receiving antenna,,Frequência muito baixa para meteor scatter,0.011144587576450512,316.2367700421941
2025-01-04 09:40:00,949.0,0.949,Observer,Receiving Location,Receiver,Receiving antenna,,Frequência muito baixa para meteor scatter,0.01116811176531862,315.90353846153846
2025-01-04 09:50:00,44.25,0.04425,Observer,Receiving Location,Receiver,Receiving antenna,,Frequência muito baixa para meteor scatter,2.4281408574362226e-05,6774.970802259887
2025-01-04 09:50:00,952.0,0.952,Observer,Receiving Location,Receiver,Receiving antenna,,Frequência muito baixa para meteor scatter,0.011238833140708624,314.9080441176471
2025-01-04 09:50:00,953.0,0.953,Observer,Receiving Location,Receiver,Receiving antenna,,Frequência muito baixa para meteor scatter,0.01126245653543385,314.5776054564533
2025-01-04 09:50:00,954.0,0.954,Observer,Receiving Location,Receiver,Receiving antenna,,Frequência muito baixa para meteor scatter,0.011286104731623352,314.24785953878404
2025-01-04 09:50:00,955.0,0.955,Observer,Receiving Location,Receiver,Receiving antenna,,Frequência muito baixa para meteor scatter,0.011309777729277133,313.91880418848166
2025-01-04 09:50:00,958.0,0.958,Observer,Receiving Location,Receiver,Receiving antenna,,Frequência muito baixa para meteor scatter,0.011380945531024148,312.9357599164927
2025-01-04 09:50:00,959.0,0.959,Observer,Receiving Location,Receiver,Receiving antenna,,Frequência muito baixa para meteor scatter,0.011404717734535046,312.60944525547444
2025-01-04 10:00:00,44.25,0.04425,Observer,Receiving Location,Receiver,Receiving antenna,,Frequência muito baixa para meteor scatter,2.4281408574362226e-05,6774.970802259887
2025-01-04 10:00:00,1002.0,1.002,Observer,Receiving Location,Receiver,Receiving antenna,,Frequência muito baixa para meteor scatter,0.012450384670710957,299.19406986027946
2025-01-04 10:00:00,1008.0,1.008,Observer,Receiving Location,Receiver,Receiving antenna,,Frequência muito baixa para meteor scatter,0.012599937500310018,297.4131527777778
2025-01-04 10:00:00,1009.0,1.009,Observer,Receiving Location,Receiver,Receiving antenna,,Frequência muito baixa para meteor scatter,0.01262494977703483,297.1183924677899
2025-01-04 10:00:00,10102.0,10.102,Observer,Receiving Location,Receiver,Receiving antenna,,Frequência muito baixa para meteor scatter,1.2654997247037463,29.676545040586024
2025-01-04 10:10:00,44.25,0.04425,Observer,Receiving Location,Receiver,Receiving antenna,,Frequência muito baixa para meteor scatter,2.4281408574362226e-05,6774.970802259887
2025-01-04 10:10:00,1012.0,1.012,Observer,Receiving Location,Receiver,Receiving antenna,,Frequência muito baixa para meteor scatter,0.012700135415994959,296.2376067193676
2025-01-04 10:10:00,1016.0,1.016,Observer,Receiving Location,Receiver,Receiving antenna,,Frequência muito baixa para meteor scatter,0.012800730155108358,295.07131692913384
2025-01-04 10:10:00,1017.0,1.017,Observer,Receiving Location,Receiver,Receiving antenna,,Frequência muito baixa para meteor scatter,0.0128259408435474,294.7811779744346
2025-01-04 10:10:00,1018.0,1.018,Observer,Receiving Location,Receiver,Receiving antenna,,Frequência muito baixa para meteor scatter,0.012851176333450724,294.4916090373281
2025-01-04 10:10:00,1019.0,1.019,Observer,Receiving Location,Receiver,Receiving antenna,,Frequência muito baixa para meteor scatter,0.012876436624818325,294.2026084396467
2025-01-04 10:10:00,10205.0,10.205,Observer,Receiving Location,Receiver,Receiving antenna,,Frequência muito baixa para meteor scatter,1.2914373564615256,29.37701695247428
2025-01-04 10:20:00,44.25,0.04425,Observer,Receiving Location,Receiver,Receiving antenna,,Frequência muito baixa para meteor scatter,2.4281408574362226e-05,6774.970802259887
2025-01-04 10:20:00,1022.0,1.022,Observer,Receiving Location,Receiver,Receiving antenna,,Frequência muito baixa para meteor scatter,0.012952366307706806,293.339
2025-01-04 10:20:00,1023.0,1.023,Observer,Receiving Location,Receiver,Receiving antenna,,Frequência muito baixa para meteor scatter,0.012977725804931518,293.0522561094819
2025-01-04 10:20:00,1029.0,1.029,Observer,Receiving Location,Receiver,Receiving antenna,,Frequência muito baixa para meteor scatter,0.013130403619029663,291.34349659863943
2025-01-04 10:30:00,44.25,0.04425,Observer,Receiving Location,Receiver,Receiving antenna,,Frequência muito baixa para meteor scatter,2.4281408574362226e-05,6774.970802259887
2025-01-04 10:30:00,1032.0,1.032,Observer,Receiving Location,Receiver,Receiving antenna,,Frequência muito baixa para meteor scatter,0.013207077345846497,290.4965678294574
2025-01-04 10:30:00,1039.0,1.039,Observer,Receiving Location,Receiver,Receiving antenna,,Frequência muito baixa para meteor scatter,0.013386850759668847,288.5394205967276
2025-01-04 10:30:00,0.9,0.0009,Observer,Receiving Location,Receiver,Receiving antenna,,Frequência muito baixa para meteor scatter,1.0044593032772652e-08,333102.7311111111
2025-01-04 10:40:00,44.25,0.04425,Observer,Receiving Location,Receiver,Receiving antenna,,Frequência muito baixa para meteor scatter,2.4281408574362226e-05,6774.970802259887
2025-01-04 10:40:00,1042.0,1.042,Observer,Receiving Location,Receiver,Receiving antenna,,Frequência muito baixa para meteor scatter,0.013464268530414035,287.70869289827255
2025-01-04 10:40:00,1049.0,1.049,Observer,Receiving Location,Receiver,Receiving antenna,,Frequência muito baixa para meteor scatter,0.013645778046735875,285.7888064823642
2025-01-04 10:40:00,0.9,0.0009,Observer,Receiving Location,Receiver,Receiving antenna,,Frequência muito baixa para meteor scatter,1.0044593032772652e-08,333102.7311111111
2025-01-04 10:50:00,44.25,0.04425,Observer,Receiving Location,Receiver,Receiving antenna,,Frequência muito baixa para meteor scatter,2.4281408574362226e-05,6774.970802259887
2025-01-04 10:50:00,1052.0,1.052,Observer,Receiving Location,Receiver,Receiving antenna,,Frequência muito baixa para meteor scatter,0.013723939861409417,284.973819391635
2025-01-04 10:50:00,10592.0,10.592,Observer,Receiving Location,Receiver,Receiving antenna,,Frequência muito baixa para meteor scatter,1.3912438926394215,28.303668617824773
2025-01-04 10:50:00,0.9,0.0009,Observer,Receiving Location,Receiver,Receiving antenna,,Frequência muito baixa para meteor scatter,1.0044593032772652e-08,333102.7311111111
2025-01-04 11:00:00,1108.0,1.108,Observer,Receiving Location,Receiver,Receiving antenna,,Frequência muito baixa para meteor scatter,0.015223932420970136,270.5708104693141
2025-01-04 11:00:00,1109.0,1.109,Observer,Receiving Location,Receiver,Receiving antenna,,Frequência muito baixa para meteor scatter,0.015251424844122794,270.32683318304777
2025-01-04 11:00:00,0.9,0.0009,Observer,Receiving Location,Receiver,Receiving antenna,,Frequência muito baixa para meteor scatter,1.0044593032772652e-08,333102.7311111111
2025-01-04 11:10:00,44.25,0.04425,Observer,Receiving Location,Receiver,Receiving antenna,,Frequência muito baixa para meteor scatter,2.4281408574362226e-05,6774.970802259887
2025-01-04 11:10:00,1112.0,1.112,Observer,Receiving Location,Receiver,Receiving antenna,,Frequência muito baixa para meteor scatter,0.015334050922366458,269.5975341726619
2025-01-04 11:10:00,1115.0,1.115,Observer,Receiving Location,Receiver,Receiving antenna,,Frequência muito baixa para meteor scatter,0.01541690021378862,268.8721596412556
2025-01-04 11:10:00,1116.0,1.116,Observer,Receiving Location,Receiver,Receiving antenna,,Frequência muito baixa para meteor scatter,0.015444566247191236,268.6312347670251
2025-01-04 11:10:00,1118.0,1.118,Observer,Receiving Location,Receiver,Receiving antenna,,Frequência muito baixa para meteor scatter,0.015499972718389293,268.1506779964222
2025-01-04 11:10:00,1119.0,1.119,Observer,Receiving Location,Receiver,Receiving antenna,,Frequência muito baixa para meteor scatter,0.01552771315618474,267.9110437890974
2025-01-04 11:10:00,0.9,0.0009,Observer,Receiving Location,Receiver,Receiving antenna,,Frequência muito baixa para meteor scatter,1.0044593032772652e-08,333102.7311111111
2025-01-04 11:20:00,44.25,0.04425,Observer,Receiving Location,Receiver,Receiving antenna,,Frequência muito baixa para meteor scatter,2.4281408574362226e-05,6774.970802259887
2025-01-04 11:20:00,4474.0,4.474,Observer,Receiving Location,Receiver,Receiving antenna,,Frequência muito baixa para meteor scatter,0.24822143739366373,67.0077018328118
2025-01-04 11:20:00,1125.0,1.125,Observer,Receiving Location,Receiver,Receiving antenna,,Frequência muito baixa para meteor scatter,0.015694676613707274,266.48218488888887
2025-01-04 11:20:00,1126.0,1.126,Observer,Receiving Location,Receiver,Receiving antenna,,Frequência muito baixa para meteor scatter,0.015722590661752665,266.24552220248665
2025-01-04 11:20:00,1127.0,1.127,Observer,Receiving Location,Receiver,Receiving antenna,,Frequência muito baixa para meteor scatter,0.01575052951126234,266.0092795031056
2025-01-04 11:20:00,1128.0,1.128,Observer,Receiving Location,Receiver,Receiving antenna,,Frequência muito baixa para meteor scatter,0.0157784931622363,265.77345567375886
2025-01-04 11:20:00,1129.0,1.129,Observer,Receiving Location,Receiver,Receiving antenna,,Frequência muito baixa para meteor scatter,0.01580648161467453,265.5380496014172
2025-01-04 11:30:00,44.25,0.04425,Observer,Receiving Location,Receiver,Receiving antenna,,Frequência muito baixa para meteor scatter,2.4281408574362226e-05,6774.970802259887
2025-01-04 11:30:00,4434.0,4.434,Observer,Receiving Location,Receiver,Receiving antenna,,Frequência muito baixa para meteor scatter,0.24380280851781488,67.61219170049617
2025-01-04 11:30:00,1132.0,1.132,Observer,Receiving Location,Receiver,Receiving antenna,,Frequência muito baixa para meteor scatter,0.01589059578077489,264.83432685512366
2025-01-04 11:30:00,1434.0,1.434,Observer,Receiving Location,Receiver,Receiving antenna,,Frequência muito baixa para meteor scatter,0.025500319938889186,209.06029149232916
2025-01-04 11:30:00,1135.0,1.135,Observer,Receiving Location,Receiver,Receiving antenna,,Frequência muito baixa para meteor scatter,0.01597493316005377,264.1343242290749
2025-01-04 11:30:00,1136.0,1.136,Observer,Receiving Location,Receiver,Receiving antenna,,Frequência muito baixa para meteor scatter,0.01600309522274195,263.90181161971833
2025-01-04 11:30:00,1137.0,1.137,Observer,Receiving Location,Receiver,Receiving antenna,,Frequência muito baixa para meteor scatter,0.01603128208689441,263.66970800351805
2025-01-04 11:30:00,1138.0,1.138,Observer,Receiving Location,Receiver,Receiving antenna,,Frequência muito baixa para meteor scatter,0.01605949375251114,263.43801230228473
2025-01-04 11:30:00,1139.0,1.139,Observer,Receiving Location,Receiver,Receiving antenna,,Frequência muito baixa para meteor scatter,0.016087730219592162,263.20672344161545
2025-01-04 11:40:00,1142.0,1.142,Observer,Receiving Location,Receiver,Receiving antenna,,Frequência muito baixa para meteor scatter,0.016172588429620882,262.51528721541155
2025-01-04 11:40:00,4443.0,4.443,Observer,Receiving Location,Receiver,Receiving antenna,,Frequência muito baixa para meteor scatter,0.244793540210614,67.47523250056268
2025-01-04 11:40:00,1144.0,1.144,Observer,Receiving Location,Receiver,Receiving antenna,,Frequência muito baixa para meteor scatter,0.016229284576961416,262.0563444055944
2025-01-04 11:40:00,1145.0,1.145,Observer,Receiving Location,Receiver,Receiving antenna,,Frequência muito baixa para meteor scatter,0.016257669852828106,261.82747423580787
2025-01-04 11:40:00,1146.0,1.146,Observer,Receiving Location,Receiver,Receiving antenna,,Frequência muito baixa para meteor scatter,0.016286079930159073,261.5990034904014
2025-01-04 11:40:00,1148.0,1.148,Observer,Receiving Location,Receiver,Receiving antenna,,Frequência muito baixa para meteor scatter,0.01634297448921384,261.143256097561
2025-01-04 11:40:00,1149.0,1.149,Observer,Receiving Location,Receiver,Receiving antenna,,Frequência muito baixa para meteor scatter,0.01637145897093764,260.9159773716275
2025-01-04 11:50:00,44.25,0.04425,Observer,Receiving Location,Receiver,Receiving antenna,,Frequência muito baixa para meteor scatter,2.4281408574362226e-05,6774.970802259887
2025-01-04 11:50:00,1152.0,1.152,Observer,Receiving Location,Receiver,Receiving antenna,,Frequência muito baixa para meteor scatter,0.016457061224894716,260.2365086805556
2025-01-04 11:50:00,1153.0,1.153,Observer,Receiving Location,Receiver,Receiving antenna,,Frequência muito baixa para meteor scatter,0.016485644912475634,260.01080485689505
2025-01-04 11:50:00,1154.0,1.154,Observer,Receiving Location,Receiver,Receiving antenna,,Frequência muito baixa para meteor scatter,0.01651425340152082,259.78549220103986
2025-01-04 11:50:00,1156.0,1.156,Observer,Receiving Location,Receiver,Receiving antenna,,Frequência muito baixa para meteor scatter,0.01657154478400404,259.33603633217996
2025-01-04 11:50:00,1158.0,1.158,Observer,Receiving Location,Receiver,Receiving antenna,,Frequência muito baixa para meteor scatter,0.016628935372344382,258.8881329879102
2025-01-04 11:50:00,1159.0,1.159,Observer,Receiving Location,Receiver,Receiving antenna,,Frequência muito baixa para meteor scatter,0.01665766786871097,258.6647610008628
2025-01-04 12:00:00,44.25,0.04425,Observer,Receiving Location,Receiver,Receiving antenna,,Frequência muito baixa para meteor scatter,2.4281408574362226e-05,6774.970802259887
2025-01-04 12:00:00,206.0,0.206,Observer,Receiving Location,Receiver,Receiving antenna,,Frequência muito baixa para meteor scatter,0.0005262374690601732,1455.3031941747572
2025-01-04 12:00:00,12075.0,12.075,Observer,Receiving Location,Receiver,Receiving antenna,,Frequência muito baixa para meteor scatter,1.8080965000173608,24.82753275362319
2025-01-04 12:00:00,1209.0,1.209,Observer,Receiving Location,Receiver,Receiving antenna,,Frequência muito baixa para meteor scatter,0.01812591455399527,247.9672936311001
2025-01-04 12:10:00,44.25,0.04425,Observer,Receiving Location,Receiver,Receiving antenna,,Frequência muito baixa para meteor scatter,2.4281408574362226e-05,6774.970802259887
2025-01-04 12:10:00,1215.0,1.215,Observer,Receiving Location,Receiver,Receiving antenna,,Frequência muito baixa para meteor scatter,0.018306270802228165,246.74276378600823
2025-01-04 12:10:00,1218.0,1.218,Observer,Receiving Location,Receiver,Receiving antenna,,Frequência muito baixa para meteor scatter,0.018396783746112366,246.13502298850574
2025-01-04 12:10:00,1219.0,1.219,Observer,Receiving Location,Receiver,Receiving antenna,,Frequência muito baixa para meteor scatter,0.018427004330335662,245.93310746513535
2025-01-04 12:20:00,44.25,0.04425,Observer,Receiving Location,Receiver,Receiving antenna,,Frequência muito baixa para meteor scatter,2.4281408574362226e-05,6774.970802259887
2025-01-04 12:20:00,1223.0,1.223,Observer,Receiving Location,Receiver,Receiving antenna,,Frequência muito baixa para meteor scatter,0.01854813468187162,245.12874734260015
2025-01-04 12:20:00,1228.0,1.228,Observer,Receiving Location,Receiver,Receiving antenna,,Frequência muito baixa para meteor scatter,0.018700105654237825,244.1306661237785
2025-01-04 12:20:00,1229.0,1.229,Observer,Receiving Location,Receiver,Receiving antenna,,Frequência muito baixa para meteor scatter,0.018730574253103902,243.9320244100895
2025-01-04 12:30:00,44.25,0.04425,Observer,Receiving Location,Receiver,Receiving antenna,,Frequência muito baixa para meteor scatter,2.4281408574362226e-05,6774.970802259887
2025-01-04 12:30:00,1232.0,1.232,Observer,Receiving Location,Receiver,Receiving antenna,,Frequência muito baixa para meteor scatter,0.018822128858487806,243.3380340909091
2025-01-04 12:30:00,1233.0,1.233,Observer,Receiving Location,Receiver,Receiving antenna,,Frequência muito baixa para meteor scatter,0.018852696663211,243.1406796431468
2025-01-04 12:30:00,1235.0,1.235,Observer,Receiving Location,Receiver,Receiving antenna,,Frequência muito baixa para meteor scatter,0.018913906677050212,242.74692955465588
2025-01-04 12:30:00,1236.0,1.236,Observer,Receiving Location,Receiver,Receiving antenna,,Frequência muito baixa para meteor scatter,0.018944548886166233,242.55053236245953
2025-01-04 12:30:00,1237.0,1.237,Observer,Receiving Location,Receiver,Receiving antenna,,Frequência muito baixa para meteor scatter,0.01897521589674655,242.35445270816493
2025-01-04 12:30:00,1238.0,1.238,Observer,Receiving Location,Receiver,Receiving antenna,,Frequência muito baixa para meteor scatter,0.019005907708791125,242.15868982229404
2025-01-04 12:30:00,1239.0,1.239,Observer,Receiving Location,Receiver,Receiving antenna,,Frequência muito baixa para meteor scatter,0.01903662432229999,241.9632429378531
2025-01-04 12:40:00,44.25,0.04425,Observer,Receiving Location,Receiver,Receiving antenna,,Frequência muito baixa para meteor scatter,2.4281408574362226e-05,6774.970802259887
2025-01-04 12:40:00,1242.0,1.242,Observer,Receiving Location,Receiver,Receiving antenna,,Frequência muito baixa para meteor scatter,0.019128922971612238,241.37879066022543
2025-01-04 12:40:00,1244.0,1.244,Observer,Receiving Location,Receiver,Receiving antenna,,Frequência muito baixa para meteor scatter,0.019190579411808472,240.99072186495178
2025-01-04 12:40:00,1247.0,1.247,Observer,Receiving Location,Receiver,Receiving antenna,,Frequência muito baixa para meteor scatter,0.019283250083084905,240.41095268644747
2025-01-04 12:40:00,1249.0,1.249,Observer,Receiving Location,Receiver,Receiving antenna,,Frequência muito baixa para meteor scatter,0.019345154537923924,240.0259871897518
2025-01-04 12:50:00,44.25,0.04425,Observer,Receiving Location,Receiver,Receiving antenna,,Frequência muito baixa para meteor scatter,2.4281408574362226e-05,6774.970802259887
2025-01-04 12:50:00,1253.0,1.253,Observer,Receiving Location,Receiver,Receiving antenna,,Frequência muito baixa para meteor scatter,0.019469261065173278,239.25974301675978
2025-01-04 12:50:00,1254.0,1.254,Observer,Receiving Location,Receiver,Receiving antenna,,Frequência muito baixa para meteor scatter,0.01950034970064633,239.06894577352472
2025-01-04 12:50:00,1256.0,1.256,Observer,Receiving Location,Receiver,Receiving antenna,,Frequência muito baixa para meteor scatter,0.01956260137598524,238.6882627388535
2025-01-04 12:50:00,1258.0,1.258,Observer,Receiving Location,Receiver,Receiving antenna,,Frequência muito baixa para meteor scatter,0.01962495225718126,238.30879014308425
2025-01-04 13:00:00,44.25,0.04425,Observer,Receiving Location,Receiver,Receiving antenna,,Frequência muito baixa para meteor scatter,2.4281408574362226e-05,6774.970802259887
2025-01-04 13:00:00,1302.0,1.302,Observer,Receiving Location,Receiver,Receiving antenna,,Frequência muito baixa para meteor scatter,0.021021770725343624,230.2553440860215
2025-01-04 13:00:00,1303.0,1.303,Observer,Receiving Location,Receiver,Receiving antenna,,Frequência muito baixa para meteor scatter,0.0210540746325663,230.07863238679968
2025-01-04 13:00:00,1305.0,1.305,Observer,Receiving Location,Receiver,Receiving antenna,,Frequência muito baixa para meteor scatter,0.02111875685140451,229.7260214559387
2025-01-04 13:00:00,1308.0,1.308,Observer,Receiving Location,Receiver,Receiving antenna,,Frequência muito baixa para meteor scatter,0.021215966190643896,229.19912691131498
2025-01-04 13:00:00,1309.0,1.309,Observer,Receiving Location,Receiver,Receiving antenna,,Frequência muito baixa para meteor scatter,0.021248418906652244,229.0240320855615
2025-01-04 13:10:00,44.25,0.04425,Observer,Receiving Location,Receiver,Receiving antenna,,Frequência muito baixa para meteor scatter,2.4281408574362226e-05,6774.970802259887
2025-01-04 13:10:00,1312.0,1.312,Observer,Receiving Location,Receiver,Receiving antenna,,Frequência muito baixa para meteor scatter,0.02134592586346298,228.50034908536585
2025-01-04 13:10:00,1313.0,1.313,Observer,Receiving Location,Receiver,Receiving antenna,,Frequência muito baixa para meteor scatter,0.02137847778532844,228.32631987814165
2025-01-04 13:10:00,1314.0,1.314,Observer,Receiving Location,Receiver,Receiving antenna,,Frequência muito baixa para meteor scatter,0.02141105450865819,228.15255555555555
2025-01-04 13:10:00,1315.0,1.315,Observer,Receiving Location,Receiver,Receiving antenna,,Frequência muito baixa para meteor scatter,0.021443656033452208,227.979055513308
2025-01-04 13:10:00,1316.0,1.316,Observer,Receiving Location,Receiver,Receiving antenna,,Frequência muito baixa para meteor scatter,0.021476282359710514,227.80581914893617
2025-01-04 13:10:00,1318.0,1.318,Observer,Receiving Location,Receiver,Receiving antenna,,Frequência muito baixa para meteor scatter,0.02154160941661996,227.46013505311078
2025-01-04 13:20:00,44.25,0.04425,Observer,Receiving Location,Receiver,Receiving antenna,,Frequência muito baixa para meteor scatter,2.4281408574362226e-05,6774.970802259887
2025-01-04 13:20:00,1321.0,1.321,Observer,Receiving Location,Receiver,Receiving antenna,,Frequência muito baixa para meteor scatter,0.0216397860129662,226.94357153671461
2025-01-04 13:20:00,322.0,0.322,Observer,Receiving Location,Receiver,Receiving antenna,,Frequência muito baixa para meteor scatter,0.0012857575111234565,931.0324782608695
2025-01-04 13:20:00,1324.0,1.324,Observer,Receiving Location,Receiver,Receiving antenna,,Frequência muito baixa para meteor scatter,0.02173818582249096,226.42934894259818
2025-01-04 13:20:00,1325.0,1.325,Observer,Receiving Location,Receiver,Receiving antenna,,Frequência muito baixa para meteor scatter,0.021771035361927763,226.25845886792453
2025-01-04 13:20:00,13263.0,13.263,Observer,Receiving Location,Receiver,Receiving antenna,,Frequência muito baixa para meteor scatter,2.181377684138471,22.603668702405187
2025-01-04 13:20:00,1327.0,1.327,Observer,Receiving Location,Receiver,Receiving antenna,,Frequência muito baixa para meteor scatter,0.021836808845194212,225.91745139412208
2025-01-04 13:20:00,1328.0,1.328,Observer,Receiving Location,Receiver,Receiving antenna,,Frequência muito baixa para meteor scatter,0.02186973278902386,225.7473328313253
2025-01-04 13:20:00,1329.0,1.329,Observer,Receiving Location,Receiver,Receiving antenna,,Frequência muito baixa para meteor scatter,0.021902681534317785,225.5774702784048
2025-01-04 13:30:00,44.25,0.04425,Observer,Receiving Location,Receiver,Receiving antenna,,Frequência muito baixa para meteor scatter,2.4281408574362226e-05,6774.970802259887
2025-01-04 13:30:00,1332.0,1.332,Observer,Receiving Location,Receiver,Receiving antenna,,Frequência muito baixa para meteor scatter,0.022001676578985222,225.06941291291292
2025-01-04 13:30:00,1333.0,1.333,Observer,Receiving Location,Receiver,Receiving antenna,,Frequência muito baixa para meteor scatter,0.022034724530136253,224.90056864216055
2025-01-04 13:30:00,1334.0,1.334,Observer,Receiving Location,Receiver,Receiving antenna,,Frequência muito baixa para meteor scatter,0.02206779728275158,224.73197751124437
2025-01-04 13:30:00,1335.0,1.335,Observer,Receiving Location,Receiver,Receiving antenna,,Frequência muito baixa para meteor scatter,0.022100894836831166,224.56363895131085
2025-01-04 13:30:00,336.0,0.336,Observer,Receiving Location,Receiver,Receiving antenna,,Frequência muito baixa para meteor scatter,0.001399993055590002,892.2394583333333
2025-01-04 13:30:00,1339.0,1.339,Observer,Receiving Location,Receiver,Receiving antenna,,Frequência muito baixa para meteor scatter,0.022233533067792317,223.8927991038088
2025-01-04 13:40:00,44.25,0.04425,Observer,Receiving Location,Receiver,Receiving antenna,,Frequência muito baixa para meteor scatter,2.4281408574362226e-05,6774.970802259887
2025-01-04 13:40:00,13417.0,13.417,Observer,Receiving Location,Receiver,Receiving antenna,,Frequência muito baixa para meteor scatter,2.2323288202935503,22.344224342252367
2025-01-04 13:40:00,1342.0,1.342,Observer,Receiving Location,Receiver,Receiving antenna,,Frequência muito baixa para meteor scatter,0.022333272156388115,223.39229359165424
2025-01-04 13:40:00,1343.0,1.343,Observer,Receiving Location,Receiver,Receiving antenna,,Frequência muito baixa para meteor scatter,0.022366568122181928,223.2259553239017
2025-01-04 13:40:00,1344.0,1.344,Observer,Receiving Location,Receiver,Receiving antenna,,Frequência muito baixa para meteor scatter,0.022399888889440032,223.05986458333334
2025-01-04 13:40:00,1345.0,1.345,Observer,Receiving Location,Receiver,Receiving antenna,,Frequência muito baixa para meteor scatter,0.022433234458162404,222.89402081784385
2025-01-04 13:40:00,1346.0,1.346,Observer,Receiving Location,Receiver,Receiving antenna,,Frequência muito baixa para meteor scatter,0.02246660482834907,222.7284234769688
2025-01-04 13:40:00,1347.0,1.347,Observer,Receiving Location,Receiver,Receiving antenna,,Frequência muito baixa para meteor scatter,0.0225,222.56307201187826
2025-01-04 13:40:00,1348.0,1.348,Observer,Receiving Location,Receiver,Receiving antenna,,Frequência muito baixa para meteor scatter,0.022533419973115212,222.39796587537091
2025-01-04 13:40:00,1349.0,1.349,Observer,Receiving Location,Receiver,Receiving antenna,,Frequência muito baixa para meteor scatter,0.0225668647476947,222.23310452186806
2025-01-04 13:57:00,44.25,0.04425,Observer,Receiving Location,Receiver,Receiving antenna,,Frequência muito baixa para meteor scatter,2.4281408574362226e-05,6774.970802259887
2025-01-04 13:57:00,1359.0,1.359,Observer,Receiving Location,Receiver,Receiving antenna,,Frequência muito baixa para meteor scatter,0.02290267657402493,220.59783517292126
2025-01-04 13:57:00,14002.0,14.002,Observer,Receiving Location,Receiver,Receiving antenna,,Frequência muito baixa para meteor scatter,2.431237989890923,21.41068833023854
2025-01-04 14:00:00,44.25,0.04425,Observer,Receiving Location,Receiver,Receiving antenna,,Frequência muito baixa para meteor scatter,2.4281408574362226e-05,6774.970802259887
2025-01-04 14:00:00,14035.0,14.035,Observer,Receiving Location,Receiver,Receiving antenna,,Frequência muito baixa para meteor scatter,2.4427114076815095,21.36034613466334
2025-01-04 14:00:00,404.0,0.404,Observer,Receiving Location,Receiver,Receiving antenna,,Frequência muito baixa para meteor scatter,0.002023997896835829,742.0605396039604
2025-01-04 14:00:00,409.0,0.409,Observer,Receiving Location,Receiver,Receiving antenna,,Frequência muito baixa para meteor scatter,0.00207440687298178,732.9888948655257
2025-01-04 14:10:00,1412.0,1.412,Observer,Receiving Location,Receiver,Receiving antenna,,Frequência muito baixa para meteor scatter,0.024723885298187996,212.31760481586403
2025-01-04 14:10:00,1413.0,1.413,Observer,Receiving Location,Receiver,Receiving antenna,,Frequência muito baixa para meteor scatter,0.024758917366481312,212.16734465675867
2025-01-04 14:10:00,1414.0,1.414,Observer,Receiving Location,Receiver,Receiving antenna,,Frequência muito baixa para meteor scatter,0.024793974236238907,212.01729702970297
2025-01-04 14:10:00,1415.0,1.415,Observer,Receiving Location,Receiver,Receiving antenna,,Frequência muito baixa para meteor scatter,0.02482905590746078,211.86746148409895
2025-01-04 14:20:00,44.25,0.04425,Observer,Receiving Location,Receiver,Receiving antenna,,Frequência muito baixa para meteor scatter,2.4281408574362226e-05,6774.970802259887
2025-01-04 14:20:00,142.0,0.142,Observer,Receiving Location,Receiver,Receiving antenna,,Frequência muito baixa para meteor scatter,0.00025004836285534294,2111.2144929577466
2025-01-04 14:20:00,1422.0,1.422,Observer,Receiving Location,Receiver,Receiving antenna,,Frequência muito baixa para meteor scatter,0.02507532204701365,210.82451336146272
2025-01-04 14:20:00,1424.0,1.424,Observer,Receiving Location,Receiver,Receiving antenna,,Frequência muito baixa para meteor scatter,0.02514590701435012,210.52841151685394
2025-01-04 14:20:00,1425.0,1.425,Observer,Receiving Location,Receiver,Receiving antenna,,Frequência muito baixa para meteor scatter,0.025181236700214774,210.38067228070176
2025-01-04 14:20:00,1428.0,1.428,Observer,Receiving Location,Receiver,Receiving antenna,,Frequência muito baixa para meteor scatter,0.025287374566594408,209.93869607843138
2025-01-04 14:20:00,4470.0,4.47,Observer,Receiving Location,Receiver,Receiving antenna,,Frequência muito baixa para meteor scatter,0.2477777888006507,67.06766398210291
2025-01-04 14:30:00,44.25,0.04425,Observer,Receiving Location,Receiver,Receiving antenna,,Frequência muito baixa para meteor scatter,2.4281408574362226e-05,6774.970802259887
2025-01-04 14:30:00,4434.0,4.434,Observer,Receiving Location,Receiver,Receiving antenna,,Frequência muito baixa para meteor scatter,0.24380280851781488,67.61219170049617
2025-01-04 14:30:00,1432.0,1.432,Observer,Receiving Location,Receiver,Receiving antenna,,Frequência muito baixa para meteor scatter,0.02542923894226715,209.3522751396648
2025-01-04 14:30:00,4434.0,4.434,Observer,Receiving Location,Receiver,Receiving antenna,,Frequência muito baixa para meteor scatter,0.24380280851781488,67.61219170049617
2025-01-04 14:30:00,1435.0,1.435,Observer,Receiving Location,Receiver,Receiving antenna,,Frequência muito baixa para meteor scatter,0.025535897639396628,208.91460487804878
2025-01-04 14:30:00,1439.0,1.439,Observer,Receiving Location,Receiver,Receiving antenna,,Frequência muito baixa para meteor scatter,0.025678456456069167,208.33388325225852
2025-01-04 14:40:00,44.25,0.04425,Observer,Receiving Location,Receiver,Receiving antenna,,Frequência muito baixa para meteor scatter,2.4281408574362226e-05,6774.970802259887
2025-01-04 14:40:00,1442.0,1.442,Observer,Receiving Location,Receiver,Receiving antenna,,Frequência muito baixa para meteor scatter,0.025785635983948483,207.9004563106796
2025-01-04 14:40:00,14447.0,14.447,Observer,Receiving Location,Receiver,Receiving antenna,,Frequência muito baixa para meteor scatter,2.58822884063075,20.75119111234166
2025-01-04 14:40:00,1448.0,1.448,Observer,Receiving Location,Receiver,Receiving antenna,,Frequência muito baixa para meteor scatter,0.026000664679242662,207.0389903314917
2025-01-04 14:50:00,44.25,0.04425,Observer,Receiving Location,Receiver,Receiving antenna,,Frequência muito baixa para meteor scatter,2.4281408574362226e-05,6774.970802259887
2025-01-04 14:50:00,145.0,0.145,Observer,Receiving Location,Receiver,Receiving antenna,,Frequência muito baixa para meteor scatter,0.00026072539322721604,2067.534193103448
2025-01-04 14:50:00,1404.0,1.404,Observer,Receiving Location,Receiver,Receiving antenna,,Frequência muito baixa para meteor scatter,0.024444521604555527,213.52739173789175
2025-01-04 14:50:00,1456.0,1.456,Observer,Receiving Location,Receiver,Receiving antenna,,Frequência muito baixa para meteor scatter,0.026288758488301145,205.90141346153845
2025-01-04 14:50:00,1457.0,1.457,Observer,Receiving Location,Receiver,Receiving antenna,,Frequência muito baixa para meteor scatter,0.026324881821022713,205.76009471516815
2025-01-04 14:50:00,1458.0,1.458,Observer,Receiving Location,Receiver,Receiving antenna,,Frequência muito baixa para meteor scatter,0.02636102995520855,205.61896982167352
2025-01-04 14:50:00,1459.0,1.459,Observer,Receiving Location,Receiver,Receiving antenna,,Frequência muito baixa para meteor scatter,0.026397202890858673,205.47803838245375
2025-01-04 15:00:00,44.25,0.04425,Observer,Receiving Location,Receiver,Receiving antenna,,Frequência muito baixa para meteor scatter,2.4281408574362226e-05,6774.970802259887
2025-01-04 15:00:00,504.0,0.504,Observer,Receiving Location,Receiver,Receiving antenna,,Frequência muito baixa para meteor scatter,0.0031499843750775044,594.8263055555556
2025-01-04 15:00:00,505.0,0.505,Observer,Receiving Location,Receiver,Receiving antenna,,Frequência muito baixa para meteor scatter,0.003162496713805983,593.6484316831683
2025-01-04 15:00:00,1510.0,1.51,Observer,Receiving Location,Receiver,Receiving antenna,,Frequência muito baixa para meteor scatter,0.028274909350648057,198.53805165562915
2025-01-04 15:10:00,44.25,0.04425,Observer,Receiving Location,Receiver,Receiving antenna,,Frequência muito baixa para meteor scatter,2.4281408574362226e-05,6774.970802259887
2025-01-04 15:10:00,1512.0,1.512,Observer,Receiving Location,Receiver,Receiving antenna,,Frequência muito baixa para meteor scatter,0.02834985937569754,198.2754351851852
2025-01-04 15:10:00,1513.0,1.513,Observer,Receiving Location,Receiver,Receiving antenna,,Frequência muito baixa para meteor scatter,0.02838737159041869,198.14438730998017
2025-01-04 15:10:00,1514.0,1.514,Observer,Receiving Location,Receiver,Receiving antenna,,Frequência muito baixa para meteor scatter,0.02842490860660413,198.01351254953764
2025-01-04 15:10:00,1515.0,1.515,Observer,Receiving Location,Receiver,Receiving antenna,,Frequência muito baixa para meteor scatter,0.02846247042425384,197.88281056105612
2025-01-04 15:10:00,1516.0,1.516,Observer,Receiving Location,Receiver,Receiving antenna,,Frequência muito baixa para meteor scatter,0.028500057043367836,197.7522810026385
2025-01-04 15:10:00,1517.0,1.517,Observer,Receiving Location,Receiver,Receiving antenna,,Frequência muito baixa para meteor scatter,0.02853766846394611,197.6219235332894
2025-01-04 15:10:00,1518.0,1.518,Observer,Receiving Location,Receiver,Receiving antenna,,Frequência muito baixa para meteor scatter,0.02857530468598866,197.49173781291174
2025-01-04 15:10:00,1519.0,1.519,Observer,Receiving Location,Receiver,Receiving antenna,,Frequência muito baixa para meteor scatter,0.028612965709495484,197.36172350230416
2025-01-04 15:10:00,15202.0,15.202,Observer,Receiving Location,Receiver,Receiving antenna,,Frequência muito baixa para meteor scatter,2.8658191675636524,19.72059321141955
2025-01-04 15:20:00,44.25,0.04425,Observer,Receiving Location,Receiver,Receiving antenna,,Frequência muito baixa para meteor scatter,2.4281408574362226e-05,6774.970802259887
2025-01-04 15:20:00,1522.0,1.522,Observer,Receiving Location,Receiver,Receiving antenna,,Frequência muito baixa para meteor scatter,0.028726097588801635,196.97270565045991
2025-01-04 15:20:00,1523.0,1.523,Observer,Receiving Location,Receiver,Receiving antenna,,Frequência muito baixa para meteor scatter,0.02876385781816558,196.8433736047275
2025-01-04 15:20:00,1524.0,1.524,Observer,Receiving Location,Receiver,Receiving antenna,,Frequência muito baixa para meteor scatter,0.028801642848993805,196.71421128608924
2025-01-04 15:20:00,1525.0,1.525,Observer,Receiving Location,Receiver,Receiving antenna,,Frequência muito baixa para meteor scatter,0.028839452681286296,196.58521836065574
2025-01-04 15:20:00,1528.0,1.528,Observer,Receiving Location,Receiver,Receiving antenna,,Frequência muito baixa para meteor scatter,0.02895303098694947,196.19925261780105
2025-01-04 15:20:00,1529.0,1.529,Observer,Receiving Location,Receiver,Receiving antenna,,Frequência muito baixa para meteor scatter,0.02899094002509908,196.07093394375408
2025-01-04 15:30:00,1532.0,1.532,Observer,Receiving Location,Receiver,Receiving antenna,,Frequência muito baixa para meteor scatter,0.029104815948333584,195.68698302872062
2025-01-04 15:30:00,1539.0,1.539,Observer,Receiving Location,Receiver,Receiving antenna,,Frequência muito baixa para meteor scatter,0.02937139448713051,194.79691877842754
2025-01-04 15:30:00,0.9,0.0009,Observer,Receiving Location,Receiver,Receiving antenna,,Frequência muito baixa para meteor scatter,1.0044593032772652e-08,333102.7311111111
2025-01-04 15:40:00,44.25,0.04425,Observer,Receiving Location,Receiver,Receiving antenna,,Frequência muito baixa para meteor scatter,2.4281408574362226e-05,6774.970802259887
2025-01-04 15:40:00,1542.0,1.542,Observer,Receiving Location,Receiver,Receiving antenna,,Frequência muito baixa para meteor scatter,0.029486014454293382,194.4179364461738
2025-01-04 15:40:00,1543.0,1.543,Observer,Receiving Location,Receiver,Receiving antenna,,Frequência muito baixa para meteor scatter,0.029524270712942884,194.29193648736228
2025-01-04 15:40:00,1544.0,1.544,Observer,Receiving Location,Receiver,Receiving antenna,,Frequência muito baixa para meteor scatter,0.029562551773056677,194.16609974093265
2025-01-04 15:40:00,1545.0,1.545,Observer,Receiving Location,Receiver,Receiving antenna,,Frequência muito baixa para meteor scatter,0.02960085763463475,194.04042588996765
2025-01-04 15:40:00,1546.0,1.546,Observer,Receiving Location,Receiver,Receiving antenna,,Frequência muito baixa para meteor scatter,0.0296391882976771,193.91491461836998
2025-01-04 15:40:00,1547.0,1.547,Observer,Receiving Location,Receiver,Receiving antenna,,Frequência muito baixa para meteor scatter,0.029677543762183716,193.78956561085974
2025-01-04 15:40:00,1548.0,1.548,Observer,Receiving Location,Receiver,Receiving antenna,,Frequência muito baixa para meteor scatter,0.029715924028154622,193.66437855297158
2025-01-04 15:40:00,1549.0,1.549,Observer,Receiving Location,Receiver,Receiving antenna,,Frequência muito baixa para meteor scatter,0.029754329095589796,193.53935313105228
2025-01-04 15:50:00,44.25,0.04425,Observer,Receiving Location,Receiver,Receiving antenna,,Frequência muito baixa para meteor scatter,2.4281408574362226e-05,6774.970802259887
2025-01-04 15:50:00,1552.0,1.552,Observer,Receiving Location,Receiver,Receiving antenna,,Frequência muito baixa para meteor scatter,0.02986969310668102,193.16524355670103
2025-01-04 15:50:00,553.0,0.553,Observer,Receiving Location,Receiver,Receiving antenna,,Frequência muito baixa para meteor scatter,0.003792255494764411,542.1201772151899
2025-01-04 15:50:00,1555.0,1.555,Observer,Receiving Location,Receiver,Receiving antenna,,Frequência muito baixa para meteor scatter,0.02998528033095073,192.79257749196142
2025-01-04 15:50:00,556.0,0.556,Observer,Receiving Location,Receiver,Receiving antenna,,Frequência muito baixa para meteor scatter,0.0038335127305916144,539.1950683453238
2025-01-04 15:50:00,1558.0,1.558,Observer,Receiving Location,Receiver,Receiving antenna,,Frequência muito baixa para meteor scatter,0.030101090768398966,192.42134659820283
2025-01-04 16:00:00,44.25,0.04425,Observer,Receiving Location,Receiver,Receiving antenna,,Frequência muito baixa para meteor scatter,2.4281408574362226e-05,6774.970802259887
2025-01-04 16:00:00,1602.0,1.602,Observer,Receiving Location,Receiver,Receiving antenna,,Frequência muito baixa para meteor scatter,0.03182528856503688,187.13636579275905
2025-01-04 16:00:00,1603.0,1.603,Observer,Receiving Location,Receiver,Receiving antenna,,Frequência muito baixa para meteor scatter,0.0318650329115431,187.01962445414847
2025-01-04 16:00:00,1604.0,1.604,Observer,Receiving Location,Receiver,Receiving antenna,,Frequência muito baixa para meteor scatter,0.0319048020595136,186.90302867830425
2025-01-04 16:10:00,1611.0,1.611,Observer,Receiving Location,Receiver,Receiving antenna,,Frequência muito baixa para meteor scatter,0.03218388053630686,186.0909112352576
2025-01-04 16:10:00,1612.0,1.612,Observer,Receiving Location,Receiver,Receiving antenna,,Frequência muito baixa para meteor scatter,0.03222384809599159,185.97547022332506
2025-01-04 16:10:00,1614.0,1.614,Observer,Receiving Location,Receiver,Receiving antenna,,Frequência muito baixa para meteor scatter,0.03230385761975388,185.74501734820322
2025-01-04 16:10:00,1615.0,1.615,Observer,Receiving Location,Receiver,Receiving antenna,,Frequência muito baixa para meteor scatter,0.03234389958383143,185.63000495356036
2025-01-04 16:10:00,1616.0,1.616,Observer,Receiving Location,Receiver,Receiving antenna,,Frequência muito baixa para meteor scatter,0.03238396634937327,185.5151349009901
2025-01-04 16:10:00,1618.0,1.618,Observer,Receiving Location,Receiver,Receiving antenna,,Frequência muito baixa para meteor scatter,0.032464174284849774,185.28582076637824
2025-01-04 16:20:00,1622.0,1.622,Observer,Receiving Location,Receiver,Receiving antenna,,Frequência muito baixa para meteor scatter,0.03262488777337414,184.82888902589397
2025-01-04 16:20:00,1623.0,1.623,Observer,Receiving Location,Receiver,Receiving antenna,,Frequência muito baixa para meteor scatter,0.032665128149165924,184.71500800985828
2025-01-04 16:20:00,1625.0,1.625,Observer,Receiving Location,Receiver,Receiving antenna,,Frequência muito baixa para meteor scatter,0.03274568330514234,184.48766646153845
2025-01-04 16:20:00,1626.0,1.626,Observer,Receiving Location,Receiver,Receiving antenna,,Frequência muito baixa para meteor scatter,0.03278599808532695,184.37420541205412
2025-01-04 16:20:00,1627.0,1.627,Observer,Receiving Location,Receiver,Receiving antenna,,Frequência muito baixa para meteor scatter,0.032826337666975854,184.26088383527966
2025-01-04 16:20:00,1628.0,1.628,Observer,Receiving Location,Receiver,Receiving antenna,,Frequência muito baixa para meteor scatter,0.03286670205008903,184.14770147420148
2025-01-04 16:20:00,1629.0,1.629,Observer,Receiving Location,Receiver,Receiving antenna,,Frequência muito baixa para meteor scatter,0.03290709123466649,184.03465807243708
2025-01-04 16:20:00,0.9,0.0009,Observer,Receiving Location,Receiver,Receiving antenna,,Frequência muito baixa para meteor scatter,1.0044593032772652e-08,333102.7311111111
2025-01-04 16:30:00,44.25,0.04425,Observer,Receiving Location,Receiver,Receiving antenna,,Frequência muito baixa para meteor scatter,2.4281408574362226e-05,6774.970802259887
2025-01-04 16:30:00,1632.0,1.632,Observer,Receiving Location,Receiver,Receiving antenna,,Frequência muito baixa para meteor scatter,0.033028407597184534,183.69635906862746
2025-01-04 16:30:00,1633.0,1.633,Observer,Receiving Location,Receiver,Receiving antenna,,Frequência muito baixa para meteor scatter,0.033068895987619105,183.58386895284752
2025-01-04 16:30:00,1635.0,1.635,Observer,Receiving Location,Receiver,Receiving antenna,,Frequência muito baixa para meteor scatter,0.033149947172881084,183.35930152905198
2025-01-04 16:30:00,1636.0,1.636,Observer,Receiving Location,Receiver,Receiving antenna,,Frequência muito baixa para meteor scatter,0.03319050996770848,183.24722371638143
2025-01-04 16:30:00,1638.0,1.638,Observer,Receiving Location,Receiver,Receiving antenna,,Frequência muito baixa para meteor scatter,0.03327170996175614,183.02347863247863
2025-01-04 16:30:00,1639.0,1.639,Observer,Receiving Location,Receiver,Receiving antenna,,Frequência muito baixa para meteor scatter,0.033312347160976384,182.91181086028067
2025-01-04 16:30:00,0.9,0.0009,Observer,Receiving Location,Receiver,Receiving antenna,,Frequência muito baixa para meteor scatter,1.0044593032772652e-08,333102.7311111111
2025-01-04 16:41:00,44.25,0.04425,Observer,Receiving Location,Receiver,Receiving antenna,,Frequência muito baixa para meteor scatter,2.4281408574362226e-05,6774.970802259887
2025-01-04 16:41:00,1643.0,1.643,Observer,Receiving Location,Receiver,Receiving antenna,,Frequência muito baixa para meteor scatter,0.033475143972500135,182.4664990870359
2025-01-04 16:41:00,1645.0,1.645,Observer,Receiving Location,Receiver,Receiving antenna,,Frequência muito baixa para meteor scatter,0.03355669118704768,182.24465531914893
2025-01-04 16:41:00,1646.0,1.646,Observer,Receiving Location,Receiver,Receiving antenna,,Frequência muito baixa para meteor scatter,0.03359750199651786,182.1339356014581
2025-01-04 16:41:00,1648.0,1.648,Observer,Receiving Location,Receiver,Receiving antenna,,Frequência muito baixa para meteor scatter,0.033679198019851087,181.91289927184465
2025-01-04 16:50:00,44.25,0.04425,Observer,Receiving Location,Receiver,Receiving antenna,,Frequência muito baixa para meteor scatter,2.4281408574362226e-05,6774.970802259887
2025-01-04 16:50:00,1652.0,1.652,Observer,Receiving Location,Receiver,Receiving antenna,,Frequência muito baixa para meteor scatter,0.03384288768408886,181.47243220338984
2025-01-04 16:50:00,1653.0,1.653,Observer,Receiving Location,Receiver,Receiving antenna,,Frequência muito baixa para meteor scatter,0.033883872103809005,181.36264851784634
2025-01-04 16:50:00,1655.0,1.655,Observer,Receiving Location,Receiver,Receiving antenna,,Frequência muito baixa para meteor scatter,0.03396591534764212,181.14347915407856
2025-01-04 16:50:00,1656.0,1.656,Observer,Receiving Location,Receiver,Receiving antenna,,Frequência muito baixa para meteor scatter,0.03400697417175509,181.0340929951691
2025-01-04 17:00:00,44.25,0.04425,Observer,Receiving Location,Receiver,Receiving antenna,,Frequência muito baixa para meteor scatter,2.4281408574362226e-05,6774.970802259887
2025-01-04 17:00:00,1704.0,1.704,Observer,Receiving Location,Receiver,Receiving antenna,,Frequência muito baixa para meteor scatter,0.03600696425116938,175.93454107981222
2025-01-04 17:00:00,17052.0,17.052,Observer,Receiving Location,Receiver,Receiving antenna,,Frequência muito baixa para meteor scatter,3.6057696142380244,17.58107307060755
2025-01-04 17:00:00,1709.0,1.709,Observer,Receiving Location,Receiver,Receiving antenna,,Frequência muito baixa para meteor scatter,0.03621858274512527,175.41981158572264
2025-01-04 17:10:00,1717.0,1.717,Observer,Receiving Location,Receiver,Receiving antenna,,Frequência muito baixa para meteor scatter,0.03655846201159717,174.6024799068142
2025-01-04 17:10:00,1719.0,1.719,Observer,Receiving Location,Receiver,Receiving antenna,,Frequência muito baixa para meteor scatter,0.03664367984285792,174.3993356602676
2025-01-04 17:10:00,0.9,0.0009,Observer,Receiving Location,Receiver,Receiving antenna,,Frequência muito baixa para meteor scatter,1.0044593032772652e-08,333102.7311111111
2025-01-04 17:20:00,172.0,0.172,Observer,Receiving Location,Receiver,Receiving antenna,,Frequência muito baixa para meteor scatter,0.0003668632596068471,1742.9794069767443
2025-01-04 17:20:00,1722.0,1.722,Observer,Receiving Location,Receiver,Receiving antenna,,Frequência muito baixa para meteor scatter,0.03677169260073114,174.09550406504064
2025-01-04 17:20:00,1724.0,1.724,Observer,Receiving Location,Receiver,Receiving antenna,,Frequência muito baixa para meteor scatter,0.03685715844663469,173.89353712296983
2025-01-04 17:20:00,1726.0,1.726,Observer,Receiving Location,Receiver,Receiving antenna,,Frequência muito baixa para meteor scatter,0.036942723498395336,173.6920382387022
2025-01-04 17:20:00,1727.0,1.727,Observer,Receiving Location,Receiver,Receiving antenna,,Frequência muito baixa para meteor scatter,0.03698554322647209,173.59146381007528
2025-01-04 17:20:00,1728.0,1.728,Observer,Receiving Location,Receiver,Receiving antenna,,Frequência muito baixa para meteor scatter,0.037028387756013116,173.49100578703704
2025-01-04 17:20:00,1729.0,1.729,Observer,Receiving Location,Receiver,Receiving antenna,,Frequência muito baixa para meteor scatter,0.037071257087018424,173.39066396761135
2025-01-04 17:30:00,1733.0,1.733,Observer,Receiving Location,Receiver,Receiving antenna,,Frequência muito baixa para meteor scatter,0.03724298242568241,172.99045470282746
2025-01-04 17:30:00,1735.0,1.735,Observer,Receiving Location,Receiver,Receiving antenna,,Frequência muito baixa para meteor scatter,0.03732899390380008,172.79104207492796
2025-01-04 17:30:00,1736.0,1.736,Observer,Receiving Location,Receiver,Receiving antenna,,Frequência muito baixa para meteor scatter,0.03737203684505533,172.69150806451614
2025-01-04 17:30:00,1738.0,1.738,Observer,Receiving Location,Receiver,Receiving antenna,,Frequência muito baixa para meteor scatter,0.037458197131958665,172.4927836593786
2025-01-04 17:30:00,1739.0,1.739,Observer,Receiving Location,Receiver,Receiving antenna,,Frequência muito baixa para meteor scatter,0.037501314477606754,172.3935928694652
2025-01-04 17:40:00,1743.0,1.743,Observer,Receiving Location,Receiver,Receiving antenna,,Frequência muito baixa para meteor scatter,0.03767403187484189,171.99796787148594
2025-01-04 17:40:00,1748.0,1.748,Observer,Receiving Location,Receiver,Receiving antenna,,Frequência muito baixa para meteor scatter,0.03789048665433207,171.5059828375286
2025-01-04 17:40:00,1749.0,1.749,Observer,Receiving Location,Receiver,Receiving antenna,,Frequência muito baixa para meteor scatter,0.037933852014622946,171.4079233847913
2025-01-04 17:40:00,0.6,0.0006,Observer,Receiving Location,Receiver,Receiving antenna,,Frequência muito baixa para meteor scatter,4.464263570121179e-09,499654.0966666667
2025-01-04 17:50:00,1752.0,1.752,Observer,Receiving Location,Receiver,Receiving antenna,,Frequência muito baixa para meteor scatter,0.038064096904281225,171.11441666666667
2025-01-04 17:50:00,1753.0,1.753,Observer,Receiving Location,Receiver,Receiving antenna,,Frequência muito baixa para meteor scatter,0.03810756147042921,171.01680433542498
2025-01-04 17:50:00,1755.0,1.755,Observer,Receiving Location,Receiver,Receiving antenna,,Frequência muito baixa para meteor scatter,0.03819456500711801,170.8219133903134
2025-01-04 17:50:00,1756.0,1.756,Observer,Receiving Location,Receiver,Receiving antenna,,Frequência muito baixa para meteor scatter,0.03823810397765883,170.72463439635536
2025-01-04 17:50:00,1757.0,1.757,Observer,Receiving Location,Receiver,Receiving antenna,,Frequência muito baixa para meteor scatter,0.038281667749663933,170.62746613545818
2025-01-04 17:50:00,1758.0,1.758,Observer,Receiving Location,Receiver,Receiving antenna,,Frequência muito baixa para meteor scatter,0.038325256323133314,170.53040841865757
2025-01-04 17:50:00,1759.0,1.759,Observer,Receiving Location,Receiver,Receiving antenna,,Frequência muito baixa para meteor scatter,0.038368869698066965,170.43346105741898
2025-01-04 18:00:00,44.25,0.04425,Observer,Receiving Location,Receiver,Receiving antenna,,Frequência muito baixa para meteor scatter,2.4281408574362226e-05,6774.970802259887
2025-01-04 18:00:00,1803.0,1.803,Observer,Receiving Location,Receiver,Receiving antenna,,Frequência muito baixa para meteor scatter,0.040312411644783504,166.27424181919025
2025-01-04 18:00:00,18052.0,18.052,Observer,Receiving Location,Receiver,Receiving antenna,,Frequência muito baixa para meteor scatter,4.041084915253395,16.607160314646578
2025-01-04 18:10:00,44.25,0.04425,Observer,Receiving Location,Receiver,Receiving antenna,,Frequência muito baixa para meteor scatter,2.4281408574362226e-05,6774.970802259887
2025-01-04 18:10:00,1812.0,1.812,Observer,Receiving Location,Receiver,Receiving antenna,,Frequência muito baixa para meteor scatter,0.040715869464933205,165.44837637969096
2025-01-04 18:10:00,1819.0,1.819,Observer,Receiving Location,Receiver,Receiving antenna,,Frequência muito baixa para meteor scatter,0.041031058873715893,164.81168664101153
2025-01-04 18:20:00,1822.0,1.822,Observer,Receiving Location,Receiver,Receiving antenna,,Frequência muito baixa para meteor scatter,0.041166512070872664,164.540317233809
2025-01-04 18:20:00,1823.0,1.823,Observer,Receiving Location,Receiver,Receiving antenna,,Frequência muito baixa para meteor scatter,0.04121171273952013,164.45005924300602
2025-01-04 18:20:00,1825.0,1.825,Observer,Receiving Location,Receiver,Receiving antenna,,Frequência muito baixa para meteor scatter,0.04130218848120793,164.26984
2025-01-04 18:20:00,1829.0,1.829,Observer,Receiving Location,Receiver,Receiving antenna,,Frequência muito baixa para meteor scatter,0.04148343758215484,163.91058392564244
2025-01-04 18:30:00,44.25,0.04425,Observer,Receiving Location,Receiver,Receiving antenna,,Frequência muito baixa para meteor scatter,2.4281408574362226e-05,6774.970802259887
2025-01-04 18:30:00,1832.0,1.832,Observer,Receiving Location,Receiver,Receiving antenna,,Frequência muito baixa para meteor scatter,0.041619634823239965,163.6421713973799
2025-01-04 18:30:00,1833.0,1.833,Observer,Receiving Location,Receiver,Receiving antenna,,Frequência muito baixa para meteor scatter,0.04166508350653022,163.5528957992362
2025-01-04 18:30:00,1839.0,1.839,Observer,Receiving Location,Receiver,Receiving antenna,,Frequência muito baixa para meteor scatter,0.041938296437021634,163.0192811310495
2025-01-04 18:40:00,1842.0,1.842,Observer,Receiving Location,Receiver,Receiving antenna,,Frequência muito baixa para meteor scatter,0.04207523772203511,162.75377741585234
2025-01-04 18:40:00,1843.0,1.843,Observer,Receiving Location,Receiver,Receiving antenna,,Frequência muito baixa para meteor scatter,0.042120934419968156,162.66546825827456
2025-01-04 18:40:00,1846.0,1.846,Observer,Receiving Location,Receiver,Receiving antenna,,Frequência muito baixa para meteor scatter,0.04225817332255296,162.40111484290358
2025-01-04 18:50:00,44.25,0.04425,Observer,Receiving Location,Receiver,Receiving antenna,,Frequência muito baixa para meteor scatter,2.4281408574362226e-05,6774.970802259887
2025-01-04 18:50:00,1852.0,1.852,Observer,Receiving Location,Receiver,Receiving antenna,,Frequência muito baixa para meteor scatter,0.0425333207672581,161.87497732181424
2025-01-04 18:50:00,1853.0,1.853,Observer,Receiving Location,Receiver,Receiving antenna,,Frequência muito baixa para meteor scatter,0.04257926547983392,161.78761899622233
2025-01-04 18:50:00,1856.0,1.856,Observer,Receiving Location,Receiver,Receiving antenna,,Frequência muito baixa para meteor scatter,0.042717248426347096,161.5261088362069
2025-01-04 18:50:00,1857.0,1.857,Observer,Receiving Location,Receiver,Receiving antenna,,Frequência muito baixa para meteor scatter,0.04276329234478003,161.43912654819601
2025-01-04 18:50:00,1858.0,1.858,Observer,Receiving Location,Receiver,Receiving antenna,,Frequência muito baixa para meteor scatter,0.042809361064677254,161.35223789020452
2025-01-04 18:50:00,1859.0,1.859,Observer,Receiving Location,Receiver,Receiving antenna,,Frequência muito baixa para meteor scatter,0.042855454586038746,161.26544271113502
2025-01-04 19:00:00,44.25,0.04425,Observer,Receiving Location,Receiver,Receiving antenna,,Frequência muito baixa para meteor scatter,2.4281408574362226e-05,6774.970802259887
2025-01-04 19:00:00,1902.0,1.902,Observer,Receiving Location,Receiver,Receiving antenna,,Frequência muito baixa para meteor scatter,0.044860938189790714,157.61958885383805
2025-01-04 19:00:00,19052.0,19.052,Observer,Receiving Location,Receiver,Receiving antenna,,Frequência muito baixa para meteor scatter,4.5012016805472195,15.7354848834768
2025-01-04 19:00:00,1906.0,1.906,Observer,Receiving Location,Receiver,Receiving antenna,,Frequência muito baixa para meteor scatter,0.0450498261417354,157.28880272822664
2025-01-04 19:00:00,1908.0,1.908,Observer,Receiving Location,Receiver,Receiving antenna,,Frequência muito baixa para meteor scatter,0.04514441892649341,157.12392976939202
2025-01-04 19:00:00,1909.0,1.909,Observer,Receiving Location,Receiver,Receiving antenna,,Frequência muito baixa para meteor scatter,0.045191752521068836,157.04162283918282
2025-01-04 19:10:00,1915.0,1.915,Observer,Receiving Location,Receiver,Receiving antenna,,Frequência muito baixa para meteor scatter,0.045476274919271226,156.5495864229765
2025-01-04 19:10:00,1916.0,1.916,Observer,Receiving Location,Receiver,Receiving antenna,,Frequência muito baixa para meteor scatter,0.04552378212409659,156.46787995824636
2025-01-04 19:10:00,1918.0,1.918,Observer,Receiving Location,Receiver,Receiving antenna,,Frequência muito baixa para meteor scatter,0.04561887093814018,156.30472262773722
2025-01-04 19:10:00,1919.0,1.919,Observer,Receiving Location,Receiver,Receiving antenna,,Frequência muito baixa para meteor scatter,0.04566645254735839,156.2232714955706
2025-01-04 19:20:00,44.25,0.04425,Observer,Receiving Location,Receiver,Receiving antenna,,Frequência muito baixa para meteor scatter,2.4281408574362226e-05,6774.970802259887
2025-01-04 19:20:00,1922.0,1.922,Observer,Receiving Location,Receiver,Receiving antenna,,Frequência muito baixa para meteor scatter,0.04580934618379869,155.9794266389178
2025-01-04 19:20:00,1923.0,1.923,Observer,Receiving Location,Receiver,Receiving antenna,,Frequência muito baixa para meteor scatter,0.04585702699887401,155.8983140925637
2025-01-04 19:20:00,1925.0,1.925,Observer,Receiving Location,Receiver,Receiving antenna,,Frequência muito baixa para meteor scatter,0.04595246303341749,155.7363418181818
2025-01-04 19:30:00,44.25,0.04425,Observer,Receiving Location,Receiver,Receiving antenna,,Frequência muito baixa para meteor scatter,2.4281408574362226e-05,6774.970802259887
2025-01-04 19:30:00,1932.0,1.932,Observer,Receiving Location,Receiver,Receiving antenna,,Frequência muito baixa para meteor scatter,0.04628727040044443,155.1720797101449
2025-01-04 19:30:00,1933.0,1.933,Observer,Receiving Location,Receiver,Receiving antenna,,Frequência muito baixa para meteor scatter,0.04633519923016254,155.09180444904294
2025-01-04 19:30:00,1936.0,1.936,Observer,Receiving Location,Receiver,Receiving antenna,,Frequência muito baixa para meteor scatter,0.04647913452810253,154.8514762396694
2025-01-04 19:30:00,1937.0,1.937,Observer,Receiving Location,Receiver,Receiving antenna,,Frequência muito baixa para meteor scatter,0.046527162563677754,154.77153226639132
2025-01-04 19:30:00,1938.0,1.938,Observer,Receiving Location,Receiver,Receiving antenna,,Frequência muito baixa para meteor scatter,0.04657521540071725,154.69167079463364
2025-01-04 19:30:00,1939.0,1.939,Observer,Receiving Location,Receiver,Receiving antenna,,Frequência muito baixa para meteor scatter,0.046623293039221025,154.61189169675092
2025-01-04 19:40:00,1942.0,1.942,Observer,Receiving Location,Receiver,Receiving antenna,,Frequência muito baixa para meteor scatter,0.04676767476351803,154.3730473738414
2025-01-04 19:40:00,1943.0,1.943,Observer,Receiving Location,Receiver,Receiving antenna,,Frequência muito baixa para meteor scatter,0.046815851607878926,154.29359650025734
2025-01-04 19:40:00,1945.0,1.945,Observer,Receiving Location,Receiver,Receiving antenna,,Frequência muito baixa para meteor scatter,0.04691227970099354,154.13493984575837
2025-01-04 19:40:00,1946.0,1.946,Observer,Receiving Location,Receiver,Receiving antenna,,Frequência muito baixa para meteor scatter,0.04696053094974727,154.05573381294965
2025-01-04 19:40:00,1947.0,1.947,Observer,Receiving Location,Receiver,Receiving antenna,,Frequência muito baixa para meteor scatter,0.04700880699996528,153.97660914227015
2025-01-04 19:40:00,1948.0,1.948,Observer,Receiving Location,Receiver,Receiving antenna,,Frequência muito baixa para meteor scatter,0.04705710785164755,153.89756570841888
2025-01-04 19:50:00,44.25,0.04425,Observer,Receiving Location,Receiver,Receiving antenna,,Frequência muito baixa para meteor scatter,2.4281408574362226e-05,6774.970802259887
2025-01-04 19:50:00,1952.0,1.952,Observer,Receiving Location,Receiver,Receiving antenna,,Frequência muito baixa para meteor scatter,0.04725055927301947,153.5822018442623
2025-01-04 19:50:00,1953.0,1.953,Observer,Receiving Location,Receiver,Receiving antenna,,Frequência muito baixa para meteor scatter,0.04729898413202315,153.50356272401433
2025-01-04 19:50:00,1954.0,1.954,Observer,Receiving Location,Receiver,Receiving antenna,,Frequência muito baixa para meteor scatter,0.0473474337924911,153.4250040941658
2025-01-04 19:50:00,1956.0,1.956,Observer,Receiving Location,Receiver,Receiving antenna,,Frequência muito baixa para meteor scatter,0.04744440751781984,153.26812781186095
2025-01-04 19:50:00,1957.0,1.957,Observer,Receiving Location,Receiver,Receiving antenna,,Frequência muito baixa para meteor scatter,0.04749293158268064,153.18980991313234
2025-01-04 20:00:00,44.25,0.04425,Observer,Receiving Location,Receiver,Receiving antenna,,Frequência muito baixa para meteor scatter,2.4281408574362226e-05,6774.970802259887
2025-01-04 20:00:00,2003.0,2.003,Observer,Receiving Location,Receiver,Receiving antenna,,Frequência muito baixa para meteor scatter,0.049751848949161966,149.6717214178732
2025-01-04 20:00:00,2005.0,2.005,Observer,Receiving Location,Receiver,Receiving antenna,,Frequência muito baixa para meteor scatter,0.04985125321798998,149.5224229426434
2025-01-04 20:00:00,2008.0,2.008,Observer,Receiving Location,Receiver,Receiving antenna,,Frequência muito baixa para meteor scatter,0.05000054563221413,149.2990328685259
2025-01-04 20:00:00,2009.0,2.009,Observer,Receiving Location,Receiver,Receiving antenna,,Frequência muito baixa para meteor scatter,0.05005035937321739,149.22471777003486
2025-01-04 20:10:00,44.25,0.04425,Observer,Receiving Location,Receiver,Receiving antenna,,Frequência muito baixa para meteor scatter,2.4281408574362226e-05,6774.970802259887
2025-01-04 20:10:00,2013.0,2.013,Observer,Receiving Location,Receiver,Receiving antenna,,Frequência muito baixa para meteor scatter,0.05024986235187324,148.9281957277695
2025-01-04 20:10:00,2018.0,2.018,Observer,Receiving Location,Receiver,Receiving antenna,,Frequência muito baixa para meteor scatter,0.05049979910813932,148.55919623389494
2025-01-04 20:10:00,2019.0,2.019,Observer,Receiving Location,Receiver,Receiving antenna,,Frequência muito baixa para meteor scatter,0.05054986086378539,148.48561565131254
2025-01-04 20:30:00,44.25,0.04425,Observer,Receiving Location,Receiver,Receiving antenna,,Frequência muito baixa para meteor scatter,2.4281408574362226e-05,6774.970802259887
2025-01-04 20:30:00,2033.0,2.033,Observer,Receiving Location,Receiver,Receiving antenna,,Frequência muito baixa para meteor scatter,0.051253329596579376,147.46308804722085
2025-01-04 20:30:00,2035.0,2.035,Observer,Receiving Location,Receiver,Receiving antenna,,Frequência muito baixa para meteor scatter,0.05135422195326412,147.31816117936117
2025-01-04 20:30:00,2036.0,2.036,Observer,Receiving Location,Receiver,Receiving antenna,,Frequência muito baixa para meteor scatter,0.0514047053338029,147.24580451866404
2025-01-04 20:30:00,2037.0,2.037,Observer,Receiving Location,Receiver,Receiving antenna,,Frequência muito baixa para meteor scatter,0.05145521351580597,147.17351890034365
2025-01-04 20:30:00,2038.0,2.038,Observer,Receiving Location,Receiver,Receiving antenna,,Frequência muito baixa para meteor scatter,0.0515057464992733,147.10130421982336
2025-01-04 20:30:00,2039.0,2.039,Observer,Receiving Location,Receiver,Receiving antenna,,Frequência muito baixa para meteor scatter,0.05155630428420494,147.02916037273172
2025-01-04 20:40:00,44.25,0.04425,Observer,Receiving Location,Receiver,Receiving antenna,,Frequência muito baixa para meteor scatter,2.4281408574362226e-05,6774.970802259887
2025-01-04 20:40:00,2043.0,2.043,Observer,Receiving Location,Receiver,Receiving antenna,,Frequência muito baixa para meteor scatter,0.05175878343857422,146.74129123837494
2025-01-04 20:40:00,2045.0,2.045,Observer,Receiving Location,Receiver,Receiving antenna,,Frequência muito baixa para meteor scatter,0.05186017182454451,146.59777897310514
2025-01-04 20:40:00,2048.0,2.048,Observer,Receiving Location,Receiver,Receiving antenna,,Frequência muito baixa para meteor scatter,0.052012440414482074,146.3830361328125
2025-01-04 20:40:00,2049.0,2.049,Observer,Receiving Location,Receiver,Receiving antenna,,Frequência muito baixa para meteor scatter,0.052063246214056474,146.31159492435333
2025-01-04 20:50:00,44.25,0.04425,Observer,Receiving Location,Receiver,Receiving antenna,,Frequência muito baixa para meteor scatter,2.4281408574362226e-05,6774.970802259887
2025-01-04 20:50:00,2053.0,2.053,Observer,Receiving Location,Receiver,Receiving antenna,,Frequência muito baixa para meteor scatter,0.05226671742699687,146.02652605942524
2025-01-04 20:50:00,2055.0,2.055,Observer,Receiving Location,Receiver,Receiving antenna,,Frequência muito baixa para meteor scatter,0.052368601842252775,145.88440778588807
2025-01-04 20:50:00,2058.0,2.058,Observer,Receiving Location,Receiver,Receiving antenna,,Frequência muito baixa para meteor scatter,0.05252161447611865,145.67174829931972
2025-01-04 20:50:00,2059.0,2.059,Observer,Receiving Location,Receiver,Receiving antenna,,Frequência muito baixa para meteor scatter,0.05257266829033586,145.60099951432736
2025-01-05 07:22:00,44.25,0.04425,Observer,Receiving Location,Receiver,Receiving antenna,,Frequência muito baixa para meteor scatter,2.4281408574362226e-05,6774.970802259887
2025-01-05 07:22:00,727.0,0.727,Observer,Receiving Location,Receiver,Receiving antenna,,Frequência muito baixa para meteor scatter,0.006554146556812714,412.3692682255846
2025-01-05 07:22:00,729.0,0.729,Observer,Receiving Location,Receiver,Receiving antenna,,Frequência muito baixa para meteor scatter,0.006590257488802137,411.23793964334703
2025-01-05 07:30:00,44.25,0.04425,Observer,Receiving Location,Receiver,Receiving antenna,,Frequência muito baixa para meteor scatter,2.4281408574362226e-05,6774.970802259887
2025-01-05 07:30:00,732.0,0.732,Observer,Receiving Location,Receiver,Receiving antenna,,Frequência muito baixa para meteor scatter,0.006644609897768362,409.5525382513661
2025-01-05 07:30:00,733.0,0.733,Observer,Receiving Location,Receiver,Receiving antenna,,Frequência muito baixa para meteor scatter,0.006662776970352329,408.9938035470669
2025-01-05 07:30:00,736.0,0.736,Observer,Receiving Location,Receiver,Receiving antenna,,Frequência muito baixa para meteor scatter,0.0067174269968898965,407.3267092391304
2025-01-05 07:30:00,737.0,0.737,Observer,Receiving Location,Receiver,Receiving antenna,,Frequência muito baixa para meteor scatter,0.006735693275330974,406.7740271370421
2025-01-05 07:30:00,738.0,0.738,Observer,Receiving Location,Receiver,Receiving antenna,,Frequência muito baixa para meteor scatter,0.006753984355236331,406.2228428184282
2025-01-05 07:30:00,739.0,0.739,Observer,Receiving Location,Receiver,Receiving antenna,,Frequência muito baixa para meteor scatter,0.0067723002366059685,405.673150202977
2025-01-05 07:40:00,44.25,0.04425,Observer,Receiving Location,Receiver,Receiving antenna,,Frequência muito baixa para meteor scatter,2.4281408574362226e-05,6774.970802259887
2025-01-05 07:40:00,742.0,0.742,Observer,Receiving Location,Receiver,Receiving antenna,,Frequência muito baixa para meteor scatter,0.006827396689500548,404.03296226415097
2025-01-05 07:40:00,744.0,0.744,Observer,Receiving Location,Receiver,Receiving antenna,,Frequência muito baixa para meteor scatter,0.006864251665418326,402.9468521505376
2025-01-05 07:40:00,746.0,0.746,Observer,Receiving Location,Receiver,Receiving antenna,,Frequência muito baixa para meteor scatter,0.006901205847193217,401.8665656836461
2025-01-05 07:40:00,747.0,0.747,Observer,Receiving Location,Receiver,Receiving antenna,,Frequência muito baixa para meteor scatter,0.006919720140277082,401.32859170013387
2025-01-05 07:40:00,748.0,0.748,Observer,Receiving Location,Receiver,Receiving antenna,,Frequência muito baixa para meteor scatter,0.006938259234825224,400.7920561497326
2025-01-05 07:40:00,749.0,0.749,Observer,Receiving Location,Receiver,Receiving antenna,,Frequência muito baixa para meteor scatter,0.006956823130837644,400.256953271028
2025-01-05 07:40:00,750.0,0.75,Observer,Receiving Location,Receiver,Receiving antenna,,Frequência muito baixa para meteor scatter,0.006975411828314344,399.72327733333333
2025-01-05 07:50:00,44.25,0.04425,Observer,Receiving Location,Receiver,Receiving antenna,,Frequência muito baixa para meteor scatter,2.4281408574362226e-05,6774.970802259887
2025-01-05 07:50:00,751.0,0.751,Observer,Receiving Location,Receiver,Receiving antenna,,Frequência muito baixa para meteor scatter,0.006994025327255321,399.19102263648466
2025-01-05 07:50:00,753.0,0.753,Observer,Receiving Location,Receiver,Receiving antenna,,Frequência muito baixa para meteor scatter,0.007031326729530112,398.13075431606904
2025-01-05 07:50:00,755.0,0.755,Observer,Receiving Location,Receiver,Receiving antenna,,Frequência muito baixa para meteor scatter,0.007068727337662014,397.0761033112583
2025-01-05 07:50:00,757.0,0.757,Observer,Receiving Location,Receiver,Receiving antenna,,Frequência muito baixa para meteor scatter,0.0071062271516510326,396.0270250990753
2025-01-05 07:50:00,759.0,0.759,Observer,Receiving Location,Receiver,Receiving antenna,,Frequência muito baixa para meteor scatter,0.007143826171497165,394.9834756258235
2025-01-05 08:00:00,44.25,0.04425,Observer,Receiving Location,Receiver,Receiving antenna,,Frequência muito baixa para meteor scatter,2.4281408574362226e-05,6774.970802259887
2025-01-05 08:00:00,802.0,0.802,Observer,Receiving Location,Receiver,Receiving antenna,,Frequência muito baixa para meteor scatter,0.0079762005148784,373.8060573566085
2025-01-05 08:00:00,803.0,0.803,Observer,Receiving Location,Receiver,Receiving antenna,,Frequência muito baixa para meteor scatter,0.007996103689961856,373.34054545454546
2025-01-05 08:00:00,806.0,0.806,Observer,Receiving Location,Receiver,Receiving antenna,,Frequência muito baixa para meteor scatter,0.008055962023997897,371.9509404466501
2025-01-05 08:00:00,809.0,0.809,Observer,Receiving Location,Receiver,Receiving antenna,,Frequência muito baixa para meteor scatter,0.008116043571212444,370.5716415327565
2025-01-05 08:10:00,44.25,0.04425,Observer,Receiving Location,Receiver,Receiving antenna,,Frequência muito baixa para meteor scatter,2.4281408574362226e-05,6774.970802259887
2025-01-05 08:10:00,812.0,0.812,Observer,Receiving Location,Receiver,Receiving antenna,,Frequência muito baixa para meteor scatter,0.008176348331605498,369.2025344827586
2025-01-05 08:10:00,814.0,0.814,Observer,Receiving Location,Receiver,Receiving antenna,,Frequência muito baixa para meteor scatter,0.008216675512522257,368.29540294840297
2025-01-05 08:10:00,815.0,0.815,Observer,Receiving Location,Receiver,Receiving antenna,,Frequência muito baixa para meteor scatter,0.008236876305177054,367.84350674846627
2025-01-05 08:10:00,818.0,0.818,Observer,Receiving Location,Receiver,Receiving antenna,,Frequência muito baixa para meteor scatter,0.00829762749192712,366.49444743276285
2025-01-05 08:10:00,819.0,0.819,Observer,Receiving Location,Receiver,Receiving antenna,,Frequência muito baixa para meteor scatter,0.008317927490439034,366.04695726495726
2025-01-05 08:20:00,44.25,0.04425,Observer,Receiving Location,Receiver,Receiving antenna,,Frequência muito baixa para meteor scatter,2.4281408574362226e-05,6774.970802259887
2025-01-05 08:20:00,821.0,0.821,Observer,Receiving Location,Receiver,Receiving antenna,,Frequência muito baixa para meteor scatter,0.008358601891855695,365.1552472594397
2025-01-05 08:20:00,822.0,0.822,Observer,Receiving Location,Receiver,Receiving antenna,,Frequência muito baixa para meteor scatter,0.008378976294760442,364.7110194647202
2025-01-05 08:20:00,823.0,0.823,Observer,Receiving Location,Receiver,Receiving antenna,,Frequência muito baixa para meteor scatter,0.008399375499129466,364.2678712029162
2025-01-05 08:20:00,824.0,0.824,Observer,Receiving Location,Receiver,Receiving antenna,,Frequência muito baixa para meteor scatter,0.008419799504962772,363.8257985436893
2025-01-05 08:20:00,826.0,0.826,Observer,Receiving Location,Receiver,Receiving antenna,,Frequência muito baixa para meteor scatter,0.008460721921022214,362.9448644067797
2025-01-05 08:20:00,828.0,0.828,Observer,Receiving Location,Receiver,Receiving antenna,,Frequência muito baixa para meteor scatter,0.008501743542938773,362.0681859903382
2025-01-05 08:20:00,829.0,0.829,Observer,Receiving Location,Receiver,Receiving antenna,,Frequência muito baixa para meteor scatter,0.00852229155609347,361.63143305186975
2025-01-05 08:30:00,44.25,0.04425,Observer,Receiving Location,Receiver,Receiving antenna,,Frequência muito baixa para meteor scatter,2.4281408574362226e-05,6774.970802259887
2025-01-05 08:30:00,832.0,0.832,Observer,Receiving Location,Receiver,Receiving antenna,,Frequência muito baixa para meteor scatter,0.00858408440434323,360.3274735576923
2025-01-05 08:30:00,833.0,0.833,Observer,Receiving Location,Receiver,Receiving antenna,,Frequência muito baixa para meteor scatter,0.008604731623355042,359.8949075630252
2025-01-05 08:30:00,835.0,0.835,Observer,Receiving Location,Receiver,Receiving antenna,,Frequência muito baixa para meteor scatter,0.008646100465771496,359.0328838323353
2025-01-05 08:30:00,838.0,0.838,Observer,Receiving Location,Receiver,Receiving antenna,,Frequência muito baixa para meteor scatter,0.00870833974037827,357.7475632458234
2025-01-05 08:30:00,839.0,0.839,Observer,Receiving Location,Receiver,Receiving antenna,,Frequência muito baixa para meteor scatter,0.008729135768175753,357.32116567342075
2025-01-05 08:40:00,44.25,0.04425,Observer,Receiving Location,Receiver,Receiving antenna,,Frequência muito baixa para meteor scatter,2.4281408574362226e-05,6774.970802259887
2025-01-05 08:40:00,842.0,0.842,Observer,Receiving Location,Receiver,Receiving antenna,,Frequência muito baixa para meteor scatter,0.008791672660353866,356.04804988123516
2025-01-05 08:40:00,843.0,0.843,Observer,Receiving Location,Receiver,Receiving antenna,,Frequência muito baixa para meteor scatter,0.00881256789400846,355.6256915776987
2025-01-05 08:40:00,844.0,0.844,Observer,Receiving Location,Receiver,Receiving antenna,,Frequência muito baixa para meteor scatter,0.008833487929127335,355.20433412322274
2025-01-05 08:40:00,845.0,0.845,Observer,Receiving Location,Receiver,Receiving antenna,,Frequência muito baixa para meteor scatter,0.008854432765710487,354.783973964497
2025-01-05 08:40:00,846.0,0.846,Observer,Receiving Location,Receiver,Receiving antenna,,Frequência muito baixa para meteor scatter,0.008875402403757915,354.3646075650118
2025-01-05 08:40:00,847.0,0.847,Observer,Receiving Location,Receiver,Receiving antenna,,Frequência muito baixa para meteor scatter,0.008896396843269627,353.94623140495867
2025-01-05 08:50:00,44.25,0.04425,Observer,Receiving Location,Receiver,Receiving antenna,,Frequência muito baixa para meteor scatter,2.4281408574362226e-05,6774.970802259887
2025-01-05 08:50:00,851.0,0.851,Observer,Receiving Location,Receiver,Receiving antenna,,Frequência muito baixa para meteor scatter,0.008980622615959244,352.2825593419507
2025-01-05 08:50:00,852.0,0.852,Observer,Receiving Location,Receiver,Receiving antenna,,Frequência muito baixa para meteor scatter,0.009001741062792345,351.86908215962444
2025-01-05 08:50:00,853.0,0.853,Observer,Receiving Location,Receiver,Receiving antenna,,Frequência muito baixa para meteor scatter,0.009022884311089727,351.45657444314185
2025-01-05 08:50:00,854.0,0.854,Observer,Receiving Location,Receiver,Receiving antenna,,Frequência muito baixa para meteor scatter,0.009044052360851384,351.04503278688526
2025-01-05 08:50:00,855.0,0.855,Observer,Receiving Location,Receiver,Receiving antenna,,Frequência muito baixa para meteor scatter,0.009065245212077319,350.63445380116957
2025-01-05 08:50:00,856.0,0.856,Observer,Receiving Location,Receiver,Receiving antenna,,Frequência muito baixa para meteor scatter,0.009086462864767535,350.22483411214955
2025-01-05 08:50:00,857.0,0.857,Observer,Receiving Location,Receiver,Receiving antenna,,Frequência muito baixa para meteor scatter,0.009107705318922028,349.81617036172696
2025-01-05 08:50:00,858.0,0.858,Observer,Receiving Location,Receiver,Receiving antenna,,Frequência muito baixa para meteor scatter,0.009128972574540798,349.4084592074592
2025-01-05 08:50:00,859.0,0.859,Observer,Receiving Location,Receiver,Receiving antenna,,Frequência muito baixa para meteor scatter,0.00915026463162385,349.001697322468
2025-01-05 09:00:00,44.25,0.04425,Observer,Receiving Location,Receiver,Receiving antenna,,Frequência muito baixa para meteor scatter,2.4281408574362226e-05,6774.970802259887
2025-01-05 09:00:00,902.0,0.902,Observer,Receiving Location,Receiver,Receiving antenna,,Frequência muito baixa para meteor scatter,0.010089285271402423,332.3641441241685
2025-01-05 09:00:00,903.0,0.903,Observer,Receiving Location,Receiver,Receiving antenna,,Frequência muito baixa para meteor scatter,0.010111668592913724,331.99607751937987
2025-01-05 09:00:00,908.0,0.908,Observer,Receiving Location,Receiver,Receiving antenna,,Frequência muito baixa para meteor scatter,0.010223957222434412,330.1679052863436
2025-01-05 09:10:00,44.25,0.04425,Observer,Receiving Location,Receiver,Receiving antenna,,Frequência muito baixa para meteor scatter,2.4281408574362226e-05,6774.970802259887
2025-01-05 09:10:00,9112.0,9.112,Observer,Receiving Location,Receiver,Receiving antenna,,Frequência muito baixa para meteor scatter,1.0296147340538984,32.90084043020193
2025-01-05 09:10:00,912.0,0.912,Observer,Receiving Location,Receiver,Receiving antenna,,Frequência muito baixa para meteor scatter,0.010314234552407974,328.7198004385965
2025-01-05 09:10:00,915.0,0.915,Observer,Receiving Location,Receiver,Receiving antenna,,Frequência muito baixa para meteor scatter,0.010382202965263067,327.64203060109287
2025-01-05 09:10:00,918.0,0.918,Observer,Receiving Location,Receiver,Receiving antenna,,Frequência muito baixa para meteor scatter,0.01045039459129667,326.57130501089324
2025-01-05 09:10:00,919.0,0.919,Observer,Receiving Location,Receiver,Receiving antenna,,Frequência muito baixa para meteor scatter,0.010473174736236428,326.215949945593
2025-01-05 09:20:00,44.25,0.04425,Observer,Receiving Location,Receiver,Receiving antenna,,Frequência muito baixa para meteor scatter,2.4281408574362226e-05,6774.970802259887
2025-01-05 09:20:00,923.0,0.923,Observer,Receiving Location,Receiver,Receiving antenna,,Frequência muito baixa para meteor scatter,0.01056454333063824,324.80222968580716
2025-01-05 09:20:00,926.0,0.926,Observer,Receiving Location,Receiver,Receiving antenna,,Frequência muito baixa para meteor scatter,0.010633330191814524,323.7499546436285
2025-01-05 09:20:00,928.0,0.928,Observer,Receiving Location,Receiver,Receiving antenna,,Frequência muito baixa para meteor scatter,0.010679312106586774,323.0522176724138
2025-01-05 09:20:00,929.0,0.929,Observer,Receiving Location,Receiver,Receiving antenna,,Frequência muito baixa para meteor scatter,0.010702340266169313,322.70447578040904
2025-01-05 09:30:00,44.25,0.04425,Observer,Receiving Location,Receiver,Receiving antenna,,Frequência muito baixa para meteor scatter,2.4281408574362226e-05,6774.970802259887
2025-01-05 09:30:00,931.0,0.931,Observer,Receiving Location,Receiver,Receiving antenna,,Frequência muito baixa para meteor scatter,0.010748470989727234,322.0112330827068
2025-01-05 09:30:00,932.0,0.932,Observer,Receiving Location,Receiver,Receiving antenna,,Frequência muito baixa para meteor scatter,0.01077157355370261,321.66572746781117
2025-01-05 09:30:00,933.0,0.933,Observer,Receiving Location,Receiver,Receiving antenna,,Frequência muito baixa para meteor scatter,0.010794700919142267,321.32096248660235
2025-01-05 09:30:00,935.0,0.935,Observer,Receiving Location,Receiver,Receiving antenna,,Frequência muito baixa para meteor scatter,0.010841030054414412,320.6336449197861
2025-01-05 09:30:00,936.0,0.936,Observer,Receiving Location,Receiver,Receiving antenna,,Frequência muito baixa para meteor scatter,0.010864231824246905,320.2910876068376
2025-01-05 09:30:00,937.0,0.937,Observer,Receiving Location,Receiver,Receiving antenna,,Frequência muito baixa para meteor scatter,0.010887458395543673,319.9492614727855
2025-01-05 09:30:00,938.0,0.938,Observer,Receiving Location,Receiver,Receiving antenna,,Frequência muito baixa para meteor scatter,0.01091070976830472,319.6081641791045
2025-01-05 09:30:00,939.0,0.939,Observer,Receiving Location,Receiver,Receiving antenna,,Frequência muito baixa para meteor scatter,0.010933985942530046,319.2677933972311
2025-01-05 09:30:00,940.0,0.94,Observer,Receiving Location,Receiver,Receiving antenna,,Frequência muito baixa para meteor scatter,0.010957286918219648,318.92814680851063
2025-01-05 09:40:00,44.25,0.04425,Observer,Receiving Location,Receiver,Receiving antenna,,Frequência muito baixa para meteor scatter,2.4281408574362226e-05,6774.970802259887
2025-01-05 09:40:00,942.0,0.942,Observer,Receiving Location,Receiver,Receiving antenna,,Frequência muito baixa para meteor scatter,0.011003963273991694,318.251016985138
2025-01-05 09:40:00,949.0,0.949,Observer,Receiving Location,Receiver,Receiving antenna,,Frequência muito baixa para meteor scatter,0.01116811176531862,315.90353846153846
2025-01-05 09:50:00,44.25,0.04425,Observer,Receiving Location,Receiver,Receiving antenna,,Frequência muito baixa para meteor scatter,2.4281408574362226e-05,6774.970802259887
2025-01-05 09:50:00,951.0,0.951,Observer,Receiving Location,Receiver,Receiving antenna,,Frequência muito baixa para meteor scatter,0.011215234547447678,315.2391777076761
2025-01-05 09:50:00,952.0,0.952,Observer,Receiving Location,Receiver,Receiving antenna,,Frequência muito baixa para meteor scatter,0.011238833140708624,314.9080441176471
2025-01-05 09:50:00,956.0,0.956,Observer,Receiving Location,Receiver,Receiving antenna,,Frequência muito baixa para meteor scatter,0.011333475528395195,313.59043723849373
2025-01-05 09:50:00,957.0,0.957,Observer,Receiving Location,Receiver,Receiving antenna,,Frequência muito baixa para meteor scatter,0.011357198128977532,313.26275653082547
2025-01-05 09:50:00,958.0,0.958,Observer,Receiving Location,Receiver,Receiving antenna,,Frequência muito baixa para meteor scatter,0.011380945531024148,312.9357599164927
2025-01-05 10:00:00,44.25,0.04425,Observer,Receiving Location,Receiver,Receiving antenna,,Frequência muito baixa para meteor scatter,2.4281408574362226e-05,6774.970802259887
2025-01-05 10:00:00,1003.0,1.003,Observer,Receiving Location,Receiver,Receiving antenna,,Frequência muito baixa para meteor scatter,0.012475248138650101,298.8957706879362
2025-01-05 10:00:00,5.0,0.005,Observer,Receiving Location,Receiver,Receiving antenna,,Frequência muito baixa para meteor scatter,3.1001830348063747e-07,59958.4916
2025-01-05 10:00:00,1008.0,1.008,Observer,Receiving Location,Receiver,Receiving antenna,,Frequência muito baixa para meteor scatter,0.012599937500310018,297.4131527777778
2025-01-05 10:00:00,1009.0,1.009,Observer,Receiving Location,Receiver,Receiving antenna,,Frequência muito baixa para meteor scatter,0.01262494977703483,297.1183924677899
2025-01-05 10:10:00,44.25,0.04425,Observer,Receiving Location,Receiver,Receiving antenna,,Frequência muito baixa para meteor scatter,2.4281408574362226e-05,6774.970802259887
2025-01-05 10:10:00,1012.0,1.012,Observer,Receiving Location,Receiver,Receiving antenna,,Frequência muito baixa para meteor scatter,0.012700135415994959,296.2376067193676
2025-01-05 10:10:00,1013.0,1.013,Observer,Receiving Location,Receiver,Receiving antenna,,Frequência muito baixa para meteor scatter,0.012725246898576889,295.94517077986177
2025-01-05 10:10:00,1014.0,1.014,Observer,Receiving Location,Receiver,Receiving antenna,,Frequência muito baixa para meteor scatter,0.012750383182623101,295.6533116370809
2025-01-05 10:10:00,1015.0,1.015,Observer,Receiving Location,Receiver,Receiving antenna,,Frequência muito baixa para meteor scatter,0.012775544268133588,295.3620275862069
2025-01-05 10:10:00,1016.0,1.016,Observer,Receiving Location,Receiver,Receiving antenna,,Frequência muito baixa para meteor scatter,0.012800730155108358,295.07131692913384
2025-01-05 10:10:00,1019.0,1.019,Observer,Receiving Location,Receiver,Receiving antenna,,Frequência muito baixa para meteor scatter,0.012876436624818325,294.2026084396467
2025-01-05 10:20:00,44.25,0.04425,Observer,Receiving Location,Receiver,Receiving antenna,,Frequência muito baixa para meteor scatter,2.4281408574362226e-05,6774.970802259887
2025-01-05 10:20:00,21.0,0.021,Observer,Receiving Location,Receiver,Receiving antenna,,Frequência muito baixa para meteor scatter,5.468722873398445e-06,14275.831333333334
2025-01-05 10:20:00,1022.0,1.022,Observer,Receiving Location,Receiver,Receiving antenna,,Frequência muito baixa para meteor scatter,0.012952366307706806,293.339
2025-01-05 10:20:00,1023.0,1.023,Observer,Receiving Location,Receiver,Receiving antenna,,Frequência muito baixa para meteor scatter,0.012977725804931518,293.0522561094819
2025-01-05 10:20:00,1024.0,1.024,Observer,Receiving Location,Receiver,Receiving antenna,,Frequência muito baixa para meteor scatter,0.013003110103620518,292.766072265625
2025-01-05 10:20:00,1025.0,1.025,Observer,Receiving Location,Receiver,Receiving antenna,,Frequência muito baixa para meteor scatter,0.013028519203773787,292.4804468292683
2025-01-05 10:20:00,1028.0,1.028,Observer,Receiving Location,Receiver,Receiving antenna,,Frequência muito baixa para meteor scatter,0.01310489531301928,291.6269046692607
2025-01-05 10:20:00,1030.0,1.03,Observer,Receiving Location,Receiver,Receiving antenna,,Frequência muito baixa para meteor scatter,0.013155936726504334,291.0606388349515
2025-01-05 10:30:00,44.25,0.04425,Observer,Receiving Location,Receiver,Receiving antenna,,Frequência muito baixa para meteor scatter,2.4281408574362226e-05,6774.970802259887
2025-01-05 10:30:00,1032.0,1.032,Observer,Receiving Location,Receiver,Receiving antenna,,Frequência muito baixa para meteor scatter,0.013207077345846497,290.4965678294574
2025-01-05 10:30:00,1033.0,1.033,Observer,Receiving Location,Receiver,Receiving antenna,,Frequência muito baixa para meteor scatter,0.013232684857713997,290.2153514036786
2025-01-05 10:30:00,1035.0,1.035,Observer,Receiving Location,Receiver,Receiving antenna,,Frequência muito baixa para meteor scatter,0.013283974285841832,289.65454879227053
2025-01-05 10:30:00,1036.0,1.036,Observer,Receiving Location,Receiver,Receiving antenna,,Frequência muito baixa para meteor scatter,0.013309656202102173,289.37495945945943
2025-01-05 10:30:00,1038.0,1.038,Observer,Receiving Location,Receiver,Receiving antenna,,Frequência muito baixa para meteor scatter,0.013361094439015678,288.81739691714836
2025-01-05 10:40:00,44.25,0.04425,Observer,Receiving Location,Receiver,Receiving antenna,,Frequência muito baixa para meteor scatter,2.4281408574362226e-05,6774.970802259887
2025-01-05 10:40:00,1042.0,1.042,Observer,Receiving Location,Receiver,Receiving antenna,,Frequência muito baixa para meteor scatter,0.013464268530414035,287.70869289827255
2025-01-05 10:40:00,1045.0,1.045,Observer,Receiving Location,Receiver,Receiving antenna,,Frequência muito baixa para meteor scatter,0.013541909514337723,286.88273492822964
2025-01-05 10:40:00,10475.0,10.475,Observer,Receiving Location,Receiver,Receiving antenna,,Frequência muito baixa para meteor scatter,1.3606780844341049,28.61980505966587
2025-01-05 10:40:00,1049.0,1.049,Observer,Receiving Location,Receiver,Receiving antenna,,Frequência muito baixa para meteor scatter,0.013645778046735875,285.7888064823642
2025-01-05 10:40:00,10502.0,10.502,Observer,Receiving Location,Receiver,Receiving antenna,,Frequência muito baixa para meteor scatter,1.3677015987023875,28.54622529042087
2025-01-05 10:50:00,44.25,0.04425,Observer,Receiving Location,Receiver,Receiving antenna,,Frequência muito baixa para meteor scatter,2.4281408574362226e-05,6774.970802259887
2025-01-05 10:50:00,1052.0,1.052,Observer,Receiving Location,Receiver,Receiving antenna,,Frequência muito baixa para meteor scatter,0.013723939861409417,284.973819391635
2025-01-05 10:50:00,1053.0,1.053,Observer,Receiving Location,Receiver,Receiving antenna,,Frequência muito baixa para meteor scatter,0.013750043402562485,284.7031889838556
2025-01-05 10:50:00,1055.0,1.055,Observer,Receiving Location,Receiver,Receiving antenna,,Frequência muito baixa para meteor scatter,0.013802324889261457,284.1634672985782
2025-01-05 10:50:00,1056.0,1.056,Observer,Receiving Location,Receiver,Receiving antenna,,Frequência muito baixa para meteor scatter,0.013828502834807369,283.8943731060606
2025-01-05 10:50:00,1057.0,1.057,Observer,Receiving Location,Receiver,Receiving antenna,,Frequência muito baixa para meteor scatter,0.013854705581817547,283.6257880794702
2025-01-05 10:50:00,1058.0,1.058,Observer,Receiving Location,Receiver,Receiving antenna,,Frequência muito baixa para meteor scatter,0.013880933130292011,283.3577107750473
2025-01-05 10:50:00,1059.0,1.059,Observer,Receiving Location,Receiver,Receiving antenna,,Frequência muito baixa para meteor scatter,0.01390718548023075,283.09013975448534
2025-01-05 11:00:00,44.25,0.04425,Observer,Receiving Location,Receiver,Receiving antenna,,Frequência muito baixa para meteor scatter,2.4281408574362226e-05,6774.970802259887
2025-01-05 11:00:00,1102.0,1.102,Observer,Receiving Location,Receiver,Receiving antenna,,Frequência muito baixa para meteor scatter,0.015059498712804006,272.0439727767695
2025-01-05 11:00:00,1103.0,1.103,Observer,Receiving Location,Receiver,Receiving antenna,,Frequência muito baixa para meteor scatter,0.015086842327170993,271.7973327289211
2025-01-05 11:00:00,1104.0,1.104,Observer,Receiving Location,Receiver,Receiving antenna,,Frequência muito baixa para meteor scatter,0.015114210743002267,271.55113949275363
2025-01-05 11:00:00,1105.0,1.105,Observer,Receiving Location,Receiver,Receiving antenna,,Frequência muito baixa para meteor scatter,0.015141603960297813,271.3053918552036
2025-01-05 11:00:00,1106.0,1.106,Observer,Receiving Location,Receiver,Receiving antenna,,Frequência muito baixa para meteor scatter,0.015169021979057644,271.06008860759493
2025-01-05 11:00:00,1107.0,1.107,Observer,Receiving Location,Receiver,Receiving antenna,,Frequência muito baixa para meteor scatter,0.015196464799281748,270.81522854561877
2025-01-05 11:00:00,1440.0,1.44,Observer,Receiving Location,Receiver,Receiving antenna,,Frequência muito baixa para meteor scatter,0.02571415816389799,208.18920694444444
2025-01-05 11:10:00,44.25,0.04425,Observer,Receiving Location,Receiver,Receiving antenna,,Frequência muito baixa para meteor scatter,2.4281408574362226e-05,6774.970802259887
2025-01-05 11:10:00,1112.0,1.112,Observer,Receiving Location,Receiver,Receiving antenna,,Frequência muito baixa para meteor scatter,0.015334050922366458,269.5975341726619
2025-01-05 11:10:00,1115.0,1.115,Observer,Receiving Location,Receiver,Receiving antenna,,Frequência muito baixa para meteor scatter,0.01541690021378862,268.8721596412556
2025-01-05 11:10:00,1119.0,1.119,Observer,Receiving Location,Receiver,Receiving antenna,,Frequência muito baixa para meteor scatter,0.01552771315618474,267.9110437890974
2025-01-05 11:10:00,11205.0,11.205,Observer,Receiving Location,Receiver,Receiving antenna,,Frequência muito baixa para meteor scatter,1.5569370315623436,26.755239446675592
2025-01-05 11:20:00,44.25,0.04425,Observer,Receiving Location,Receiver,Receiving antenna,,Frequência muito baixa para meteor scatter,2.4281408574362226e-05,6774.970802259887
2025-01-05 11:20:00,1122.0,1.122,Observer,Receiving Location,Receiver,Receiving antenna,,Frequência muito baixa para meteor scatter,0.015611083278356757,267.19470409982176
2025-01-05 11:20:00,1125.0,1.125,Observer,Receiving Location,Receiver,Receiving antenna,,Frequência muito baixa para meteor scatter,0.015694676613707274,266.48218488888887
2025-01-05 11:20:00,1126.0,1.126,Observer,Receiving Location,Receiver,Receiving antenna,,Frequência muito baixa para meteor scatter,0.015722590661752665,266.24552220248665
2025-01-05 11:20:00,1128.0,1.128,Observer,Receiving Location,Receiver,Receiving antenna,,Frequência muito baixa para meteor scatter,0.0157784931622363,265.77345567375886
2025-01-05 11:20:00,11302.0,11.302,Observer,Receiving Location,Receiver,Receiving antenna,,Frequência muito baixa para meteor scatter,1.5840100495533256,26.52561121925323
2025-01-05 11:30:00,44.25,0.04425,Observer,Receiving Location,Receiver,Receiving antenna,,Frequência muito baixa para meteor scatter,2.4281408574362226e-05,6774.970802259887
2025-01-05 11:30:00,11315.0,11.315,Observer,Receiving Location,Receiver,Receiving antenna,,Frequência muito baixa para meteor scatter,1.5876561252176324,26.495135483870968
2025-01-05 11:30:00,1132.0,1.132,Observer,Receiving Location,Receiver,Receiving antenna,,Frequência muito baixa para meteor scatter,0.01589059578077489,264.83432685512366
2025-01-05 11:30:00,1133.0,1.133,Observer,Receiving Location,Receiver,Receiving antenna,,Frequência muito baixa para meteor scatter,0.015918683439070238,264.6005807590468
2025-01-05 11:30:00,1134.0,1.134,Observer,Receiving Location,Receiver,Receiving antenna,,Frequência muito baixa para meteor scatter,0.015946795898829864,264.36724691358023
2025-01-05 11:30:00,1135.0,1.135,Observer,Receiving Location,Receiver,Receiving antenna,,Frequência muito baixa para meteor scatter,0.01597493316005377,264.1343242290749
2025-01-05 11:30:00,1139.0,1.139,Observer,Receiving Location,Receiver,Receiving antenna,,Frequência muito baixa para meteor scatter,0.016087730219592162,263.20672344161545
2025-01-05 11:30:00,1140.0,1.14,Observer,Receiving Location,Receiver,Receiving antenna,,Frequência muito baixa para meteor scatter,0.016115991488137457,262.9758403508772
2025-01-05 11:40:00,4447.0,4.447,Observer,Receiving Location,Receiver,Receiving antenna,,Frequência muito baixa para meteor scatter,0.2452345102454849,67.41453968967843
2025-01-05 11:40:00,1442.0,1.442,Observer,Receiving Location,Receiver,Receiving antenna,,Frequência muito baixa para meteor scatter,0.025785635983948483,207.9004563106796
2025-01-05 11:40:00,1145.0,1.145,Observer,Receiving Location,Receiver,Receiving antenna,,Frequência muito baixa para meteor scatter,0.016257669852828106,261.82747423580787
2025-01-05 11:40:00,1148.0,1.148,Observer,Receiving Location,Receiver,Receiving antenna,,Frequência muito baixa para meteor scatter,0.01634297448921384,261.143256097561
2025-01-05 11:50:00,44.25,0.04425,Observer,Receiving Location,Receiver,Receiving antenna,,Frequência muito baixa para meteor scatter,2.4281408574362226e-05,6774.970802259887
2025-01-05 11:50:00,1152.0,1.152,Observer,Receiving Location,Receiver,Receiving antenna,,Frequência muito baixa para meteor scatter,0.016457061224894716,260.2365086805556
2025-01-05 11:50:00,1153.0,1.153,Observer,Receiving Location,Receiver,Receiving antenna,,Frequência muito baixa para meteor scatter,0.016485644912475634,260.01080485689505
2025-01-05 11:50:00,1155.0,1.155,Observer,Receiving Location,Receiver,Receiving antenna,,Frequência muito baixa para meteor scatter,0.016542886692030294,259.5605696969697
2025-01-05 11:50:00,1156.0,1.156,Observer,Receiving Location,Receiver,Receiving antenna,,Frequência muito baixa para meteor scatter,0.01657154478400404,259.33603633217996
2025-01-05 11:50:00,1158.0,1.158,Observer,Receiving Location,Receiver,Receiving antenna,,Frequência muito baixa para meteor scatter,0.016628935372344382,258.8881329879102
2025-01-05 12:00:00,44.25,0.04425,Observer,Receiving Location,Receiver,Receiving antenna,,Frequência muito baixa para meteor scatter,2.4281408574362226e-05,6774.970802259887
2025-01-05 12:00:00,1203.0,1.203,Observer,Receiving Location,Receiver,Receiving antenna,,Frequência muito baixa para meteor scatter,0.0179464511584764,249.20403823773898
2025-01-05 12:00:00,205.0,0.205,Observer,Receiving Location,Receiver,Receiving antenna,,Frequência muito baixa para meteor scatter,0.0005211407681509515,1462.4022341463415
2025-01-05 12:00:00,12065.0,12.065,Observer,Receiving Location,Receiver,Receiving antenna,,Frequência muito baixa para meteor scatter,1.8051029632789517,24.848110899295484
2025-01-05 12:00:00,1208.0,1.208,Observer,Receiving Location,Receiver,Receiving antenna,,Frequência muito baixa para meteor scatter,0.018095941984414762,248.17256456953643
2025-01-05 12:10:00,1211.0,1.211,Observer,Receiving Location,Receiver,Receiving antenna,,Frequência muito baixa para meteor scatter,0.01818593409754912,247.55776878612716
2025-01-05 12:10:00,1212.0,1.212,Observer,Receiving Location,Receiver,Receiving antenna,,Frequência muito baixa para meteor scatter,0.018215981071522457,247.35351320132014
2025-01-05 12:10:00,1214.0,1.214,Observer,Receiving Location,Receiver,Receiving antenna,,Frequência muito baixa para meteor scatter,0.018276149423861986,246.9460115321252
2025-01-05 12:10:00,1218.0,1.218,Observer,Receiving Location,Receiver,Receiving antenna,,Frequência muito baixa para meteor scatter,0.018396783746112366,246.13502298850574
2025-01-05 12:10:00,1219.0,1.219,Observer,Receiving Location,Receiver,Receiving antenna,,Frequência muito baixa para meteor scatter,0.018427004330335662,245.93310746513535
2025-01-05 12:10:00,12202.0,12.202,Observer,Receiving Location,Receiver,Receiving antenna,,Frequência muito baixa para meteor scatter,1.8463301769336462,24.569124569742666
2025-01-05 12:20:00,44.25,0.04425,Observer,Receiving Location,Receiver,Receiving antenna,,Frequência muito baixa para meteor scatter,2.4281408574362226e-05,6774.970802259887
2025-01-05 12:20:00,221.0,0.221,Observer,Receiving Location,Receiver,Receiving antenna,,Frequência muito baixa para meteor scatter,0.0006056641584119127,1356.526959276018
2025-01-05 12:20:00,1222.0,1.222,Observer,Receiving Location,Receiver,Receiving antenna,,Frequência muito baixa para meteor scatter,0.01851781489179121,245.32934369885433
2025-01-05 12:20:00,1223.0,1.223,Observer,Receiving Location,Receiver,Receiving antenna,,Frequência muito baixa para meteor scatter,0.01854813468187162,245.12874734260015
2025-01-05 12:20:00,1224.0,1.224,Observer,Receiving Location,Receiver,Receiving antenna,,Frequência muito baixa para meteor scatter,0.0185784792734163,244.92847875816994
2025-01-05 12:20:00,1225.0,1.225,Observer,Receiving Location,Receiver,Receiving antenna,,Frequência muito baixa para meteor scatter,0.018608848666425263,244.72853714285714
2025-01-05 12:20:00,1226.0,1.226,Observer,Receiving Location,Receiver,Receiving antenna,,Frequência muito baixa para meteor scatter,0.01863924286089851,244.52892169657423
2025-01-05 12:20:00,1227.0,1.227,Observer,Receiving Location,Receiver,Receiving antenna,,Frequência muito baixa para meteor scatter,0.01866966185683603,244.32963162184188
2025-01-05 12:20:00,1228.0,1.228,Observer,Receiving Location,Receiver,Receiving antenna,,Frequência muito baixa para meteor scatter,0.018700105654237825,244.1306661237785
2025-01-05 12:20:00,1229.0,1.229,Observer,Receiving Location,Receiver,Receiving antenna,,Frequência muito baixa para meteor scatter,0.018730574253103902,243.9320244100895
2025-01-05 12:30:00,231.0,0.231,Observer,Receiving Location,Receiver,Receiving antenna,,Frequência muito baixa para meteor scatter,0.000661715467681212,1297.8028484848485
2025-01-05 12:30:00,1232.0,1.232,Observer,Receiving Location,Receiver,Receiving antenna,,Frequência muito baixa para meteor scatter,0.018822128858487806,243.3380340909091
2025-01-05 12:30:00,1233.0,1.233,Observer,Receiving Location,Receiver,Receiving antenna,,Frequência muito baixa para meteor scatter,0.018852696663211,243.1406796431468
2025-01-05 12:30:00,1234.0,1.234,Observer,Receiving Location,Receiver,Receiving antenna,,Frequência muito baixa para meteor scatter,0.018883289269398463,242.9436450567261
2025-01-05 12:30:00,1235.0,1.235,Observer,Receiving Location,Receiver,Receiving antenna,,Frequência muito baixa para meteor scatter,0.018913906677050212,242.74692955465588
2025-01-05 12:30:00,4740.0,4.74,Observer,Receiving Location,Receiver,Receiving antenna,,Frequência muito baixa para meteor scatter,0.2786146894112628,63.24735400843882
2025-01-05 12:40:00,1242.0,1.242,Observer,Receiving Location,Receiver,Receiving antenna,,Frequência muito baixa para meteor scatter,0.019128922971612238,241.37879066022543
2025-01-05 12:40:00,1243.0,1.243,Observer,Receiving Location,Receiver,Receiving antenna,,Frequência muito baixa para meteor scatter,0.019159738790978223,241.18460016090106
2025-01-05 12:40:00,1244.0,1.244,Observer,Receiving Location,Receiver,Receiving antenna,,Frequência muito baixa para meteor scatter,0.019190579411808472,240.99072186495178
2025-01-05 12:40:00,1245.0,1.245,Observer,Receiving Location,Receiver,Receiving antenna,,Frequência muito baixa para meteor scatter,0.019221444834103006,240.7971550200803
2025-01-05 12:40:00,1246.0,1.246,Observer,Receiving Location,Receiver,Receiving antenna,,Frequência muito baixa para meteor scatter,0.01925233505786181,240.6038988764045
2025-01-05 12:50:00,44.25,0.04425,Observer,Receiving Location,Receiver,Receiving antenna,,Frequência muito baixa para meteor scatter,2.4281408574362226e-05,6774.970802259887
2025-01-05 12:50:00,1253.0,1.253,Observer,Receiving Location,Receiver,Receiving antenna,,Frequência muito baixa para meteor scatter,0.019469261065173278,239.25974301675978
2025-01-05 12:50:00,1254.0,1.254,Observer,Receiving Location,Receiver,Receiving antenna,,Frequência muito baixa para meteor scatter,0.01950034970064633,239.06894577352472
2025-01-05 12:50:00,1255.0,1.255,Observer,Receiving Location,Receiver,Receiving antenna,,Frequência muito baixa para meteor scatter,0.019531463137583638,238.87845258964143
2025-01-05 12:50:00,1257.0,1.257,Observer,Receiving Location,Receiver,Receiving antenna,,Frequência muito baixa para meteor scatter,0.019593764415851107,238.4983754972156
2025-01-05 12:50:00,1258.0,1.258,Observer,Receiving Location,Receiver,Receiving antenna,,Frequência muito baixa para meteor scatter,0.01962495225718126,238.30879014308425
2025-01-05 12:50:00,1259.0,1.259,Observer,Receiving Location,Receiver,Receiving antenna,,Frequência muito baixa para meteor scatter,0.019656164899975685,238.11950595710883
2025-01-05 13:00:00,44.25,0.04425,Observer,Receiving Location,Receiver,Receiving antenna,,Frequência muito baixa para meteor scatter,2.4281408574362226e-05,6774.970802259887
2025-01-05 13:00:00,301.0,0.301,Observer,Receiving Location,Receiver,Receiving antenna,,Frequência muito baixa para meteor scatter,0.0011235187325459694,995.9882325581395
2025-01-05 13:00:00,1302.0,1.302,Observer,Receiving Location,Receiver,Receiving antenna,,Frequência muito baixa para meteor scatter,0.021021770725343624,230.2553440860215
2025-01-05 13:00:00,1303.0,1.303,Observer,Receiving Location,Receiver,Receiving antenna,,Frequência muito baixa para meteor scatter,0.0210540746325663,230.07863238679968
2025-01-05 13:00:00,1305.0,1.305,Observer,Receiving Location,Receiver,Receiving antenna,,Frequência muito baixa para meteor scatter,0.02111875685140451,229.7260214559387
2025-01-05 13:00:00,1308.0,1.308,Observer,Receiving Location,Receiver,Receiving antenna,,Frequência muito baixa para meteor scatter,0.021215966190643896,229.19912691131498
2025-01-05 13:10:00,44.25,0.04425,Observer,Receiving Location,Receiver,Receiving antenna,,Frequência muito baixa para meteor scatter,2.4281408574362226e-05,6774.970802259887
2025-01-05 13:10:00,1312.0,1.312,Observer,Receiving Location,Receiver,Receiving antenna,,Frequência muito baixa para meteor scatter,0.02134592586346298,228.50034908536585
2025-01-05 13:10:00,1313.0,1.313,Observer,Receiving Location,Receiver,Receiving antenna,,Frequência muito baixa para meteor scatter,0.02137847778532844,228.32631987814165
2025-01-05 13:10:00,1315.0,1.315,Observer,Receiving Location,Receiver,Receiving antenna,,Frequência muito baixa para meteor scatter,0.021443656033452208,227.979055513308
2025-01-05 13:10:00,1317.0,1.317,Observer,Receiving Location,Receiver,Receiving antenna,,Frequência muito baixa para meteor scatter,0.0215089334874331,227.63284586180714
2025-01-05 13:10:00,1318.0,1.318,Observer,Receiving Location,Receiver,Receiving antenna,,Frequência muito baixa para meteor scatter,0.02154160941661996,227.46013505311078
2025-01-05 13:10:00,1319.0,1.319,Observer,Receiving Location,Receiver,Receiving antenna,,Frequência muito baixa para meteor scatter,0.02157431014727109,227.28768612585293
2025-01-05 13:20:00,1322.0,1.322,Observer,Receiving Location,Receiver,Receiving antenna,,Frequência muito baixa para meteor scatter,0.021672561148010173,226.77190468986385
2025-01-05 13:20:00,1323.0,1.323,Observer,Receiving Location,Receiver,Receiving antenna,,Frequência muito baixa para meteor scatter,0.02170536108451843,226.60049735449735
2025-01-05 13:20:00,1327.0,1.327,Observer,Receiving Location,Receiver,Receiving antenna,,Frequência muito baixa para meteor scatter,0.021836808845194212,225.91745139412208
2025-01-05 13:30:00,44.25,0.04425,Observer,Receiving Location,Receiver,Receiving antenna,,Frequência muito baixa para meteor scatter,2.4281408574362226e-05,6774.970802259887
2025-01-05 13:30:00,332.0,0.332,Observer,Receiving Location,Receiver,Receiving antenna,,Frequência muito baixa para meteor scatter,0.0013668582993139912,902.9893313253012
2025-01-05 13:30:00,1333.0,1.333,Observer,Receiving Location,Receiver,Receiving antenna,,Frequência muito baixa para meteor scatter,0.022034724530136253,224.90056864216055
2025-01-05 13:30:00,1334.0,1.334,Observer,Receiving Location,Receiver,Receiving antenna,,Frequência muito baixa para meteor scatter,0.02206779728275158,224.73197751124437
2025-01-05 13:30:00,1335.0,1.335,Observer,Receiving Location,Receiver,Receiving antenna,,Frequência muito baixa para meteor scatter,0.022100894836831166,224.56363895131085
2025-01-05 13:30:00,1337.0,1.337,Observer,Receiving Location,Receiver,Receiving antenna,,Frequência muito baixa para meteor scatter,0.022167164349383185,224.2277172774869
2025-01-05 13:30:00,1338.0,1.338,Observer,Receiving Location,Receiver,Receiving antenna,,Frequência muito baixa para meteor scatter,0.022200336307855614,224.06013303437967
2025-01-05 13:40:00,44.25,0.04425,Observer,Receiving Location,Receiver,Receiving antenna,,Frequência muito baixa para meteor scatter,2.4281408574362226e-05,6774.970802259887
2025-01-05 13:40:00,1343.0,1.343,Observer,Receiving Location,Receiver,Receiving antenna,,Frequência muito baixa para meteor scatter,0.022366568122181928,223.2259553239017
2025-01-05 13:40:00,1344.0,1.344,Observer,Receiving Location,Receiver,Receiving antenna,,Frequência muito baixa para meteor scatter,0.022399888889440032,223.05986458333334
2025-01-05 13:40:00,1345.0,1.345,Observer,Receiving Location,Receiver,Receiving antenna,,Frequência muito baixa para meteor scatter,0.022433234458162404,222.89402081784385
2025-01-05 13:40:00,1346.0,1.346,Observer,Receiving Location,Receiver,Receiving antenna,,Frequência muito baixa para meteor scatter,0.02246660482834907,222.7284234769688
2025-01-05 13:40:00,1349.0,1.349,Observer,Receiving Location,Receiver,Receiving antenna,,Frequência muito baixa para meteor scatter,0.0225668647476947,222.23310452186806
2025-01-05 13:50:00,44.25,0.04425,Observer,Receiving Location,Receiver,Receiving antenna,,Frequência muito baixa para meteor scatter,2.4281408574362226e-05,6774.970802259887
2025-01-05 13:50:00,13515.0,13.515,Observer,Receiving Location,Receiver,Receiving antenna,,Frequência muito baixa para meteor scatter,2.2650585190549646,22.182201849796524
2025-01-05 13:50:00,1352.0,1.352,Observer,Receiving Location,Receiver,Receiving antenna,,Frequência muito baixa para meteor scatter,0.022667347880218854,221.73998372781065
2025-01-05 13:50:00,1353.0,1.353,Observer,Receiving Location,Receiver,Receiving antenna,,Frequência muito baixa para meteor scatter,0.02270089186065545,221.576096082779
2025-01-05 13:50:00,1354.0,1.354,Observer,Receiving Location,Receiver,Receiving antenna,,Frequência muito baixa para meteor scatter,0.022734460642556336,221.4124505169867
2025-01-05 13:50:00,1355.0,1.355,Observer,Receiving Location,Receiver,Receiving antenna,,Frequência muito baixa para meteor scatter,0.022768054225921493,221.24904649446495
2025-01-05 13:50:00,1356.0,1.356,Observer,Receiving Location,Receiver,Receiving antenna,,Frequência muito baixa para meteor scatter,0.022801672610750938,221.08588348082597
2025-01-05 13:50:00,1358.0,1.358,Observer,Receiving Location,Receiver,Receiving antenna,,Frequência muito baixa para meteor scatter,0.02286898378480266,220.76027835051548
2025-01-05 13:50:00,1359.0,1.359,Observer,Receiving Location,Receiver,Receiving antenna,,Frequência muito baixa para meteor scatter,0.02290267657402493,220.59783517292126
2025-01-05 14:00:00,44.25,0.04425,Observer,Receiving Location,Receiver,Receiving antenna,,Frequência muito baixa para meteor scatter,2.4281408574362226e-05,6774.970802259887
2025-01-05 14:00:00,403.0,0.403,Observer,Receiving Location,Receiver,Receiving antenna,,Frequência muito baixa para meteor scatter,0.0020139905059994743,743.9018808933002
2025-01-05 14:00:00,1405.0,1.405,Observer,Receiving Location,Receiver,Receiving antenna,,Frequência muito baixa para meteor scatter,0.024479355261134615,213.37541494661923
2025-01-05 14:00:00,1407.0,1.407,Observer,Receiving Location,Receiver,Receiving antenna,,Frequência muito baixa para meteor scatter,0.024549096978685618,213.07210945273633
2025-01-05 14:00:00,1408.0,1.408,Observer,Receiving Location,Receiver,Receiving antenna,,Frequência muito baixa para meteor scatter,0.02458400503965754,212.92077982954547
2025-01-05 14:00:00,409.0,0.409,Observer,Receiving Location,Receiver,Receiving antenna,,Frequência muito baixa para meteor scatter,0.00207440687298178,732.9888948655257
2025-01-05 14:10:00,1412.0,1.412,Observer,Receiving Location,Receiver,Receiving antenna,,Frequência muito baixa para meteor scatter,0.024723885298187996,212.31760481586403
2025-01-05 14:10:00,1413.0,1.413,Observer,Receiving Location,Receiver,Receiving antenna,,Frequência muito baixa para meteor scatter,0.024758917366481312,212.16734465675867
2025-01-05 14:10:00,1415.0,1.415,Observer,Receiving Location,Receiver,Receiving antenna,,Frequência muito baixa para meteor scatter,0.02482905590746078,211.86746148409895
2025-01-05 14:10:00,1416.0,1.416,Observer,Receiving Location,Receiver,Receiving antenna,,Frequência muito baixa para meteor scatter,0.02486416238014692,211.71783757062147
2025-01-05 14:10:00,1419.0,1.419,Observer,Receiving Location,Receiver,Receiving antenna,,Frequência muito baixa para meteor scatter,0.024969630606991033,211.27023114869627
2025-01-05 14:20:00,44.25,0.04425,Observer,Receiving Location,Receiver,Receiving antenna,,Frequência muito baixa para meteor scatter,2.4281408574362226e-05,6774.970802259887
2025-01-05 14:20:00,1422.0,1.422,Observer,Receiving Location,Receiver,Receiving antenna,,Frequência muito baixa para meteor scatter,0.02507532204701365,210.82451336146272
2025-01-05 14:20:00,1423.0,1.423,Observer,Receiving Location,Receiver,Receiving antenna,,Frequência muito baixa para meteor scatter,0.02511060212994975,210.67635839775124
2025-01-05 14:20:00,1425.0,1.425,Observer,Receiving Location,Receiver,Receiving antenna,,Frequência muito baixa para meteor scatter,0.025181236700214774,210.38067228070176
2025-01-05 14:20:00,1426.0,1.426,Observer,Receiving Location,Receiver,Receiving antenna,,Frequência muito baixa para meteor scatter,0.02521659118754371,210.2331402524544
2025-01-05 14:20:00,1427.0,1.427,Observer,Receiving Location,Receiver,Receiving antenna,,Frequência muito baixa para meteor scatter,0.025251970476336923,210.08581499649614
2025-01-05 14:20:00,4470.0,4.47,Observer,Receiving Location,Receiver,Receiving antenna,,Frequência muito baixa para meteor scatter,0.2477777888006507,67.06766398210291
2025-01-05 14:30:00,44.25,0.04425,Observer,Receiving Location,Receiver,Receiving antenna,,Frequência muito baixa para meteor scatter,2.4281408574362226e-05,6774.970802259887
2025-01-05 14:30:00,1432.0,1.432,Observer,Receiving Location,Receiver,Receiving antenna,,Frequência muito baixa para meteor scatter,0.02542923894226715,209.3522751396648
2025-01-05 14:30:00,1433.0,1.433,Observer,Receiving Location,Receiver,Receiving antenna,,Frequência muito baixa para meteor scatter,0.025464767039846032,209.20618143754362
2025-01-05 14:30:00,1434.0,1.434,Observer,Receiving Location,Receiver,Receiving antenna,,Frequência muito baixa para meteor scatter,0.025500319938889186,209.06029149232916
2025-01-05 14:30:00,1435.0,1.435,Observer,Receiving Location,Receiver,Receiving antenna,,Frequência muito baixa para meteor scatter,0.025535897639396628,208.91460487804878
2025-01-05 14:40:00,44.25,0.04425,Observer,Receiving Location,Receiver,Receiving antenna,,Frequência muito baixa para meteor scatter,2.4281408574362226e-05,6774.970802259887
2025-01-05 14:40:00,1442.0,1.442,Observer,Receiving Location,Receiver,Receiving antenna,,Frequência muito baixa para meteor scatter,0.025785635983948483,207.9004563106796
2025-01-05 14:40:00,1447.0,1.447,Observer,Receiving Location,Receiver,Receiving antenna,,Frequência muito baixa para meteor scatter,0.0259647645596996,207.18207187284037
2025-01-05 14:50:00,44.25,0.04425,Observer,Receiving Location,Receiver,Receiving antenna,,Frequência muito baixa para meteor scatter,2.4281408574362226e-05,6774.970802259887
2025-01-05 14:50:00,1452.0,1.452,Observer,Receiving Location,Receiver,Receiving antenna,,Frequência muito baixa para meteor scatter,0.02614451317205767,206.4686349862259
2025-01-05 14:50:00,407.0,0.407,Observer,Receiving Location,Receiver,Receiving antenna,,Frequência muito baixa para meteor scatter,0.0020541688781305642,736.5908058968059
2025-01-05 14:50:00,1404.0,1.404,Observer,Receiving Location,Receiver,Receiving antenna,,Frequência muito baixa para meteor scatter,0.024444521604555527,213.52739173789175
2025-01-05 14:50:00,1455.0,1.455,Observer,Receiving Location,Receiver,Receiving antenna,,Frequência muito baixa para meteor scatter,0.026252659957043865,206.0429264604811
2025-01-05 14:50:00,1457.0,1.457,Observer,Receiving Location,Receiver,Receiving antenna,,Frequência muito baixa para meteor scatter,0.026324881821022713,205.76009471516815
2025-01-05 14:50:00,1459.0,1.459,Observer,Receiving Location,Receiver,Receiving antenna,,Frequência muito baixa para meteor scatter,0.026397202890858673,205.47803838245375
2025-01-05 14:50:00,15002.0,15.002,Observer,Receiving Location,Receiver,Receiving antenna,,Frequência muito baixa para meteor scatter,2.7909088248570195,19.98349940007999
2025-01-05 15:00:00,44.25,0.04425,Observer,Receiving Location,Receiver,Receiving antenna,,Frequência muito baixa para meteor scatter,2.4281408574362226e-05,6774.970802259887
2025-01-05 15:00:00,1503.0,1.503,Observer,Receiving Location,Receiver,Receiving antenna,,Frequência muito baixa para meteor scatter,0.02801336550909965,199.4627132401863
2025-01-05 15:00:00,15042.0,15.042,Observer,Receiving Location,Receiver,Receiving antenna,,Frequência muito baixa para meteor scatter,2.805811528712655,19.930358861853477
2025-01-05 15:00:00,15052.0,15.052,Observer,Receiving Location,Receiver,Receiving antenna,,Frequência muito baixa para meteor scatter,2.8095434050426333,19.91711785809195
2025-01-05 15:00:00,508.0,0.508,Observer,Receiving Location,Receiver,Receiving antenna,,Frequência muito baixa para meteor scatter,0.0032001825387770895,590.1426338582677
2025-01-05 15:10:00,44.25,0.04425,Observer,Receiving Location,Receiver,Receiving antenna,,Frequência muito baixa para meteor scatter,2.4281408574362226e-05,6774.970802259887
2025-01-05 15:10:00,1512.0,1.512,Observer,Receiving Location,Receiver,Receiving antenna,,Frequência muito baixa para meteor scatter,0.02834985937569754,198.2754351851852
2025-01-05 15:10:00,1513.0,1.513,Observer,Receiving Location,Receiver,Receiving antenna,,Frequência muito baixa para meteor scatter,0.02838737159041869,198.14438730998017
2025-01-05 15:10:00,1514.0,1.514,Observer,Receiving Location,Receiver,Receiving antenna,,Frequência muito baixa para meteor scatter,0.02842490860660413,198.01351254953764
2025-01-05 15:10:00,1515.0,1.515,Observer,Receiving Location,Receiver,Receiving antenna,,Frequência muito baixa para meteor scatter,0.02846247042425384,197.88281056105612
2025-01-05 15:10:00,1519.0,1.519,Observer,Receiving Location,Receiver,Receiving antenna,,Frequência muito baixa para meteor scatter,0.028612965709495484,197.36172350230416
2025-01-05 15:20:00,44.25,0.04425,Observer,Receiving Location,Receiver,Receiving antenna,,Frequência muito baixa para meteor scatter,2.4281408574362226e-05,6774.970802259887
2025-01-05 15:20:00,1074.0,1.074,Observer,Receiving Location,Receiver,Receiving antenna,,Frequência muito baixa para meteor scatter,0.014303946905025273,279.1363668528864
2025-01-05 15:20:00,1522.0,1.522,Observer,Receiving Location,Receiver,Receiving antenna,,Frequência muito baixa para meteor scatter,0.028726097588801635,196.97270565045991
2025-01-05 15:20:00,1523.0,1.523,Observer,Receiving Location,Receiver,Receiving antenna,,Frequência muito baixa para meteor scatter,0.02876385781816558,196.8433736047275
2025-01-05 15:20:00,1524.0,1.524,Observer,Receiving Location,Receiver,Receiving antenna,,Frequência muito baixa para meteor scatter,0.028801642848993805,196.71421128608924
2025-01-05 15:20:00,1525.0,1.525,Observer,Receiving Location,Receiver,Receiving antenna,,Frequência muito baixa para meteor scatter,0.028839452681286296,196.58521836065574
2025-01-05 15:20:00,527.0,0.527,Observer,Receiving Location,Receiver,Receiving antenna,,Frequência muito baixa para meteor scatter,0.0034440429362949587,568.8661442125237
2025-01-05 15:20:00,1528.0,1.528,Observer,Receiving Location,Receiver,Receiving antenna,,Frequência muito baixa para meteor scatter,0.02895303098694947,196.19925261780105
2025-01-05 15:20:00,529.0,0.529,Observer,Receiving Location,Receiver,Receiving antenna,,Frequência muito baixa para meteor scatter,0.003470233282573003,566.7154215500946
2025-01-05 15:30:00,44.25,0.04425,Observer,Receiving Location,Receiver,Receiving antenna,,Frequência muito baixa para meteor scatter,2.4281408574362226e-05,6774.970802259887
2025-01-05 15:30:00,1532.0,1.532,Observer,Receiving Location,Receiver,Receiving antenna,,Frequência muito baixa para meteor scatter,0.029104815948333584,195.68698302872062
2025-01-05 15:30:00,1533.0,1.533,Observer,Receiving Location,Receiver,Receiving antenna,,Frequência muito baixa para meteor scatter,0.029142824192340305,195.55933333333334
2025-01-05 15:30:00,535.0,0.535,Observer,Receiving Location,Receiver,Receiving antenna,,Frequência muito baixa para meteor scatter,0.003549399556549819,560.3597345794393
2025-01-05 15:30:00,1536.0,1.536,Observer,Receiving Location,Receiver,Receiving antenna,,Frequência muito baixa para meteor scatter,0.029256997733146165,195.17738151041667
